model,t_clean,scope,points,B_per_coordinate,W_per_coordinate,mean_point_ratio,ratio_of_mean_traces,last_point,last_ratio
deco_b_velocity,0.25,workspace,24,0.09795373978646309,0.09009960987361151,1.4127571248312556,1.087171630641565,workspace/b12_mlp,3.26084126829988
deco_b_velocity,0.5,workspace,24,0.14909963563798964,0.034830280476627326,4.437118865143135,4.280747487464023,workspace/b12_mlp,6.323242238046697
deco_b_velocity,0.75,workspace,24,0.19643149123727077,0.01029015874288925,19.066825603325793,19.089257624233415,workspace/b12_mlp,16.152055515188852
dip_b_velocity,0.25,workspace,24,0.1206472255977748,0.08347348778321274,1.7164317101846671,1.4453358641381464,workspace/b12_mlp,4.419599957771438
dip_b_velocity,0.5,workspace,24,0.16163830775524135,0.048505339636659504,3.5569577798808547,3.3323817329397256,workspace/b12_mlp,3.4993243990852863
dip_b_velocity,0.75,workspace,24,0.18206576057861731,0.03571982221152809,11.244756039689912,5.097051141532783,workspace/b12_mlp,2.6179180037534806
hyperdit_b_velocity,0.25,workspace,16,0.21633566027069084,0.1889342152198105,1.1944640285315498,1.1450316715741555,workspace/b08_mlp,1.9167818362381386
hyperdit_b_velocity,0.5,workspace,16,0.2931431235633502,0.09936028310213765,3.0728819684657465,2.9503048341963054,workspace/b08_mlp,3.2227939978704816
hyperdit_b_velocity,0.75,workspace,16,0.3571531882238085,0.04382175325930602,12.252414068343832,8.150134617171283,workspace/b08_mlp,5.883811451924284
pixeldit_b_velocity,0.25,workspace,24,0.19698587397925993,0.08597369066483566,2.782377849634679,2.2912343585109074,workspace/b12_mlp,4.802275307494725
pixeldit_b_velocity,0.5,workspace,24,0.22394981343523704,0.031886715436199996,7.872455126348163,7.023295136287188,workspace/b12_mlp,9.061253211261278
pixeldit_b_velocity,0.75,workspace,24,0.24117045492211567,0.009660890177933036,28.83157838170016,24.963585185243716,workspace/b12_mlp,22.379748699032262
plain_jit_clean,0.25,workspace,24,0.13717011947239804,0.11563711984293211,1.5008114283367735,1.1862118293737671,workspace/b12_mlp,3.8956098803130144
plain_jit_clean,0.5,workspace,24,0.19194759888362994,0.04461345592914349,4.392906656395912,4.30245975986454,workspace/b12_mlp,7.028294054515765
plain_jit_clean,0.75,workspace,24,0.23418724607519592,0.013602981352646811,17.68728393671395,17.21587643209029,workspace/b12_mlp,15.82887663803621
plain_jit_velocity,0.25,workspace,24,0.08110091628226,0.16414997330449843,1.042940562334687,0.49406597302222943,workspace/b12_mlp,0.9437894709490496
plain_jit_velocity,0.5,workspace,24,0.14234323136237434,0.13268551626162506,1.8944923531806117,1.0727865058135397,workspace/b12_mlp,1.646608860326979
plain_jit_velocity,0.75,workspace,24,0.2205091732076963,0.07103370088922585,3.903063568110043,3.1042895195841105,workspace/b12_mlp,2.7075390259759895
raev1-g2a-01-jit-b-clean-epoch200,0.25,workspace,24,0.28603558241649074,0.1696837219646623,4.457698016822309,1.6856984223628677,workspace/b12_mlp,19.472508930178826
raev1-g2a-01-jit-b-clean-epoch200,0.5,workspace,24,0.2559736616738473,0.053630222678928065,8.557604642375937,4.77293676750707,workspace/b12_mlp,35.184384202268866
raev1-g2a-01-jit-b-clean-epoch200,0.75,workspace,24,0.17485170109282355,0.008942947477591433,20.707376914760122,19.551909650700043,workspace/b12_mlp,48.14418225691917
raev1-g2a-02-jit-b-velocity-epoch200,0.25,workspace,24,0.3597915574281125,0.2522111530986464,2.052859369080852,1.426548957124781,workspace/b12_mlp,1.9666953873095951
raev1-g2a-02-jit-b-velocity-epoch200,0.5,workspace,24,0.4180717969416576,0.13101518423948974,3.753816165490706,3.1910178913112968,workspace/b12_mlp,2.8951710142214484
raev1-g2a-02-jit-b-velocity-epoch200,0.75,workspace,24,0.443211347463295,0.03326239360309633,13.624027271945998,13.324697938215646,workspace/b12_mlp,7.8615122896808725
raev1-g2b-01-jit-b-mhc4-clean-epoch200,0.25,workspace,24,0.2269601571322613,0.20625038023748432,4.452315915933776,1.1004108543748186,workspace/b12_mlp,18.72956313352998
raev1-g2b-01-jit-b-mhc4-clean-epoch200,0.5,workspace,24,0.28805169034470496,0.08751206656334963,9.877412034030431,3.291565399569047,workspace/b12_mlp,36.73345285062404
raev1-g2b-01-jit-b-mhc4-clean-epoch200,0.75,workspace,24,0.28612257097275384,0.015619059423697238,30.44682163575834,18.318809296457932,workspace/b12_mlp,75.79951754930559
raev1-g2b-02-jit-b-mhc4-velocity-epoch200,0.25,workspace,24,0.2501038293268944,0.19188687804709947,4.836567825725256,1.3033920394780998,workspace/b12_mlp,17.283423684497052
raev1-g2b-02-jit-b-mhc4-velocity-epoch200,0.5,workspace,24,0.27912373879685615,0.08241608994278991,11.329094020278582,3.3867626939183006,workspace/b12_mlp,33.18436731916315
raev1-g2b-02-jit-b-mhc4-velocity-epoch200,0.75,workspace,24,0.27610113039467327,0.017398746655804608,39.46042594819941,15.869024123215208,workspace/b12_mlp,65.35833337333231
sihc_sublayer_p4,0.25,carrier,24,0.21636980219718308,0.23380085817580487,1.2064956085879364,0.9254448588656821,carrier/b12_mlp,2.1673017385053845
sihc_sublayer_p4,0.25,workspace,24,0.09362835358319027,0.08426795398104749,1.8768934694753394,1.1110789945635562,workspace/b12_mlp,2.3430237294744805
sihc_sublayer_p4,0.5,carrier,24,0.28948177310008866,0.12805159103177977,2.6326120420711416,2.2606651800854647,carrier/b12_mlp,3.3400161205714114
sihc_sublayer_p4,0.5,workspace,24,0.12090197607948121,0.047564602164494735,4.188881379211813,2.5418477308263956,workspace/b12_mlp,3.4317983109955406
sihc_sublayer_p4,0.75,carrier,24,0.3380394352644646,0.04660284010860806,7.923420278285409,7.253623051227408,carrier/b12_mlp,6.7302299786442195
sihc_sublayer_p4,0.75,workspace,24,0.14032926604143056,0.017342138664621122,12.976614633524207,8.09180855690594,workspace/b12_mlp,6.612859521738576
