model,t,dimension,total_variance,r90,r95,r99
deco_b,0.1,768,3089.7550394442933,24,78,339
deco_b,0.2,768,4352.446368701894,49,138,444
deco_b,0.3,768,5555.14744543319,68,175,482
deco_b,0.4,768,6743.543670603262,82,196,498
deco_b,0.5,768,7928.680496300427,92,209,501
deco_b,0.6,768,9092.105348629666,99,215,495
deco_b,0.7,768,10195.453157708725,102,216,480
deco_b,0.8,768,11184.2068904778,102,213,457
deco_b,0.9,768,11862.999779053327,97,203,427
pixeldit_b,0.1,768,272552.98187197774,44,104,364
pixeldit_b,0.2,768,339556.96318148804,83,183,465
pixeldit_b,0.3,768,379447.42576684064,113,228,499
pixeldit_b,0.4,768,406302.8208969054,127,248,511
pixeldit_b,0.5,768,424531.0462098312,130,251,512
pixeldit_b,0.6,768,438758.8178312021,120,239,502
pixeldit_b,0.7,768,457904.0972957587,99,210,478
pixeldit_b,0.8,768,499359.3981183524,68,159,429
pixeldit_b,0.9,768,608712.5821604049,35,89,329
dip_b,0.1,768,7713.558838200316,10,20,202
dip_b,0.2,768,8021.980640972561,27,105,398
dip_b,0.3,768,9424.74240529013,89,225,469
dip_b,0.4,768,11728.04839285691,179,295,500
dip_b,0.5,768,14835.104558008987,236,335,506
dip_b,0.6,768,18848.842954963915,267,351,508
dip_b,0.7,768,23899.739926346225,284,360,511
dip_b,0.8,768,30156.891510742116,297,370,515
dip_b,0.9,768,38489.76574040436,309,383,526
