model,run_id,epoch,eval_global_step,fid_50k,wandb_step,wandb_step_min,wandb_step_max
DeCo,bsize_deco_b16_velocity_seed0,40,50040,63.84349059936375,25362,684,50040
DeCo,bsize_deco_b16_velocity_seed0,80,100080,19.423702864125573,100080,100080,100080
DeCo,bsize_deco_b16_velocity_seed0,120,150120,12.637235254356654,150120,150120,150120
DeCo,bsize_deco_b16_velocity_seed0,160,200160,9.54145582020999,200160,200160,200160
DeCo,bsize_deco_b16_velocity_seed0,200,250200,8.069581201761252,250202,250202,250202
DiP,bsize_dip_b16_velocity_seed0,40,50040,82.12549642069416,50042,50042,50042
DiP,bsize_dip_b16_velocity_seed0,80,100080,27.73917073924588,100082,100082,100082
DiP,bsize_dip_b16_velocity_seed0,120,150120,19.544976202396015,150122,150122,150122
DiP,bsize_dip_b16_velocity_seed0,160,200160,15.886002051402272,200162,200162,200162
DiP,bsize_dip_b16_velocity_seed0,200,250200,13.305966600360875,250202,250202,250202
PixelDiT,bsize_pixeldit_b16_velocity_seed0,40,50040,67.4388264580025,50040,50040,50040
PixelDiT,bsize_pixeldit_b16_velocity_seed0,80,100080,14.834686547080764,100080,100080,100080
PixelDiT,bsize_pixeldit_b16_velocity_seed0,120,150120,9.440873319785226,150120,150120,150120
PixelDiT,bsize_pixeldit_b16_velocity_seed0,160,200160,7.352734450763023,200160,200160,200160
PixelDiT,bsize_pixeldit_b16_velocity_seed0,200,250200,6.330378998614265,250202,250202,250202
