epoch,step,fid,inception_score_mean,cfg,sampler,interval_min,interval_max,state,num_samples,fid_stats
40,50040,79.31641204,20.13795834,2.9,heun-50,0.1,1.0,ema,50000,jit_in256_stats.npz
80,100080,24.87674966,72.90045863,2.9,heun-50,0.1,1.0,ema,50000,jit_in256_stats.npz
120,150120,15.46538735,109.7452497,2.9,heun-50,0.1,1.0,ema,50000,jit_in256_stats.npz
160,200160,11.84315276,133.7832287,2.9,heun-50,0.1,1.0,ema,50000,jit_in256_stats.npz
200,250200,9.988907886,149.2907064,2.9,heun-50,0.1,1.0,ema,50000,jit_in256_stats.npz
240,300240,9.017195853,158.1007068,2.9,heun-50,0.1,1.0,ema,50000,jit_in256_stats.npz
280,350280,8.094125492,169.3931624,2.9,heun-50,0.1,1.0,ema,50000,jit_in256_stats.npz
320,400320,7.502046421,176.0045528,2.9,heun-50,0.1,1.0,ema,50000,jit_in256_stats.npz
360,450360,7.135087278,180.6130576,2.9,heun-50,0.1,1.0,ema,50000,jit_in256_stats.npz
400,500400,6.703120319,187.4649617,2.9,heun-50,0.1,1.0,ema,50000,jit_in256_stats.npz
