source,label,noise_fraction,threshold,dimension,n_clear,fraction_clear,clear_signal_variance,clear_signal_share,scalar_snr,median_snr,snr_at_mode_8,snr_at_mode_64,snr_at_mode_128
rgb_patch16,Pixel RGB p16,0.01,0.1,768,768,1.0,231.6137671533371,1.0,3015.804259809077,20.781993320909244,21423.757892031008,812.3236818704227,302.053972235972
rgb_patch16,Pixel RGB p16,0.01,1.0,768,746,0.9713541666666666,231.61207088060712,0.9999926762871186,3015.804259809077,20.781993320909244,21423.757892031008,812.3236818704227,302.053972235972
rgb_patch16,Pixel RGB p16,0.01,10.0,768,458,0.5963541666666666,231.49029689152067,0.9994669131143025,3015.804259809077,20.781993320909244,21423.757892031008,812.3236818704227,302.053972235972
rgb_patch16,Pixel RGB p16,0.02,0.1,768,768,1.0,226.95833279671967,1.0,738.7966562393219,5.091068866799621,5248.285144247164,198.99899603824963,73.99567261897447
rgb_patch16,Pixel RGB p16,0.02,1.0,768,587,0.7643229166666666,226.9191820847658,0.9998274982395603,738.7966562393219,5.091068866799621,5248.285144247164,198.99899603824963,73.99567261897447
rgb_patch16,Pixel RGB p16,0.02,10.0,768,323,0.4205729166666667,226.554172921641,0.9982192331513086,738.7966562393219,5.091068866799621,5248.285144247164,198.99899603824963,73.99567261897447
rgb_patch16,Pixel RGB p16,0.03,0.1,768,750,0.9765625,222.3489071826678,0.99999435777161,321.6871552851025,2.216755378208971,2285.2105568152883,86.64822776268643,32.21922734378874
rgb_patch16,Pixel RGB p16,0.03,1.0,768,468,0.609375,222.24089522374652,0.9995085836301414,321.6871552851025,2.216755378208971,2285.2105568152883,86.64822776268643,32.21922734378874
rgb_patch16,Pixel RGB p16,0.03,10.0,768,246,0.3203125,221.47725519802412,0.9960741807955747,321.6871552851025,2.216755378208971,2285.2105568152883,86.64822776268643,32.21922734378874
rgb_patch16,Pixel RGB p16,0.04,0.1,768,707,0.9205729166666666,217.78271954085778,0.9999699965843589,177.23734860218636,1.2213476331847488,1259.063824692364,47.73986743774752,17.75156494316089
rgb_patch16,Pixel RGB p16,0.04,1.0,768,402,0.5234375,217.60436008128076,0.9991510422221394,177.23734860218636,1.2213476331847488,1259.063824692364,47.73986743774752,17.75156494316089
rgb_patch16,Pixel RGB p16,0.04,10.0,768,180,0.234375,216.15764688686207,0.9925083214813415,177.23734860218636,1.2213476331847488,1259.063824692364,47.73986743774752,17.75156494316089
rgb_patch16,Pixel RGB p16,0.05,0.1,768,649,0.8450520833333334,213.25769910157777,0.9999160223567223,111.08104660657858,0.765462665936969,789.1007651283737,29.920298862893834,11.125546778612984
rgb_patch16,Pixel RGB p16,0.05,1.0,768,361,0.4700520833333333,213.01339964334105,0.9987705587060636,111.08104660657858,0.765462665936969,789.1007651283737,29.920298862893834,11.125546778612984
rgb_patch16,Pixel RGB p16,0.05,10.0,768,136,0.17708333333333334,210.81599016203955,0.988467413931978,111.08104660657858,0.765462665936969,789.1007651283737,29.920298862893834,11.125546778612984
rgb_patch16,Pixel RGB p16,0.1,0.1,768,435,0.56640625,191.2931721131667,0.9993565628751819,24.924002147182453,0.1717520109166053,177.0558503473637,6.713418858433244,2.4963138201320003
rgb_patch16,Pixel RGB p16,0.1,1.0,768,214,0.2786458333333333,190.38504121319247,0.9946122922626265,24.924002147182453,0.1717520109166053,177.0558503473637,6.713418858433244,2.4963138201320003
rgb_patch16,Pixel RGB p16,0.1,10.0,768,49,0.06380208333333333,185.2059886523537,0.9675558107950714,24.924002147182453,0.1717520109166053,177.0558503473637,6.713418858433244,2.4963138201320003
rgb_patch16,Pixel RGB p16,0.15,0.1,768,350,0.4557291666666667,170.50538344178702,0.9986338044489065,9.880708670145033,0.06808824575431953,70.19086522686985,2.6614239370194896,0.9896223511908753
rgb_patch16,Pixel RGB p16,0.15,1.0,768,126,0.1640625,168.5573369176676,0.9872242813455554,9.880708670145033,0.06808824575431953,70.19086522686985,2.6614239370194896,0.9896223511908753
rgb_patch16,Pixel RGB p16,0.15,10.0,768,25,0.032552083333333336,162.04519777934865,0.949083302148729,9.880708670145033,0.06808824575431953,70.19086522686985,2.6614239370194896,0.9896223511908753
rgb_patch16,Pixel RGB p16,0.2,0.1,768,288,0.375,150.85713227569522,0.9974517407297727,4.923259683394066,0.033926323144020804,34.97399513034345,1.32610742882632,0.4930990261989136
rgb_patch16,Pixel RGB p16,0.2,1.0,768,79,0.10286458333333333,147.99120587250783,0.9785025320543851,4.923259683394066,0.033926323144020804,34.97399513034345,1.32610742882632,0.4930990261989136
rgb_patch16,Pixel RGB p16,0.2,10.0,768,14,0.018229166666666668,140.39268560172016,0.9282619026805181,4.923259683394066,0.033926323144020804,34.97399513034345,1.32610742882632,0.4930990261989136
rgb_patch16,Pixel RGB p16,0.25,0.1,768,225,0.29296875,132.2846059923392,0.9951597450960542,2.769333571909162,0.0190835567685117,19.67287226081819,0.745935428714805,0.2773682022368889
rgb_patch16,Pixel RGB p16,0.25,1.0,768,54,0.0703125,128.94671060726054,0.9700491957947656,2.769333571909162,0.0190835567685117,19.67287226081819,0.745935428714805,0.2773682022368889
rgb_patch16,Pixel RGB p16,0.25,10.0,768,9,0.01171875,120.92057423913157,0.9096696243223604,2.769333571909162,0.0190835567685117,19.67287226081819,0.745935428714805,0.2773682022368889
rgb_patch16,Pixel RGB p16,0.3,0.1,768,175,0.22786458333333334,114.88372065626002,0.9921296553052763,1.6752758644882584,0.011544373847618191,11.900873342964092,0.45124488897562287,0.16779064085935258
rgb_patch16,Pixel RGB p16,0.3,1.0,768,34,0.044270833333333336,110.92105235657222,0.957908264216963,1.6752758644882584,0.011544373847618191,11.900873342964092,0.45124488897562287,0.16779064085935258
rgb_patch16,Pixel RGB p16,0.3,10.0,768,8,0.010416666666666666,104.71104758914245,0.9042789958214107,1.6752758644882584,0.011544373847618191,11.900873342964092,0.45124488897562287,0.16779064085935258
rgb_patch16,Pixel RGB p16,0.35,0.1,768,131,0.17057291666666666,98.63225069142047,0.9878664792029077,1.06126388583367,0.0073131997593616285,7.539037215596995,0.28585734116281647,0.1062930298821638
rgb_patch16,Pixel RGB p16,0.35,1.0,768,26,0.033854166666666664,94.88731562941831,0.9503585060135116,1.06126388583367,0.0073131997593616285,7.539037215596995,0.28585734116281647,0.1062930298821638
rgb_patch16,Pixel RGB p16,0.35,10.0,768,5,0.006510416666666667,87.17013734159028,0.87306591975358,1.06126388583367,0.0073131997593616285,7.539037215596995,0.28585734116281647,0.1062930298821638
rgb_patch16,Pixel RGB p16,0.4,0.1,768,99,0.12890625,83.62349560584306,0.9829509255215597,0.6923333929772904,0.004770889192127923,4.918218065204546,0.1864838571787012,0.06934205055922221
rgb_patch16,Pixel RGB p16,0.4,1.0,768,20,0.026041666666666668,80.12429398822529,0.9418196209318052,0.6923333929772904,0.004770889192127923,4.918218065204546,0.1864838571787012,0.06934205055922221
rgb_patch16,Pixel RGB p16,0.4,10.0,768,4,0.005208333333333333,72.91431570258236,0.8570700564999654,0.6923333929772904,0.004770889192127923,4.918218065204546,0.1864838571787012,0.06934205055922221
rgb_patch16,Pixel RGB p16,0.45,0.1,768,75,0.09765625,69.8706610087419,0.9774071051590424,0.4596561895761435,0.003167503935514288,3.2653189897928687,0.12381095593208699,0.04603779488431216
rgb_patch16,Pixel RGB p16,0.45,1.0,768,13,0.016927083333333332,66.16409379269275,0.9255566563381454,0.4596561895761435,0.003167503935514288,3.2653189897928687,0.12381095593208699,0.04603779488431216
rgb_patch16,Pixel RGB p16,0.45,10.0,768,4,0.005208333333333333,61.268279166753246,0.8570700564999654,0.4596561895761435,0.003167503935514288,3.2653189897928687,0.12381095593208699,0.04603779488431216
rgb_patch16,Pixel RGB p16,0.5,0.1,768,55,0.07161458333333333,57.33599606372133,0.9704951554947948,0.3077037302121291,0.0021203951965013002,2.1858746956464654,0.082881714301645,0.0308186891374321
rgb_patch16,Pixel RGB p16,0.5,1.0,768,11,0.014322916666666666,54.26051088469083,0.9184380941030647,0.3077037302121291,0.0021203951965013002,2.1858746956464654,0.082881714301645,0.0308186891374321
rgb_patch16,Pixel RGB p16,0.5,10.0,768,2,0.0026041666666666665,46.30246119364784,0.7837365243638608,0.3077037302121291,0.0021203951965013002,2.1858746956464654,0.082881714301645,0.0308186891374321
rgb_patch16,Pixel RGB p16,0.55,0.1,768,44,0.057291666666666664,46.16722873958783,0.9647500226170629,0.20598348881968967,0.0014194381067488037,1.4632714904740796,0.055482800482919356,0.02063069272836363
rgb_patch16,Pixel RGB p16,0.55,1.0,768,8,0.010416666666666666,43.27344313632928,0.9042789958214107,0.20598348881968967,0.0014194381067488037,1.4632714904740796,0.055482800482919356,0.02063069272836363
rgb_patch16,Pixel RGB p16,0.55,10.0,768,2,0.0026041666666666665,37.504993566854736,0.7837365243638608,0.20598348881968967,0.0014194381067488037,1.4632714904740796,0.055482800482919356,0.02063069272836363
rgb_patch16,Pixel RGB p16,0.6,0.1,768,30,0.0390625,36.08604441325504,0.954388759035218,0.13675721342761296,0.0009423978651116891,0.9714998647317626,0.03683631746739778,0.013697195172192048
rgb_patch16,Pixel RGB p16,0.6,1.0,768,7,0.009114583333333334,33.84162252678391,0.8950292184202913,0.13675721342761296,0.0009423978651116891,0.9714998647317626,0.03683631746739778,0.013697195172192048
rgb_patch16,Pixel RGB p16,0.6,10.0,768,1,0.0013020833333333333,26.93499804384631,0.7123656742006356,0.13675721342761296,0.0009423978651116891,0.9714998647317626,0.03683631746739778,0.013697195172192048
rgb_patch16,Pixel RGB p16,0.65,0.1,768,23,0.029947916666666668,27.39545469162996,0.9463427146988771,0.0892158744402031,0.0006147891398139864,0.6337743200395077,0.024030792904027244,0.008935596258782088
rgb_patch16,Pixel RGB p16,0.65,1.0,768,5,0.006510416666666667,25.27418183276877,0.87306591975358,0.0892158744402031,0.0006147891398139864,0.6337743200395077,0.024030792904027244,0.008935596258782088
rgb_patch16,Pixel RGB p16,0.65,10.0,768,1,0.0013020833333333333,20.622107877319824,0.7123656742006356,0.0892158744402031,0.0006147891398139864,0.6337743200395077,0.024030792904027244,0.008935596258782088
rgb_patch16,Pixel RGB p16,0.7,0.1,768,17,0.022135416666666668,19.89654091094029,0.9354941771517998,0.05651701167161557,0.0003894603422145246,0.4014871889962897,0.015223172014587862,0.005660575555854878
rgb_patch16,Pixel RGB p16,0.7,1.0,768,4,0.005208333333333333,18.228578925645596,0.8570700564999654,0.05651701167161557,0.0003894603422145246,0.4014871889962897,0.015223172014587862,0.005660575555854878
rgb_patch16,Pixel RGB p16,0.7,10.0,768,1,0.0013020833333333333,15.15093639966355,0.7123656742006356,0.05651701167161557,0.0003894603422145246,0.4014871889962897,0.015223172014587862,0.005660575555854878
rgb_patch16,Pixel RGB p16,0.75,0.1,768,12,0.015625,13.625622963073322,0.9225339740546248,0.03418930335690323,0.00023559946627792222,0.24287496618294058,0.009209079366849443,0.003424298793048011
rgb_patch16,Pixel RGB p16,0.75,1.0,768,3,0.00390625,12.162218088948952,0.8234529472395136,0.03418930335690323,0.00023559946627792222,0.24287496618294058,0.009209079366849443,0.003424298793048011
rgb_patch16,Pixel RGB p16,0.75,10.0,768,1,0.0013020833333333333,10.521483610877462,0.7123656742006356,0.03418930335690323,0.00023559946627792222,0.24287496618294058,0.009209079366849443,0.003424298793048011
rgb_patch16,Pixel RGB p16,0.8,0.1,768,8,0.010416666666666666,8.54784061952183,0.9042789958214107,0.019231483138258055,0.0001325246997813312,0.13661716847790403,0.00518010714385281,0.0019261680710895054
rgb_patch16,Pixel RGB p16,0.8,1.0,768,2,0.0026041666666666665,7.40839379098365,0.7837365243638608,0.019231483138258055,0.0001325246997813312,0.13661716847790403,0.00518010714385281,0.0019261680710895054
rgb_patch16,Pixel RGB p16,0.8,10.0,768,1,0.0013020833333333333,6.733749510961572,0.7123656742006356,0.019231483138258055,0.0001325246997813312,0.13661716847790403,0.00518010714385281,0.0019261680710895054
rgb_patch16,Pixel RGB p16,0.85,0.1,768,5,0.006510416666666667,4.642196663161613,0.87306591975358,0.00958246910695212,6.60330684031547e-05,0.0680722223557723,0.0025810914488401566,0.000959751564833526
rgb_patch16,Pixel RGB p16,0.85,1.0,768,1,0.0013020833333333333,3.7877340999158875,0.7123656742006356,0.00958246910695212,6.60330684031547e-05,0.0680722223557723,0.0025810914488401566,0.000959751564833526
rgb_patch16,Pixel RGB p16,0.85,10.0,768,0,0.0,0.0,0.0,0.00958246910695212,6.60330684031547e-05,0.0680722223557723,0.0025810914488401566,0.000959751564833526
rgb_patch16,Pixel RGB p16,0.9,0.1,768,3,0.00390625,1.9459548942318314,0.8234529472395136,0.003798811484100357,2.6177718475324676e-05,0.02698610735366005,0.0010232310407610487,0.000380477643672001
rgb_patch16,Pixel RGB p16,0.9,1.0,768,1,0.0013020833333333333,1.683437377740393,0.7123656742006356,0.003798811484100357,2.6177718475324676e-05,0.02698610735366005,0.0010232310407610487,0.000380477643672001
rgb_patch16,Pixel RGB p16,0.9,10.0,768,0,0.0,0.0,0.0,0.003798811484100357,2.6177718475324676e-05,0.02698610735366005,0.0010232310407610487,0.000380477643672001
rgb_patch16,Pixel RGB p16,0.95,0.1,768,1,0.0013020833333333333,0.42085934443509926,0.7123656742006356,0.0008523649036347082,5.873670904435746e-06,0.006055054558577479,0.0002295892362926459,8.537033002058771e-05
rgb_patch16,Pixel RGB p16,0.95,1.0,768,0,0.0,0.0,0.0,0.0008523649036347082,5.873670904435746e-06,0.006055054558577479,0.0002295892362926459,8.537033002058771e-05
rgb_patch16,Pixel RGB p16,0.95,10.0,768,0,0.0,0.0,0.0,0.0008523649036347082,5.873670904435746e-06,0.006055054558577479,0.0002295892362926459,8.537033002058771e-05
vae_latent_patch2,VAE latent p2,0.01,0.1,16,16,1.0,10.851771041362497,1.0,6782.356900851561,4551.282011593524,4680.728107546678,947.594635739446,947.594635739446
vae_latent_patch2,VAE latent p2,0.01,1.0,16,16,1.0,10.851771041362497,1.0,6782.356900851561,4551.282011593524,4680.728107546678,947.594635739446,947.594635739446
vae_latent_patch2,VAE latent p2,0.01,10.0,16,16,1.0,10.851771041362497,1.0,6782.356900851561,4551.282011593524,4680.728107546678,947.594635739446,947.594635739446
vae_latent_patch2,VAE latent p2,0.02,0.1,16,16,1.0,10.633650554152169,1.0,1661.5078990862762,1114.950322399352,1146.6613800856621,232.13699830735737,232.13699830735737
vae_latent_patch2,VAE latent p2,0.02,1.0,16,16,1.0,10.633650554152169,1.0,1661.5078990862762,1114.950322399352,1146.6613800856621,232.13699830735737,232.13699830735737
vae_latent_patch2,VAE latent p2,0.02,10.0,16,16,1.0,10.633650554152169,1.0,1661.5078990862762,1114.950322399352,1146.6613800856621,232.13699830735737,232.13699830735737
vae_latent_patch2,VAE latent p2,0.03,0.1,16,16,1.0,10.417744488131795,1.0,723.4544783424858,485.47214509951897,499.27978736757814,101.07719084982766,101.07719084982766
vae_latent_patch2,VAE latent p2,0.03,1.0,16,16,1.0,10.417744488131795,1.0,723.4544783424858,485.47214509951897,499.27978736757814,101.07719084982766,101.07719084982766
vae_latent_patch2,VAE latent p2,0.03,10.0,16,16,1.0,10.417744488131795,1.0,723.4544783424858,485.47214509951897,499.27978736757814,101.07719084982766,101.07719084982766
vae_latent_patch2,VAE latent p2,0.04,0.1,16,16,1.0,10.204052843301374,1.0,398.5958141914599,267.47662878051926,275.08411284020883,55.68967556228149,55.68967556228149
vae_latent_patch2,VAE latent p2,0.04,1.0,16,16,1.0,10.204052843301374,1.0,398.5958141914599,267.47662878051926,275.08411284020883,55.68967556228149,55.68967556228149
vae_latent_patch2,VAE latent p2,0.04,10.0,16,16,1.0,10.204052843301374,1.0,398.5958141914599,267.47662878051926,275.08411284020883,55.68967556228149,55.68967556228149
vae_latent_patch2,VAE latent p2,0.05,0.1,16,16,1.0,9.992575619660904,1.0,249.81439049152257,167.63726213501292,172.4051471099225,34.90273069094377,34.90273069094377
vae_latent_patch2,VAE latent p2,0.05,1.0,16,16,1.0,9.992575619660904,1.0,249.81439049152257,167.63726213501292,172.4051471099225,34.90273069094377,34.90273069094377
vae_latent_patch2,VAE latent p2,0.05,10.0,16,16,1.0,9.992575619660904,1.0,249.81439049152257,167.63726213501292,172.4051471099225,34.90273069094377,34.90273069094377
vae_latent_patch2,VAE latent p2,0.1,0.1,16,16,1.0,8.968405819307849,1.0,56.05253637067405,37.61390092226053,38.68370336815436,7.831360625945834,7.831360625945834
vae_latent_patch2,VAE latent p2,0.1,1.0,16,16,1.0,8.968405819307849,1.0,56.05253637067405,37.61390092226053,38.68370336815436,7.831360625945834,7.831360625945834
vae_latent_patch2,VAE latent p2,0.1,10.0,16,15,0.9375,8.89009221304839,0.991267834235282,56.05253637067405,37.61390092226053,38.68370336815436,7.831360625945834,7.831360625945834
vae_latent_patch2,VAE latent p2,0.15,0.1,16,16,1.0,7.999596548703605,1.0,22.22110152417668,14.911409281938674,15.335514778321828,3.104613471739844,3.104613471739844
vae_latent_patch2,VAE latent p2,0.15,1.0,16,16,1.0,7.999596548703605,1.0,22.22110152417668,14.911409281938674,15.335514778321828,3.104613471739844,3.104613471739844
vae_latent_patch2,VAE latent p2,0.15,10.0,16,10,0.625,7.208230339149612,0.9010742348397258,22.22110152417668,14.911409281938674,15.335514778321828,3.104613471739844,3.104613471739844
vae_latent_patch2,VAE latent p2,0.2,0.1,16,16,1.0,7.086147807848178,1.0,11.072105949762776,7.429906355014425,7.641225356672467,1.5469354322855968,1.5469354322855968
vae_latent_patch2,VAE latent p2,0.2,1.0,16,16,1.0,7.086147807848178,1.0,11.072105949762776,7.429906355014425,7.641225356672467,1.5469354322855968,1.5469354322855968
vae_latent_patch2,VAE latent p2,0.2,10.0,16,4,0.25,4.544579793591794,0.6413329099004257,11.072105949762776,7.429906355014425,7.641225356672467,1.5469354322855968,1.5469354322855968
vae_latent_patch2,VAE latent p2,0.25,0.1,16,16,1.0,6.228059596741561,1.0,6.228059596741561,4.1793223246956135,4.298189263128263,0.8701511806606482,0.8701511806606482
vae_latent_patch2,VAE latent p2,0.25,1.0,16,15,0.9375,6.173675147950272,0.991267834235282,6.228059596741561,4.1793223246956135,4.298189263128263,0.8701511806606482,0.8701511806606482
vae_latent_patch2,VAE latent p2,0.25,10.0,16,2,0.125,3.031088223491197,0.4866825977511555,6.228059596741561,4.1793223246956135,4.298189263128263,0.8701511806606482,0.8701511806606482
vae_latent_patch2,VAE latent p2,0.3,0.1,16,16,1.0,5.425331915383759,1.0,3.767591607905388,2.528232023581298,2.600139183867715,0.5263877512638491,0.5263877512638491
vae_latent_patch2,VAE latent p2,0.3,1.0,16,13,0.8125,5.236936812414179,0.9652749166488084,3.767591607905388,2.528232023581298,2.600139183867715,0.5263877512638491,0.5263877512638491
vae_latent_patch2,VAE latent p2,0.3,10.0,16,1,0.0625,2.0845844577508426,0.38423169130720186,3.767591607905388,2.528232023581298,2.600139183867715,0.5263877512638491,0.5263877512638491
vae_latent_patch2,VAE latent p2,0.35,0.1,16,16,1.0,4.677964763774773,1.0,2.3867167162116196,1.6015997117314262,1.647151894486795,0.33345929599013513,0.33345929599013513
vae_latent_patch2,VAE latent p2,0.35,1.0,16,10,0.625,4.215193520125553,0.9010742348397258,2.3867167162116196,1.6015997117314262,1.647151894486795,0.33345929599013513,0.33345929599013513
vae_latent_patch2,VAE latent p2,0.35,10.0,16,1,0.0625,1.7974223130606761,0.38423169130720186,2.3867167162116196,1.6015997117314262,1.647151894486795,0.33345929599013513,0.33345929599013513
vae_latent_patch2,VAE latent p2,0.4,0.1,16,16,1.0,3.9859581419145993,1.0,1.55701489918539,1.0448305811739034,1.0745473157820655,0.217537795165162,0.217537795165162
vae_latent_patch2,VAE latent p2,0.4,1.0,16,9,0.5625,3.4751499541018727,0.871848080279296,1.55701489918539,1.0448305811739034,1.0745473157820655,0.217537795165162,0.217537795165162
vae_latent_patch2,VAE latent p2,0.4,10.0,16,0,0.0,0.0,0.0,1.55701489918539,1.0448305811739034,1.0745473157820655,0.217537795165162,0.217537795165162
vae_latent_patch2,VAE latent p2,0.45,0.1,16,16,1.0,3.34931204980324,1.0,1.0337382869763085,0.6936872445653901,0.7134168735782166,0.14442838526740528,0.14442838526740528
vae_latent_patch2,VAE latent p2,0.45,1.0,16,4,0.25,2.148024043064871,0.6413329099004257,1.0337382869763085,0.6936872445653901,0.7134168735782166,0.14442838526740528,0.14442838526740528
vae_latent_patch2,VAE latent p2,0.45,10.0,16,0,0.0,0.0,0.0,1.0337382869763085,0.6936872445653901,0.7134168735782166,0.14442838526740528,0.14442838526740528
vae_latent_patch2,VAE latent p2,0.5,0.1,16,15,0.9375,2.7438556213112317,0.991267834235282,0.6920066218601735,0.46436914718840155,0.4775765847920292,0.0966834645178498,0.0966834645178498
vae_latent_patch2,VAE latent p2,0.5,1.0,16,3,0.1875,1.5976541395698365,0.577181666006029,0.6920066218601735,0.46436914718840155,0.4775765847920292,0.0966834645178498,0.0966834645178498
vae_latent_patch2,VAE latent p2,0.5,10.0,16,0,0.0,0.0,0.0,0.6920066218601735,0.46436914718840155,0.4775765847920292,0.0966834645178498,0.0966834645178498
vae_latent_patch2,VAE latent p2,0.55,0.1,16,13,0.8125,2.1642442949262675,0.9652749166488084,0.4632441022369755,0.31085868530793814,0.3197000278359864,0.06472198864418043,0.06472198864418043
vae_latent_patch2,VAE latent p2,0.55,1.0,16,1,0.0625,0.8614864340705013,0.38423169130720186,0.4632441022369755,0.31085868530793814,0.3197000278359864,0.06472198864418043,0.06472198864418043
vae_latent_patch2,VAE latent p2,0.55,10.0,16,0,0.0,0.0,0.0,0.4632441022369755,0.31085868530793814,0.3197000278359864,0.06472198864418043,0.06472198864418043
vae_latent_patch2,VAE latent p2,0.6,0.1,16,11,0.6875,1.6389636638924934,0.9251648192137786,0.3075584986045216,0.20638628763928962,0.21225625990756858,0.04297042867459992,0.04297042867459992
vae_latent_patch2,VAE latent p2,0.6,1.0,16,1,0.0625,0.6806806392655815,0.38423169130720186,0.3075584986045216,0.20638628763928962,0.21225625990756858,0.04297042867459992,0.04297042867459992
vae_latent_patch2,VAE latent p2,0.6,10.0,16,0,0.0,0.0,0.0,0.3075584986045216,0.20638628763928962,0.21225625990756858,0.04297042867459992,0.04297042867459992
vae_latent_patch2,VAE latent p2,0.65,0.1,16,9,0.5625,1.1825163038263315,0.871848080279296,0.20064097320206206,0.13463957522030578,0.13846895062017414,0.028032483795116213,0.028032483795116213
vae_latent_patch2,VAE latent p2,0.65,1.0,16,1,0.0625,0.5211461144377106,0.38423169130720186,0.20064097320206206,0.13463957522030578,0.13846895062017414,0.028032483795116213,0.028032483795116213
vae_latent_patch2,VAE latent p2,0.65,10.0,16,0,0.0,0.0,0.0,0.20064097320206206,0.13463957522030578,0.13846895062017414,0.028032483795116213,0.028032483795116213
vae_latent_patch2,VAE latent p2,0.7,0.1,16,5,0.3125,0.6904859190577214,0.6929183844625684,0.12710325707635844,0.08529229234072686,0.08771814822710744,0.0177581873604214,0.0177581873604214
vae_latent_patch2,VAE latent p2,0.7,1.0,16,0,0.0,0.0,0.0,0.12710325707635844,0.08529229234072686,0.08771814822710744,0.0177581873604214,0.0177581873604214
vae_latent_patch2,VAE latent p2,0.7,10.0,16,0,0.0,0.0,0.0,0.12710325707635844,0.08529229234072686,0.08771814822710744,0.0177581873604214,0.0177581873604214
vae_latent_patch2,VAE latent p2,0.75,0.1,16,3,0.1875,0.3994135348924591,0.577181666006029,0.07688962465113039,0.05159657190982239,0.05306406497689213,0.010742607168649977,0.010742607168649977
vae_latent_patch2,VAE latent p2,0.75,1.0,16,0,0.0,0.0,0.0,0.07688962465113039,0.05159657190982239,0.05306406497689213,0.010742607168649977,0.010742607168649977
vae_latent_patch2,VAE latent p2,0.75,10.0,16,0,0.0,0.0,0.0,0.07688962465113039,0.05159657190982239,0.05306406497689213,0.010742607168649977,0.010742607168649977
vae_latent_patch2,VAE latent p2,0.8,0.1,16,1,0.0625,0.17017015981639527,0.38423169130720186,0.043250413866260815,0.029023071699275083,0.02984853654950181,0.00604271653236561,0.00604271653236561
vae_latent_patch2,VAE latent p2,0.8,1.0,16,0,0.0,0.0,0.0,0.043250413866260815,0.029023071699275083,0.02984853654950181,0.00604271653236561,0.00604271653236561
vae_latent_patch2,VAE latent p2,0.8,10.0,16,0,0.0,0.0,0.0,0.043250413866260815,0.029023071699275083,0.02984853654950181,0.00604271653236561,0.00604271653236561
vae_latent_patch2,VAE latent p2,0.85,0.1,16,1,0.0625,0.0957207148967224,0.38423169130720186,0.021550379227479457,0.0144613229228222,0.014872627208056278,0.0030109037393102026,0.0030109037393102026
vae_latent_patch2,VAE latent p2,0.85,1.0,16,0,0.0,0.0,0.0,0.021550379227479457,0.0144613229228222,0.014872627208056278,0.0030109037393102026,0.0030109037393102026
vae_latent_patch2,VAE latent p2,0.85,10.0,16,0,0.0,0.0,0.0,0.021550379227479457,0.0144613229228222,0.014872627208056278,0.0030109037393102026,0.0030109037393102026
vae_latent_patch2,VAE latent p2,0.9,0.1,16,0,0.0,0.0,0.0,0.008543291627903371,0.0057329524344247075,0.005896007219654678,0.0011936230187388857,0.0011936230187388857
vae_latent_patch2,VAE latent p2,0.9,1.0,16,0,0.0,0.0,0.0,0.008543291627903371,0.0057329524344247075,0.005896007219654678,0.0011936230187388857,0.0011936230187388857
vae_latent_patch2,VAE latent p2,0.9,10.0,16,0,0.0,0.0,0.0,0.008543291627903371,0.0057329524344247075,0.005896007219654678,0.0011936230187388857,0.0011936230187388857
vae_latent_patch2,VAE latent p2,0.95,0.1,16,0,0.0,0.0,0.0,0.0019169158500281847,0.0012863411279457134,0.001322926827678754,0.00026782123135138505,0.00026782123135138505
vae_latent_patch2,VAE latent p2,0.95,1.0,16,0,0.0,0.0,0.0,0.0019169158500281847,0.0012863411279457134,0.001322926827678754,0.00026782123135138505,0.00026782123135138505
vae_latent_patch2,VAE latent p2,0.95,10.0,16,0,0.0,0.0,0.0,0.0019169158500281847,0.0012863411279457134,0.001322926827678754,0.00026782123135138505,0.00026782123135138505
dino_rae_patch,RAE-DINO patch,0.01,0.1,768,768,1.0,777.7852112697796,1.0,10127.411605075253,7447.069203142164,50917.977100914475,20503.63819825942,14705.44077611511
dino_rae_patch,RAE-DINO patch,0.01,1.0,768,768,1.0,777.7852112697796,1.0,10127.411605075253,7447.069203142164,50917.977100914475,20503.63819825942,14705.44077611511
dino_rae_patch,RAE-DINO patch,0.01,10.0,768,767,0.9986979166666666,777.7843454022709,0.9999988867524144,10127.411605075253,7447.069203142164,50917.977100914475,20503.63819825942,14705.44077611511
dino_rae_patch,RAE-DINO patch,0.02,0.1,768,768,1.0,762.1517364590309,1.0,2480.9626837859078,1824.3457970354389,12473.63157017607,5022.878819918465,3602.4653916388515
dino_rae_patch,RAE-DINO patch,0.02,1.0,768,768,1.0,762.1517364590309,1.0,2480.9626837859078,1824.3457970354389,12473.63157017607,5022.878819918465,3602.4653916388515
dino_rae_patch,RAE-DINO patch,0.02,10.0,768,767,0.9986979166666666,762.1508879954505,0.9999988867524144,2480.9626837859078,1824.3457970354389,12473.63157017607,5022.878819918465,3602.4653916388515
dino_rae_patch,RAE-DINO patch,0.03,0.1,768,768,1.0,746.6769771285946,1.0,1080.2618303365084,794.357425346219,5431.273980461227,2187.0640389010523,1568.5870179059632
dino_rae_patch,RAE-DINO patch,0.03,1.0,768,767,0.9986979166666666,746.6761458922525,0.9999988867524144,1080.2618303365084,794.357425346219,5431.273980461227,2187.0640389010523,1568.5870179059632
dino_rae_patch,RAE-DINO patch,0.03,10.0,768,767,0.9986979166666666,746.6761458922525,0.9999988867524144,1080.2618303365084,794.357425346219,5431.273980461227,2187.0640389010523,1568.5870179059632
dino_rae_patch,RAE-DINO patch,0.04,0.1,768,768,1.0,731.3609332784704,1.0,595.1830511706302,437.6606326915505,2992.424733203422,1204.9888380978907,864.2315974943683
dino_rae_patch,RAE-DINO patch,0.04,1.0,768,767,0.9986979166666666,731.3601190926772,0.9999988867524144,595.1830511706302,437.6606326915505,2992.424733203422,1204.9888380978907,864.2315974943683
dino_rae_patch,RAE-DINO patch,0.04,10.0,768,767,0.9986979166666666,731.3601190926772,0.9999988867524144,595.1830511706302,437.6606326915505,2992.424733203422,1204.9888380978907,864.2315974943683
dino_rae_patch,RAE-DINO patch,0.05,0.1,768,768,1.0,716.2036049086583,1.0,373.02271088992615,274.29772291953066,1875.4606400806163,755.2100183217681,541.6451505129634
dino_rae_patch,RAE-DINO patch,0.05,1.0,768,767,0.9986979166666666,716.2028075967244,0.9999988867524144,373.02271088992615,274.29772291953066,1875.4606400806163,755.2100183217681,541.6451505129634
dino_rae_patch,RAE-DINO patch,0.05,10.0,768,767,0.9986979166666666,716.2028075967244,0.9999988867524144,373.02271088992615,274.29772291953066,1875.4606400806163,755.2100183217681,541.6451505129634
dino_rae_patch,RAE-DINO patch,0.1,0.1,768,767,0.9986979166666666,642.7969796712983,0.9999988867524144,83.69761657086987,61.546026472249295,420.8097281067312,169.45155535751587,121.53256839764555
dino_rae_patch,RAE-DINO patch,0.1,1.0,768,767,0.9986979166666666,642.7969796712983,0.9999988867524144,83.69761657086987,61.546026472249295,420.8097281067312,169.45155535751587,121.53256839764555
dino_rae_patch,RAE-DINO patch,0.1,10.0,768,766,0.9973958333333334,642.70003992557,0.9998480776464662,83.69761657086987,61.546026472249295,420.8097281067312,169.45155535751587,121.53256839764555
dino_rae_patch,RAE-DINO patch,0.15,0.1,768,767,0.9986979166666666,573.3590343364358,0.9999988867524144,33.18053661039971,24.398904870343,166.8230609366877,67.17626817328133,48.17957786957417
dino_rae_patch,RAE-DINO patch,0.15,1.0,768,767,0.9986979166666666,573.3590343364358,0.9999988867524144,33.18053661039971,24.398904870343,166.8230609366877,67.17626817328133,48.17957786957417
dino_rae_patch,RAE-DINO patch,0.15,10.0,768,731,0.9518229166666666,566.7786112863406,0.988521931946826,33.18053661039971,24.398904870343,166.8230609366877,67.17626817328133,48.17957786957417
dino_rae_patch,RAE-DINO patch,0.2,0.1,768,767,0.9986979166666666,507.88897159213707,0.9999988867524144,16.532862532517505,12.157239796987515,83.12290925565061,33.47191216938585,24.006433263732454
dino_rae_patch,RAE-DINO patch,0.2,1.0,768,767,0.9986979166666666,507.88897159213707,0.9999988867524144,16.532862532517505,12.157239796987515,83.12290925565061,33.47191216938585,24.006433263732454
dino_rae_patch,RAE-DINO patch,0.2,10.0,768,474,0.6171875,424.81672028460576,0.8364352666030491,16.532862532517505,12.157239796987515,83.12290925565061,33.47191216938585,24.006433263732454
dino_rae_patch,RAE-DINO patch,0.25,0.1,768,767,0.9986979166666666,446.3867914384016,0.9999988867524144,9.299735174541096,6.838447385805477,46.75663645630347,18.827950595279543,13.503618710849505
dino_rae_patch,RAE-DINO patch,0.25,1.0,768,767,0.9986979166666666,446.3867914384016,0.9999988867524144,9.299735174541096,6.838447385805477,46.75663645630347,18.827950595279543,13.503618710849505
dino_rae_patch,RAE-DINO patch,0.25,10.0,768,224,0.2916666666666667,255.9873771956652,0.5734647555172118,9.299735174541096,6.838447385805477,46.75663645630347,18.827950595279543,13.503618710849505
dino_rae_patch,RAE-DINO patch,0.3,0.1,768,767,0.9986979166666666,388.8524938752298,0.9999988867524144,5.62576572287054,4.136838542030475,28.28487884393667,11.389747890971577,8.168855763353406
dino_rae_patch,RAE-DINO patch,0.3,1.0,768,763,0.9934895833333334,388.56140052885553,0.9992502917789984,5.62576572287054,4.136838542030475,28.28487884393667,11.389747890971577,8.168855763353406
dino_rae_patch,RAE-DINO patch,0.3,10.0,768,86,0.11197916666666667,128.55415007031004,0.33059838623270266,5.62576572287054,4.136838542030475,28.28487884393667,11.389747890971577,8.168855763353406
dino_rae_patch,RAE-DINO patch,0.35,0.1,768,767,0.9986979166666666,335.2860789026217,0.9999988867524144,3.563844091830943,2.6206294970547073,17.91807610230224,7.215246373247718,5.1748561499627375
dino_rae_patch,RAE-DINO patch,0.35,1.0,768,741,0.96484375,332.71477198761227,0.992329901326822,3.563844091830943,2.6206294970547073,17.91807610230224,7.215246373247718,5.1748561499627375
dino_rae_patch,RAE-DINO patch,0.35,10.0,768,31,0.040364583333333336,58.643643736253615,0.17490609405346313,3.563844091830943,2.6206294970547073,17.91807610230224,7.215246373247718,5.1748561499627375
dino_rae_patch,RAE-DINO patch,0.4,0.1,768,767,0.9986979166666666,285.68754652057703,0.9999988867524144,2.3249337936352736,1.7096118464513688,11.689159114075865,4.706987648819885,3.375904677712376
dino_rae_patch,RAE-DINO patch,0.4,1.0,768,624,0.8125,267.63841148319625,0.9368210718142167,2.3249337936352736,1.7096118464513688,11.689159114075865,4.706987648819885,3.375904677712376
dino_rae_patch,RAE-DINO patch,0.4,10.0,768,9,0.01171875,22.008599862777885,0.07703722346249359,2.3249337936352736,1.7096118464513688,11.689159114075865,4.706987648819885,3.375904677712376
dino_rae_patch,RAE-DINO patch,0.45,0.1,768,767,0.9986979166666666,240.05689672909602,0.9999988867524144,1.5435774432365883,1.1350509378360258,7.760703719084664,3.1250782195182785,2.241341377246626
dino_rae_patch,RAE-DINO patch,0.45,1.0,768,441,0.57421875,194.34423498873636,0.8095748186514425,1.5435774432365883,1.1350509378360258,7.760703719084664,3.1250782195182785,2.241341377246626
dino_rae_patch,RAE-DINO patch,0.45,10.0,768,4,0.005208333333333333,10.220826235660889,0.04257663494202767,1.5435774432365883,1.1350509378360258,7.760703719084664,3.1250782195182785,2.241341377246626
dino_rae_patch,RAE-DINO patch,0.5,0.1,768,767,0.9986979166666666,198.3941295281785,0.9999988867524144,1.033303908282344,0.7598274873117197,5.195181828478163,2.091994510586616,1.5004020789832784
dino_rae_patch,RAE-DINO patch,0.5,1.0,768,265,0.3450520833333333,124.57640554866131,0.6279231505516129,1.033303908282344,0.7598274873117197,5.195181828478163,2.091994510586616,1.5004020789832784
dino_rae_patch,RAE-DINO patch,0.5,10.0,768,1,0.0013020833333333333,2.9681133638401724,0.014960674827697293,1.033303908282344,0.7598274873117197,5.195181828478163,2.091994510586616,1.5004020789832784
dino_rae_patch,RAE-DINO patch,0.55,0.1,768,765,0.99609375,160.6464235684352,0.9996701901825387,0.6917158394286763,0.5086448468780931,3.477766347989513,1.4004260773348416,1.0044013917160786
dino_rae_patch,RAE-DINO patch,0.55,1.0,768,129,0.16796875,67.49073234337796,0.4199811719339146,0.6917158394286763,0.5086448468780931,3.477766347989513,1.4004260773348416,1.0044013917160786
dino_rae_patch,RAE-DINO patch,0.55,10.0,768,0,0.0,0.0,0.0,0.6917158394286763,0.5086448468780931,3.477766347989513,1.4004260773348416,1.0044013917160786
dino_rae_patch,RAE-DINO patch,0.6,0.1,768,758,0.9869791666666666,126.71747113607022,0.9979923735765813,0.4592461814588197,0.3377011054718755,2.3089697015458506,0.9297753380384961,0.6668453684370127
dino_rae_patch,RAE-DINO patch,0.6,1.0,768,56,0.07291666666666667,32.32394724115672,0.2545746260665679,0.4592461814588197,0.3377011054718755,2.3089697015458506,0.9297753380384961,0.6668453684370127
dino_rae_patch,RAE-DINO patch,0.6,10.0,768,0,0.0,0.0,0.0,0.4592461814588197,0.3377011054718755,2.3089697015458506,0.9297753380384961,0.6668453684370127
dino_rae_patch,RAE-DINO patch,0.65,0.1,768,711,0.92578125,95.29098277801673,0.9802264683547174,0.29959699115878613,0.22030501111404888,1.5062953230498815,0.6065546214126873,0.4350278217170452
dino_rae_patch,RAE-DINO patch,0.65,1.0,768,20,0.026041666666666668,12.783779042399065,0.1315024592846233,0.29959699115878613,0.22030501111404888,1.5062953230498815,0.6065546214126873,0.4350278217170452
dino_rae_patch,RAE-DINO patch,0.65,10.0,768,0,0.0,0.0,0.0,0.29959699115878613,0.22030501111404888,1.5062953230498815,0.6065546214126873,0.4350278217170452
dino_rae_patch,RAE-DINO patch,0.7,0.1,768,538,0.7005208333333334,63.094711289566135,0.8834076503224354,0.1897905137661449,0.13956015073072406,0.9542170705368058,0.3842438896995826,0.27558405532345936
dino_rae_patch,RAE-DINO patch,0.7,1.0,768,7,0.009114583333333334,4.622129846069257,0.06471580237623623,0.1897905137661449,0.13956015073072406,0.9542170705368058,0.3842438896995826,0.27558405532345936
dino_rae_patch,RAE-DINO patch,0.7,10.0,768,0,0.0,0.0,0.0,0.1897905137661449,0.13956015073072406,0.9542170705368058,0.3842438896995826,0.27558405532345936
dino_rae_patch,RAE-DINO patch,0.75,0.1,768,307,0.3997395833333333,33.63412004278664,0.6781265691615449,0.11481154536470489,0.08442527636796884,0.5772424253864625,0.23244383450962397,0.16671134210925315
dino_rae_patch,RAE-DINO patch,0.75,1.0,768,1,0.0013020833333333333,0.7420283409600431,0.014960674827697293,0.11481154536470489,0.08442527636796884,0.5772424253864625,0.23244383450962397,0.16671134210925315
dino_rae_patch,RAE-DINO patch,0.75,10.0,768,0,0.0,0.0,0.0,0.11481154536470489,0.08442527636796884,0.5772424253864625,0.23244383450962397,0.16671134210925315
dino_rae_patch,RAE-DINO patch,0.8,0.1,768,113,0.14713541666666666,12.3423774652445,0.3888208459870775,0.06458149426764646,0.04748921795698245,0.32469886427988504,0.13074965691166343,0.09377512993645486
dino_rae_patch,RAE-DINO patch,0.8,1.0,768,0,0.0,0.0,0.0,0.06458149426764646,0.04748921795698245,0.32469886427988504,0.13074965691166343,0.09377512993645486
dino_rae_patch,RAE-DINO patch,0.8,10.0,768,0,0.0,0.0,0.0,0.06458149426764646,0.04748921795698245,0.32469886427988504,0.13074965691166343,0.09377512993645486
dino_rae_patch,RAE-DINO patch,0.85,0.1,768,24,0.03125,2.6481875064127434,0.1483122153878643,0.03217901444477889,0.023662447701749065,0.16178766939897402,0.06514861797674584,0.046725324258994845
dino_rae_patch,RAE-DINO patch,0.85,1.0,768,0,0.0,0.0,0.0,0.03217901444477889,0.023662447701749065,0.16178766939897402,0.06514861797674584,0.046725324258994845
dino_rae_patch,RAE-DINO patch,0.85,10.0,768,0,0.0,0.0,0.0,0.03217901444477889,0.023662447701749065,0.16178766939897402,0.06514861797674584,0.046725324258994845
dino_rae_patch,RAE-DINO patch,0.9,0.1,768,1,0.0013020833333333333,0.11872453455360683,0.014960674827697293,0.012756838373856093,0.009380586263107643,0.06413804726516247,0.025827092723291537,0.01852348245658367
dino_rae_patch,RAE-DINO patch,0.9,1.0,768,0,0.0,0.0,0.0,0.012756838373856093,0.009380586263107643,0.06413804726516247,0.025827092723291537,0.01852348245658367
dino_rae_patch,RAE-DINO patch,0.9,10.0,768,0,0.0,0.0,0.0,0.012756838373856093,0.009380586263107643,0.06413804726516247,0.025827092723291537,0.01852348245658367
dino_rae_patch,RAE-DINO patch,0.95,0.1,768,0,0.0,0.0,0.0,0.0028623376960729805,0.0021047852834119697,0.014391085397446464,0.005794998644284266,0.004156238445937067
dino_rae_patch,RAE-DINO patch,0.95,1.0,768,0,0.0,0.0,0.0,0.0028623376960729805,0.0021047852834119697,0.014391085397446464,0.005794998644284266,0.004156238445937067
dino_rae_patch,RAE-DINO patch,0.95,10.0,768,0,0.0,0.0,0.0,0.0028623376960729805,0.0021047852834119697,0.014391085397446464,0.005794998644284266,0.004156238445937067
