model,alpha,after_block,mode,top1,top5,top1_seed_std,top5_seed_std
deco_b_velocity,0.25,1,clean,1.822,5.996,0.0,0.0
deco_b_velocity,0.25,1,matched_noise,9.110666666666669,20.83866666666667,0.02604269997950019,0.12067955732250255
deco_b_velocity,0.25,2,clean,1.338,4.296,0.0,0.0
deco_b_velocity,0.25,2,matched_noise,13.700666666666669,29.21733333333334,0.04529410067056832,0.06069230227595241
deco_b_velocity,0.25,3,clean,1.058,3.8720000000000003,0.0,0.0
deco_b_velocity,0.25,3,matched_noise,18.128000000000004,36.065333333333335,0.08806058520511209,0.05063156678946107
deco_b_velocity,0.25,4,clean,0.734,3.8500000000000005,0.0,0.0
deco_b_velocity,0.25,4,matched_noise,23.145333333333337,43.403999999999996,0.07098043548909859,0.06224682053459879
deco_b_velocity,0.25,5,clean,0.9480000000000001,3.4160000000000004,0.0,0.0
deco_b_velocity,0.25,5,matched_noise,26.44666666666667,48.34,0.07430268426435753,0.04819405219180921
deco_b_velocity,0.25,6,clean,1.0140000000000002,4.0120000000000005,0.0,0.0
deco_b_velocity,0.25,6,matched_noise,31.77066666666667,55.10533333333334,0.0914233133408662,0.07361763073853557
deco_b_velocity,0.25,7,clean,0.8840000000000001,3.2900000000000005,0.0,0.0
deco_b_velocity,0.25,7,matched_noise,32.93066666666667,56.620000000000005,0.06504015853472521,0.0815843122174844
deco_b_velocity,0.25,8,clean,1.066,3.814,0.0,0.0
deco_b_velocity,0.25,8,matched_noise,31.188666666666666,54.50533333333334,0.0689025076144213,0.03689022755268642
deco_b_velocity,0.25,9,clean,0.8280000000000001,3.1940000000000004,0.0,0.0
deco_b_velocity,0.25,9,matched_noise,28.483333333333338,50.992,0.13192253619285546,0.0754895136205442
deco_b_velocity,0.25,10,clean,1.086,3.9120000000000004,0.0,0.0
deco_b_velocity,0.25,10,matched_noise,25.225333333333335,46.40133333333333,0.04602414825091501,0.02192917893786414
deco_b_velocity,0.25,11,clean,0.8280000000000001,2.902,0.0,0.0
deco_b_velocity,0.25,11,matched_noise,22.058000000000003,41.76400000000001,0.07610519036176187,0.005887840577550244
deco_b_velocity,0.5,1,clean,0.74,2.766,0.0,0.0
deco_b_velocity,0.5,1,matched_noise,8.178000000000003,19.337333333333337,0.047441191665753085,0.09855398971573492
deco_b_velocity,0.5,2,clean,0.34,1.6760000000000002,0.0,0.0
deco_b_velocity,0.5,2,matched_noise,13.163333333333334,28.25466666666667,0.07893175674101229,0.06088969991349551
deco_b_velocity,0.5,3,clean,0.22400000000000003,1.1900000000000002,0.0,0.0
deco_b_velocity,0.5,3,matched_noise,18.88666666666667,37.22533333333334,0.15782127725866263,0.006182412330328064
deco_b_velocity,0.5,4,clean,0.29800000000000004,1.4360000000000002,0.0,0.0
deco_b_velocity,0.5,4,matched_noise,24.971333333333334,46.24533333333334,0.031382939455838275,0.043399948796693254
deco_b_velocity,0.5,5,clean,0.4,1.678,0.0,0.0
deco_b_velocity,0.5,5,matched_noise,28.56533333333333,51.391999999999996,0.10754637242707112,0.026280537792570842
deco_b_velocity,0.5,6,clean,0.28800000000000003,1.9040000000000001,0.0,0.0
deco_b_velocity,0.5,6,matched_noise,33.972,57.975333333333346,0.0975431528435841,0.09550334490942604
deco_b_velocity,0.5,7,clean,0.19000000000000003,1.1680000000000001,0.0,0.0
deco_b_velocity,0.5,7,matched_noise,35.65866666666667,59.92333333333334,0.04249967320135757,0.10329676772398157
deco_b_velocity,0.5,8,clean,0.34400000000000003,1.9300000000000002,0.0,0.0
deco_b_velocity,0.5,8,matched_noise,33.75333333333334,57.592000000000006,0.08354373438837717,0.11064658452327605
deco_b_velocity,0.5,9,clean,0.47000000000000003,1.788,0.0,0.0
deco_b_velocity,0.5,9,matched_noise,31.161333333333335,54.49466666666668,0.07009200303093606,0.06577402391690794
deco_b_velocity,0.5,10,clean,0.31400000000000006,1.5280000000000002,0.0,0.0
deco_b_velocity,0.5,10,matched_noise,27.302000000000003,49.678666666666665,0.06758698099486248,0.05118159391378442
deco_b_velocity,0.5,11,clean,0.302,1.5460000000000003,0.0,0.0
deco_b_velocity,0.5,11,matched_noise,23.378,44.153999999999996,0.08305821251788742,0.0937656653578488
deco_b_velocity,0.75,1,clean,0.6220000000000001,2.332,0.0,0.0
deco_b_velocity,0.75,1,matched_noise,6.033333333333334,15.381333333333336,0.10305122782167876,0.06479368967902815
deco_b_velocity,0.75,2,clean,0.30800000000000005,1.3980000000000001,0.0,0.0
deco_b_velocity,0.75,2,matched_noise,9.96,22.867333333333335,0.03050682983639271,0.03034615113797693
deco_b_velocity,0.75,3,clean,0.216,1.026,0.0,0.0
deco_b_velocity,0.75,3,matched_noise,14.695333333333336,30.902000000000005,0.05678810517079083,0.028331372481168723
deco_b_velocity,0.75,4,clean,0.22400000000000003,1.31,0.0,0.0
deco_b_velocity,0.75,4,matched_noise,19.61066666666667,38.846000000000004,0.051493257379539074,0.07071067811865743
deco_b_velocity,0.75,5,clean,0.30800000000000005,1.1280000000000001,0.0,0.0
deco_b_velocity,0.75,5,matched_noise,22.362666666666666,42.95133333333334,0.15154610592892925,0.022647050335285152
deco_b_velocity,0.75,6,clean,0.262,1.1720000000000002,0.0,0.0
deco_b_velocity,0.75,6,matched_noise,26.089333333333332,48.085333333333345,0.04054078878802836,0.09578216025034363
deco_b_velocity,0.75,7,clean,0.19200000000000003,0.9420000000000002,0.0,0.0
deco_b_velocity,0.75,7,matched_noise,27.347333333333335,49.76333333333334,0.043706089074889945,0.12001481390043181
deco_b_velocity,0.75,8,clean,0.316,1.356,0.0,0.0
deco_b_velocity,0.75,8,matched_noise,26.37666666666667,48.550666666666665,0.07732758599332885,0.11944687336031586
deco_b_velocity,0.75,9,clean,0.29200000000000004,1.124,0.0,0.0
deco_b_velocity,0.75,9,matched_noise,24.862000000000005,46.647333333333336,0.1043966793852508,0.03920317447463963
deco_b_velocity,0.75,10,clean,0.24400000000000002,1.288,0.0,0.0
deco_b_velocity,0.75,10,matched_noise,22.552000000000003,43.36533333333333,0.097283092056123,0.06765270791985199
deco_b_velocity,0.75,11,clean,0.316,1.1900000000000002,0.0,0.0
deco_b_velocity,0.75,11,matched_noise,19.44666666666667,39.012,0.049808522251607534,0.0707295317860007
dip_b_velocity,0.25,1,clean,0.41400000000000003,2.056,0.0,0.0
dip_b_velocity,0.25,1,matched_noise,6.0633333333333335,15.276666666666666,0.031930480039541215,0.04778656249988645
dip_b_velocity,0.25,2,clean,0.8440000000000001,2.7800000000000002,0.0,0.0
dip_b_velocity,0.25,2,matched_noise,9.743333333333332,22.444000000000003,0.016519348924484818,0.009797958971131634
dip_b_velocity,0.25,3,clean,0.42400000000000004,1.4580000000000002,0.0,0.0
dip_b_velocity,0.25,3,matched_noise,13.314666666666668,28.479333333333333,0.07361763073853662,0.026398653164296182
dip_b_velocity,0.25,4,clean,0.336,1.4480000000000002,0.0,0.0
dip_b_velocity,0.25,4,matched_noise,17.795333333333335,35.47400000000001,0.01715290710702543,0.061253571324453214
dip_b_velocity,0.25,5,clean,0.522,2.052,0.0,0.0
dip_b_velocity,0.25,5,matched_noise,21.766000000000002,41.56066666666667,0.020848661028149675,0.03760614606978635
dip_b_velocity,0.25,6,clean,0.47000000000000003,1.6920000000000002,0.0,0.0
dip_b_velocity,0.25,6,matched_noise,27.724666666666668,49.77466666666667,0.09113116310510129,0.025940101944456517
dip_b_velocity,0.25,7,clean,0.8780000000000001,2.902,0.0,0.0
dip_b_velocity,0.25,7,matched_noise,32.370000000000005,55.975333333333346,0.08927859019197372,0.08060328088166675
dip_b_velocity,0.25,8,clean,0.52,1.7580000000000002,0.0,0.0
dip_b_velocity,0.25,8,matched_noise,31.377333333333336,54.660666666666664,0.16142972327163094,0.09885117882734289
dip_b_velocity,0.25,9,clean,0.4580000000000001,1.4740000000000002,0.0,0.0
dip_b_velocity,0.25,9,matched_noise,30.121333333333336,53.03666666666667,0.07310874700669523,0.11585431464655217
dip_b_velocity,0.25,10,clean,0.17200000000000001,0.9340000000000002,0.0,0.0
dip_b_velocity,0.25,10,matched_noise,24.411333333333335,45.15200000000001,0.056387547876775995,0.050039984012785796
dip_b_velocity,0.25,11,clean,0.254,1.03,0.0,0.0
dip_b_velocity,0.25,11,matched_noise,19.658,38.42400000000001,0.06358196809368764,0.07037044834303609
dip_b_velocity,0.5,1,clean,0.554,2.116,0.0,0.0
dip_b_velocity,0.5,1,matched_noise,5.538666666666667,14.251333333333335,0.04161196409153936,0.018926759422104103
dip_b_velocity,0.5,2,clean,0.398,1.6340000000000001,0.0,0.0
dip_b_velocity,0.5,2,matched_noise,9.712000000000002,22.439333333333337,0.04348179695765413,0.06775117875153251
dip_b_velocity,0.5,3,clean,0.22600000000000003,1.044,0.0,0.0
dip_b_velocity,0.5,3,matched_noise,13.559333333333335,28.874000000000006,0.051441444596960186,0.06707210050883076
dip_b_velocity,0.5,4,clean,0.138,0.7000000000000001,0.0,0.0
dip_b_velocity,0.5,4,matched_noise,18.913333333333334,37.54533333333334,0.11092740368767658,0.09928186586124102
dip_b_velocity,0.5,5,clean,0.19600000000000004,0.898,0.0,0.0
dip_b_velocity,0.5,5,matched_noise,23.159333333333336,43.88466666666667,0.09999111071601496,0.10433706063629816
dip_b_velocity,0.5,6,clean,0.316,1.292,0.0,0.0
dip_b_velocity,0.5,6,matched_noise,29.435333333333336,52.33533333333333,0.051051172584202414,0.08902933349307955
dip_b_velocity,0.5,7,clean,0.398,1.4480000000000002,0.0,0.0
dip_b_velocity,0.5,7,matched_noise,34.26133333333333,58.37200000000001,0.08448010942753781,0.10591820743699441
dip_b_velocity,0.5,8,clean,0.252,0.856,0.0,0.0
dip_b_velocity,0.5,8,matched_noise,33.681333333333335,57.96733333333333,0.08060328088166885,0.12200910712820663
dip_b_velocity,0.5,9,clean,0.22200000000000003,0.88,0.0,0.0
dip_b_velocity,0.5,9,matched_noise,32.339333333333336,56.044000000000004,0.043029705501614196,0.11186897097348936
dip_b_velocity,0.5,10,clean,0.12000000000000001,0.7280000000000001,0.0,0.0
dip_b_velocity,0.5,10,matched_noise,26.174666666666667,47.967333333333336,0.14711748895204635,0.1019847483150725
dip_b_velocity,0.5,11,clean,0.134,0.8820000000000001,0.0,0.0
dip_b_velocity,0.5,11,matched_noise,20.696,40.466,0.2027872448322781,0.07919595949289632
dip_b_velocity,0.75,1,clean,0.42200000000000004,1.8080000000000003,0.0,0.0
dip_b_velocity,0.75,1,matched_noise,4.3453333333333335,11.979999999999999,0.024783507060588406,0.07517091636175961
dip_b_velocity,0.75,2,clean,0.274,1.0020000000000002,0.0,0.0
dip_b_velocity,0.75,2,matched_noise,7.844666666666666,19.186000000000003,0.040276819911981884,0.07788880963698738
dip_b_velocity,0.75,3,clean,0.252,1.0560000000000003,0.0,0.0
dip_b_velocity,0.75,3,matched_noise,10.716000000000001,24.162000000000003,0.06046486583132318,0.05616641938620132
dip_b_velocity,0.75,4,clean,0.084,0.5660000000000001,0.0,0.0
dip_b_velocity,0.75,4,matched_noise,15.016666666666667,31.792,0.07363574011458161,0.09634659654947195
dip_b_velocity,0.75,5,clean,0.20600000000000002,0.8960000000000001,0.0,0.0
dip_b_velocity,0.75,5,matched_noise,18.134,36.72133333333333,0.062225396744416864,0.06917289128617221
dip_b_velocity,0.75,6,clean,0.24600000000000005,1.004,0.0,0.0
dip_b_velocity,0.75,6,matched_noise,22.812,43.54333333333333,0.0587877538267956,0.09586564672614667
dip_b_velocity,0.75,7,clean,0.29800000000000004,1.1920000000000002,0.0,0.0
dip_b_velocity,0.75,7,matched_noise,26.11466666666667,48.294000000000004,0.12035872308321377,0.07337574531137613
dip_b_velocity,0.75,8,clean,0.14200000000000002,0.778,0.0,0.0
dip_b_velocity,0.75,8,matched_noise,26.220000000000002,48.55066666666667,0.06393746945258402,0.042405450383436655
dip_b_velocity,0.75,9,clean,0.186,1.0020000000000002,0.0,0.0
dip_b_velocity,0.75,9,matched_noise,25.262,47.47133333333334,0.10914210919713695,0.04759084879353243
dip_b_velocity,0.75,10,clean,0.11200000000000002,0.774,0.0,0.0
dip_b_velocity,0.75,10,matched_noise,21.286666666666665,41.89933333333334,0.07962132600977848,0.14760608237994854
dip_b_velocity,0.75,11,clean,0.164,0.7600000000000001,0.0,0.0
dip_b_velocity,0.75,11,matched_noise,17.601333333333333,36.306000000000004,0.015520595635763851,0.03394112549695557
hyperdit_b_velocity,0.25,1,clean,2.088,6.492000000000001,0.0,0.0
hyperdit_b_velocity,0.25,1,matched_noise,10.866,24.38,0.02673325020768463,0.013063945294843629
hyperdit_b_velocity,0.25,2,clean,0.8960000000000001,3.724,0.0,0.0
hyperdit_b_velocity,0.25,2,matched_noise,18.627333333333336,36.67933333333334,0.0468852025933783,0.06986335870031592
hyperdit_b_velocity,0.25,3,clean,0.67,3.2580000000000005,0.0,0.0
hyperdit_b_velocity,0.25,3,matched_noise,22.917333333333335,42.858000000000004,0.040077702307172086,0.026882460204877327
hyperdit_b_velocity,0.25,4,clean,0.6920000000000001,2.8260000000000005,0.0,0.0
hyperdit_b_velocity,0.25,4,matched_noise,27.560666666666673,49.44533333333334,0.011813363431113772,0.06577402391690794
hyperdit_b_velocity,0.25,5,clean,1.074,3.678,0.0,0.0
hyperdit_b_velocity,0.25,5,matched_noise,34.663999999999994,58.258,0.07353910524340077,0.09929081864234189
hyperdit_b_velocity,0.25,6,clean,1.778,5.376,0.0,0.0
hyperdit_b_velocity,0.25,6,matched_noise,37.818666666666665,61.809333333333335,0.030912061651652837,0.11110755549866136
hyperdit_b_velocity,0.25,7,clean,1.548,5.266000000000001,0.0,0.0
hyperdit_b_velocity,0.25,7,matched_noise,45.96866666666667,69.98933333333333,0.11020385151567497,0.055649698012562
hyperdit_b_velocity,0.5,1,clean,1.08,3.8880000000000003,0.0,0.0
hyperdit_b_velocity,0.5,1,matched_noise,9.959333333333335,22.818,0.052898225133005974,0.08673330771201247
hyperdit_b_velocity,0.5,2,clean,0.31400000000000006,1.3800000000000001,0.0,0.0
hyperdit_b_velocity,0.5,2,matched_noise,18.22666666666667,36.07933333333334,0.057557700517732374,0.10621152898291747
hyperdit_b_velocity,0.5,3,clean,0.29000000000000004,1.112,0.0,0.0
hyperdit_b_velocity,0.5,3,matched_noise,22.904,43.23133333333334,0.07323023055177962,0.09741092797468232
hyperdit_b_velocity,0.5,4,clean,0.278,1.48,0.0,0.0
hyperdit_b_velocity,0.5,4,matched_noise,27.492000000000004,49.832666666666675,0.08125679458769437,0.07570703768841809
hyperdit_b_velocity,0.5,5,clean,0.38400000000000006,1.5280000000000002,0.0,0.0
hyperdit_b_velocity,0.5,5,matched_noise,34.22266666666667,58.17000000000001,0.08797474385047079,0.060684978921196876
hyperdit_b_velocity,0.5,6,clean,0.44600000000000006,2.008,0.0,0.0
hyperdit_b_velocity,0.5,6,matched_noise,37.11600000000001,61.356666666666676,0.11669904312661077,0.08736640595153718
hyperdit_b_velocity,0.5,7,clean,0.684,2.8020000000000005,0.0,0.0
hyperdit_b_velocity,0.5,7,matched_noise,45.08466666666667,69.49533333333335,0.03403266404826709,0.1370774314838882
hyperdit_b_velocity,0.75,1,clean,0.738,2.8180000000000005,0.0,0.0
hyperdit_b_velocity,0.75,1,matched_noise,7.464666666666667,18.311333333333334,0.014817407180595,0.06458758050550797
hyperdit_b_velocity,0.75,2,clean,0.168,1.058,0.0,0.0
hyperdit_b_velocity,0.75,2,matched_noise,13.53266666666667,28.976000000000003,0.15976927809257374,0.07021870595978469
hyperdit_b_velocity,0.75,3,clean,0.134,0.8100000000000002,0.0,0.0
hyperdit_b_velocity,0.75,3,matched_noise,17.199333333333335,35.18,0.09961704450321511,0.07207403600927856
hyperdit_b_velocity,0.75,4,clean,0.248,1.31,0.0,0.0
hyperdit_b_velocity,0.75,4,matched_noise,20.74466666666667,40.41133333333334,0.10716135290091948,0.06661998365521982
hyperdit_b_velocity,0.75,5,clean,0.268,1.276,0.0,0.0
hyperdit_b_velocity,0.75,5,matched_noise,25.424000000000003,46.96000000000001,0.053962950252926876,0.11760952342391136
hyperdit_b_velocity,0.75,6,clean,0.41000000000000003,1.53,0.0,0.0
hyperdit_b_velocity,0.75,6,matched_noise,27.376,49.68000000000001,0.10123240587875114,0.10254104869108115
hyperdit_b_velocity,0.75,7,clean,0.504,1.9760000000000004,0.0,0.0
hyperdit_b_velocity,0.75,7,matched_noise,33.089333333333336,56.406000000000006,0.18374136412057118,0.0587877538267985
pixeldit_b_velocity,0.25,1,clean,3.254,9.452,0.0,0.0
pixeldit_b_velocity,0.25,1,matched_noise,8.116666666666667,19.156000000000002,0.012684198393627156,0.05184592558726211
pixeldit_b_velocity,0.25,2,clean,1.6280000000000003,5.180000000000001,0.0,0.0
pixeldit_b_velocity,0.25,2,matched_noise,13.259333333333336,28.182666666666666,0.07024401912064969,0.03586394041683424
pixeldit_b_velocity,0.25,3,clean,1.606,5.002,0.0,0.0
pixeldit_b_velocity,0.25,3,matched_noise,16.861333333333334,33.90933333333334,0.045146674542232305,0.0950274814052336
pixeldit_b_velocity,0.25,4,clean,1.8260000000000003,5.904,0.0,0.0
pixeldit_b_velocity,0.25,4,matched_noise,20.712666666666667,39.726000000000006,0.030302181806303383,0.03513782387494457
pixeldit_b_velocity,0.25,5,clean,0.798,2.944,0.0,0.0
pixeldit_b_velocity,0.25,5,matched_noise,25.648666666666667,46.71666666666667,0.043276886312313946,0.08322392818307776
pixeldit_b_velocity,0.25,6,clean,0.898,3.0980000000000003,0.0,0.0
pixeldit_b_velocity,0.25,6,matched_noise,30.18466666666667,52.891333333333336,0.04576267280461401,0.05572152985057918
pixeldit_b_velocity,0.25,7,clean,0.8780000000000001,2.966,0.0,0.0
pixeldit_b_velocity,0.25,7,matched_noise,33.63266666666667,57.16533333333334,0.037853518844211426,0.08771671575145742
pixeldit_b_velocity,0.25,8,clean,0.7200000000000001,3.2800000000000002,0.0,0.0
pixeldit_b_velocity,0.25,8,matched_noise,37.309333333333335,61.46000000000001,0.11143109480252568,0.12346119498314452
pixeldit_b_velocity,0.25,9,clean,0.8060000000000002,3.0460000000000003,0.0,0.0
pixeldit_b_velocity,0.25,9,matched_noise,39.532000000000004,63.904,0.02628053779256958,0.11035699645544064
pixeldit_b_velocity,0.25,10,clean,0.8180000000000002,2.906,0.0,0.0
pixeldit_b_velocity,0.25,10,matched_noise,38.72266666666667,62.60866666666667,0.06745533501675212,0.04899886620003811
pixeldit_b_velocity,0.25,11,clean,0.41400000000000003,1.82,0.0,0.0
pixeldit_b_velocity,0.25,11,matched_noise,34.59733333333333,57.82733333333334,0.0786949101841346,0.0894774956188517
pixeldit_b_velocity,0.5,1,clean,1.37,4.872000000000001,0.0,0.0
pixeldit_b_velocity,0.5,1,matched_noise,7.326666666666667,17.70866666666667,0.046341725858620356,0.1189771219838316
pixeldit_b_velocity,0.5,2,clean,0.502,2.0420000000000003,0.0,0.0
pixeldit_b_velocity,0.5,2,matched_noise,12.066000000000003,26.422,0.04043101120014968,0.10081005240880865
pixeldit_b_velocity,0.5,3,clean,0.324,1.3780000000000001,0.0,0.0
pixeldit_b_velocity,0.5,3,matched_noise,16.274,33.120000000000005,0.06864400920692176,0.042363506307512906
pixeldit_b_velocity,0.5,4,clean,0.29800000000000004,1.262,0.0,0.0
pixeldit_b_velocity,0.5,4,matched_noise,20.738666666666663,39.976666666666674,0.07642570829824788,0.0736176307385376
pixeldit_b_velocity,0.5,5,clean,0.2,0.8700000000000001,0.0,0.0
pixeldit_b_velocity,0.5,5,matched_noise,26.291333333333338,47.64600000000001,0.07910049866396997,0.03959797974644505
pixeldit_b_velocity,0.5,6,clean,0.26400000000000007,1.044,0.0,0.0
pixeldit_b_velocity,0.5,6,matched_noise,31.728000000000005,54.861333333333334,0.052484918468705774,0.1016180211489191
pixeldit_b_velocity,0.5,7,clean,0.232,0.8540000000000001,0.0,0.0
pixeldit_b_velocity,0.5,7,matched_noise,35.330000000000005,59.59000000000001,0.08433267456922987,0.09576359781601469
pixeldit_b_velocity,0.5,8,clean,0.37800000000000006,1.2860000000000003,0.0,0.0
pixeldit_b_velocity,0.5,8,matched_noise,39.181333333333335,63.720666666666666,0.11426674445738345,0.13332999995833297
pixeldit_b_velocity,0.5,9,clean,0.28200000000000003,1.0180000000000002,0.0,0.0
pixeldit_b_velocity,0.5,9,matched_noise,41.184000000000005,65.86933333333334,0.17436360476506324,0.028110891523075648
pixeldit_b_velocity,0.5,10,clean,0.28,1.044,0.0,0.0
pixeldit_b_velocity,0.5,10,matched_noise,40.262,64.766,0.07776888838089507,0.12140291045385668
pixeldit_b_velocity,0.5,11,clean,0.14200000000000002,0.7240000000000001,0.0,0.0
pixeldit_b_velocity,0.5,11,matched_noise,35.919333333333334,59.97133333333334,0.10255838445598733,0.1617762515190522
pixeldit_b_velocity,0.75,1,clean,0.6160000000000001,2.5580000000000003,0.0,0.0
pixeldit_b_velocity,0.75,1,matched_noise,5.472,14.218000000000002,0.021969676071045635,0.0213541565040626
pixeldit_b_velocity,0.75,2,clean,0.404,1.7580000000000002,0.0,0.0
pixeldit_b_velocity,0.75,2,matched_noise,8.921333333333335,20.826000000000004,0.04339994879669345,0.035364765893000076
pixeldit_b_velocity,0.75,3,clean,0.128,0.66,0.0,0.0
pixeldit_b_velocity,0.75,3,matched_noise,12.176000000000002,26.548666666666666,0.016573070526207604,0.04240545038343634
pixeldit_b_velocity,0.75,4,clean,0.22,0.684,0.0,0.0
pixeldit_b_velocity,0.75,4,matched_noise,15.799333333333335,32.75666666666667,0.1387211431453609,0.06913432979031309
pixeldit_b_velocity,0.75,5,clean,0.09000000000000001,0.7160000000000001,0.0,0.0
pixeldit_b_velocity,0.75,5,matched_noise,20.092,39.27066666666667,0.03059411708155624,0.0772240607295127
pixeldit_b_velocity,0.75,6,clean,0.11,0.786,0.0,0.0
pixeldit_b_velocity,0.75,6,matched_noise,24.158000000000005,45.30533333333333,0.05694441734416737,0.04007770230717048
pixeldit_b_velocity,0.75,7,clean,0.126,0.5800000000000001,0.0,0.0
pixeldit_b_velocity,0.75,7,matched_noise,26.97066666666667,49.17666666666668,0.08797474385046973,0.12157119541879645
pixeldit_b_velocity,0.75,8,clean,0.14800000000000002,0.6220000000000001,0.0,0.0
pixeldit_b_velocity,0.75,8,matched_noise,29.732000000000003,52.66133333333334,0.08510385811857553,0.06318930992571824
pixeldit_b_velocity,0.75,9,clean,0.1,0.6880000000000001,0.0,0.0
pixeldit_b_velocity,0.75,9,matched_noise,31.143333333333334,54.347333333333346,0.04631294515455775,0.1495266605733639
pixeldit_b_velocity,0.75,10,clean,0.1,0.648,0.0,0.0
pixeldit_b_velocity,0.75,10,matched_noise,30.686666666666667,53.728,0.10354172535209626,0.06701243665668598
pixeldit_b_velocity,0.75,11,clean,0.1,0.5960000000000001,0.0,0.0
pixeldit_b_velocity,0.75,11,matched_noise,28.203333333333337,50.675333333333334,0.06210385566845722,0.1277532343578366
