model,rank_bin,raw_gain_sum,total_gain,gain_share
JiT-B velocity,Top 64,984.0300194701106,9853.398207169637,0.09986707111401424
JiT-B velocity,Bottom 64,688.5814048412984,9853.398207169637,0.06988263240394216
JiT-B clean,Top 64,2008.1149464024943,3266.5141773676974,0.6147577623620549
JiT-B clean,Bottom 64,1.467372354920295,3266.5141773676974,0.00044921658846212907
DeCO-B,Top 64,1310.8009227692223,1972.913252113143,0.6643986608966476
DeCO-B,Bottom 64,1.1845441011961275,1972.913252113143,0.0006004035402607737
PixelDiT-B,Top 64,2380.690853376555,3152.3978269885156,0.7552000045789995
PixelDiT-B,Bottom 64,2.4786997370156376,3152.3978269885156,0.0007862902695195481
DiP-B,Top 64,1129.8589395024164,1850.6271729913692,0.6105275854542345
DiP-B,Bottom 64,72.84530836111763,1850.6271729913692,0.03936249798135724
