model,display_name,checkpoint_state,checkpoint_step,t_clean,noise_fraction_q,image_count,patch_count,feature_dimension,mean_vector_l2_squared,endpoint_total_variance,endpoint_per_coordinate_variance,endpoint_largest_eigenvalue,endpoint_top1_absolute_variance,endpoint_top10_absolute_variance,endpoint_top64_absolute_variance,endpoint_top1_variance_share,endpoint_top10_variance_share,endpoint_top64_variance_share,endpoint_effective_rank,endpoint_participation_rank,endpoint_stable_rank,endpoint_rank90,endpoint_rank95,endpoint_rank99,input_total_variance,input_per_coordinate_variance,input_largest_eigenvalue,input_top1_absolute_variance,input_top10_absolute_variance,input_top64_absolute_variance,input_top1_variance_share,input_top10_variance_share,input_top64_variance_share,input_effective_rank,input_participation_rank,input_stable_rank,input_rank90,input_rank95,input_rank99,effective_rank_ratio_endpoint_over_input,participation_rank_ratio_endpoint_over_input,stable_rank_ratio_endpoint_over_input,rank90_ratio_endpoint_over_input,total_variance_ratio_endpoint_over_input,covariance_symmetry_relative_error
deco_b,DeCO-B,model,250200,0.1,0.9,100000,25600000,768,5447.370295457515,3089.7550394442933,4.0231185409430905,1158.7384981030648,1158.7384981030648,2596.2965097006067,2914.938031504384,0.3750260079878271,0.8402920220392497,0.9434204311642288,15.515442035194184,5.633437385773945,2.6664817338014024,24,78,339,624.4421383943453,0.8130757010343038,2.4902231440821687,2.4902231440821687,10.258443293082385,54.14036598722132,0.0039879165593875,0.0164281727038158,0.0867019739033543,766.5988461448444,763.6920600374616,250.7575033499652,691,730,761,0.0202393234913148,0.0073765823694665,0.0106337066615309,0.0347322720694645,4.9480245637956335,0.0
deco_b,DeCO-B,model,250200,0.2,0.8,100000,25600000,768,5140.619440537429,4352.446368701894,5.667247875913925,1019.9360199658568,1019.9360199658568,3343.4657586775497,3987.0186850681184,0.2343362636930205,0.7681808057923825,0.9160408531943004,24.239754822726177,8.245482610811909,4.267371956181718,49,138,444,500.9685535773808,0.6523028041372146,7.360892576328675,7.360892576328675,15.03377317232954,50.161463948885256,0.0146933226122978,0.0300094148923608,0.100128967358701,750.3403690929136,673.5494847872206,68.05812588386452,690,729,761,0.0323050122600089,0.012241836415949,0.0627018728588505,0.0710144927536231,8.68806302835055,0.0
deco_b,DeCO-B,model,250200,0.3,0.7,100000,25600000,768,5469.227267398884,5555.14744543319,7.233264902907799,1654.4854377651095,1654.4854377651095,4056.3864487476703,4980.642622604591,0.2978292572819537,0.7302032013717961,0.8965815347888036,28.00321877625088,7.942458262229675,3.357628491996352,68,175,482,397.5792455491069,0.5176813093087329,15.612008296739516,15.612008296739516,24.325989637741458,52.06329388499179,0.0392676641739117,0.0611852603224904,0.1309507336407509,693.0591033676092,361.0501426142603,25.46624610955012,687,728,760,0.0404052390917049,0.0219982138899617,0.1318462280444704,0.098981077147016,13.972428157714404,0.0
deco_b,DeCO-B,model,250200,0.4,0.6,100000,25600000,768,6327.878391306498,6743.54367060326,8.780655821097994,2252.8530641252773,2252.8530641252773,4789.364582619737,5955.264535242411,0.3340755505070738,0.710214809388384,0.8831060976446036,29.489148002802487,7.264948552040095,2.993334886321846,82,196,498,314.27421430952336,0.4092112165488585,27.2435703053147,27.2435703053147,38.13509268931816,59.84585579554098,0.0866872592941493,0.1213433713392711,0.1904255999081102,565.3393276477271,114.60814389003,11.5357205677339,681,725,760,0.0521618549438288,0.0633894617385221,0.2594839974448048,0.1204111600587371,21.457515009365856,0.0
deco_b,DeCO-B,model,250200,0.5,0.5,100000,25600000,768,7743.21570114664,7928.680496300427,10.323802729557848,2794.4867929600314,2794.4867929600314,5545.769650357112,6929.90121508722,0.3524529452616935,0.6994568204564182,0.8740295712913083,30.152575314037787,6.85328355260948,2.8372581743004246,92,209,501,251.05345985863028,0.3268925258575915,42.25557860205421,42.25557860205421,56.461082327059614,73.50914968053279,0.1683130701558488,0.2248966509318501,0.2928027748429607,367.3713075162956,33.66738984579567,5.941309246358907,668,718,758,0.0820765658534732,0.2035585052479293,0.4775476341412829,0.1377245508982036,31.58164201666496,0.0
deco_b,DeCO-B,model,250200,0.6,0.4,100000,25600000,768,9875.674872488717,9092.105348629666,11.838678839361544,3267.5856123736903,3267.5856123736903,6307.465914916082,7893.392453925882,0.3593871262024224,0.6937299638599902,0.8681589303313065,30.518456880233668,6.6860095896467024,2.782514806712237,99,215,495,207.9169821964276,0.2707252372349317,60.64803318695806,60.64803318695806,79.30395855096583,93.05317553996724,0.2916935045241345,0.3814212658975791,0.4475496640868715,169.87445616787954,11.472651085512243,3.4282559758448805,639,704,756,0.1796530071011594,0.5827780815272808,0.8116414953601873,0.1549295774647887,43.7294984401033,0.0
deco_b,DeCO-B,model,250200,0.7,0.3,100000,25600000,768,13098.962773418622,10195.453157708724,13.275329632433236,3655.774025973834,3655.774025973834,7049.643498827345,8820.854291279284,0.3585690571497279,0.691449746252539,0.8651753046023152,30.66627828479065,6.688249671393748,2.788863065734167,102,216,480,184.8647813229153,0.2407093506808793,82.42093406002625,82.42093406002625,106.66372136103683,118.47793337384424,0.4458444354311937,0.5769823792165172,0.6408896953005405,55.42352779797599,4.9378776798889925,2.2429348008635808,563,666,748,0.5533079452569699,1.3544786049751043,1.2433990790371576,0.1811722912966252,55.15086802769461,0.0
deco_b,DeCO-B,model,250200,0.8,0.1999999999999999,100000,25600000,768,18227.11186991521,11184.206890477804,14.562769388642971,3929.160093250495,3929.160093250495,7752.143298588817,9681.560706732707,0.3513132519567185,0.6931330379080315,0.8656457093059996,30.44472910236086,6.818554593436322,2.8464625072645973,102,213,457,181.89685723809347,0.2368448661954342,107.5742812212588,107.5742812212588,138.54037075727263,149.78342318216397,0.5914026380370592,0.7616424651907567,0.8234525074070155,16.316858183450663,2.8101137041941966,1.6908953996538258,321,542,723,1.865845051790629,2.426433700266072,1.6834054358698645,0.3177570093457944,61.486531764747646,0.0
deco_b,DeCO-B,model,250200,0.9,0.0999999999999999,100000,25600000,768,27051.974666398404,11862.999779053329,15.446614295642354,3970.766216870499,3970.766216870499,8316.597361977423,10329.362214373172,0.3347185611418234,0.7010534870498912,0.8707209311941384,29.75509213987828,7.124507586868518,2.9875845444265354,97,203,427,199.0132099419621,0.2591317837785964,136.10807467065567,136.10807467065567,174.93390673967315,186.96964496492623,0.6839147748551399,0.8790065081141543,0.9394835901569144,6.595190877394576,2.1019817734894346,1.462170487853271,18,100,573,4.511634718847287,3.3894240553006054,2.04325321106217,5.388888888888889,59.6091072673664,0.0
pixeldit_b,PixelDiT-B,model,250200,0.1,0.9,100000,25600000,768,1233414.0626504277,272552.98187197774,354.8866951458044,120259.13920531004,120259.13920531004,209414.23311619763,252193.83771913283,0.4412321537608331,0.7683432104755421,0.925302067829117,17.604644720956966,4.660430867186912,2.2663806150039627,44,104,364,624.4421383943453,0.8130757010343038,2.4902231440821687,2.4902231440821687,10.258443293082385,54.14036598722132,0.0039879165593875,0.0164281727038158,0.0867019739033543,766.5988461448444,763.6920600374616,250.7575033499652,691,730,761,0.0229646115559514,0.0061025000927183,0.0090381367844491,0.0636758321273516,436.47435865363735,0.0
pixeldit_b,PixelDiT-B,model,250200,0.2,0.8,100000,25600000,768,1053239.1345333457,339556.96318148804,442.1314624758959,116940.60620777844,116940.60620777844,238426.85025659308,299022.8104741378,0.3443917188800969,0.7021704047021928,0.8806263540362581,28.879718730241738,6.955234108650167,2.9036702835127084,83,183,465,500.9685535773808,0.6523028041372146,7.360892576328675,7.360892576328675,15.03377317232954,50.161463948885256,0.0146933226122978,0.0300094148923608,0.100128967358701,750.3403690929136,673.5494847872206,68.05812588386452,690,729,761,0.0384888244319766,0.010326240707982,0.0426645642353945,0.1202898550724637,677.8009532868598,0.0
pixeldit_b,PixelDiT-B,model,250200,0.3,0.7,100000,25600000,768,920715.7950510484,379447.42576684064,494.0721689672404,114150.09689012232,114150.09689012232,252500.21823426115,324095.0187172152,0.3008324451257819,0.6654419060136545,0.8541236458838494,36.47389568288451,8.446905764793124,3.324109537393438,113,228,499,397.5792455491069,0.5176813093087329,15.612008296739516,15.612008296739516,24.325989637741458,52.06329388499179,0.0392676641739117,0.0611852603224904,0.1309507336407509,693.0591033676092,361.0501426142603,25.46624610955012,687,728,760,0.0526273957093356,0.0233953813274563,0.1305300169916625,0.1644832605531295,954.3944509547424,0.0
pixeldit_b,PixelDiT-B,model,250200,0.4,0.6,100000,25600000,768,828499.1142787983,406302.82089690526,529.0401313761787,115199.8740710938,115199.8740710938,263967.9368043959,342154.81530538347,0.2835320557627249,0.6496827568700902,0.8421177449619563,40.136689456754894,9.131999084597211,3.5269380645864405,127,248,511,314.27421430952336,0.4092112165488585,27.2435703053147,27.2435703053147,38.13509268931816,59.84585579554098,0.0866872592941493,0.1213433713392711,0.1904255999081102,565.3393276477271,114.60814389003,11.5357205677339,681,725,760,0.0709957497981898,0.079680193524115,0.3057405945192099,0.1864904552129221,1292.8290085445717,0.0
pixeldit_b,PixelDiT-B,model,250200,0.5,0.5,100000,25600000,768,772223.7705264252,424531.0462098312,552.7747997523844,120781.33703325652,120781.33703325652,275942.1250698852,357175.9372293528,0.2845053102984567,0.6499928039031954,0.8413423244735154,40.148690089248106,9.08608461784776,3.5148728821650543,130,251,512,251.05345985863028,0.3268925258575915,42.25557860205421,42.25557860205421,56.461082327059614,73.50914968053279,0.1683130701558488,0.2248966509318501,0.2928027748429607,367.3713075162956,33.66738984579567,5.941309246358907,668,718,758,0.1092864066077539,0.2698779043895027,0.5915990460047373,0.1946107784431137,1690.998588304209,0.0
pixeldit_b,PixelDiT-B,model,250200,0.6,0.4,100000,25600000,768,754354.0923241071,438758.8178312021,571.3005440510444,132127.05843216594,132127.05843216594,291034.21084957913,373052.3118970135,0.3011382405606659,0.6633125056908711,0.8502445916438152,37.0304187919243,8.423893248344688,3.3207340194927677,120,239,502,207.9169821964276,0.2707252372349317,60.64803318695806,60.64803318695806,79.30395855096583,93.05317553996724,0.2916935045241345,0.3814212658975791,0.4475496640868715,169.87445616787954,11.472651085512243,3.4282559758448805,639,704,756,0.2179869747770008,0.7342586456745336,0.968636543738361,0.1877934272300469,2110.25964880872,0.0
pixeldit_b,PixelDiT-B,model,250200,0.7,0.3,100000,25600000,768,791113.9715322361,457904.09729575866,596.2292933538524,151742.29550859812,151742.29550859812,315053.68158088817,397488.7774038503,0.3313844457927798,0.6880342050693558,0.8680611939296836,31.424278337371355,7.331195399067298,3.0176431413601,99,210,478,184.8647813229153,0.2407093506808793,82.42093406002625,82.42093406002625,106.66372136103683,118.47793337384424,0.4458444354311937,0.5769823792165172,0.6408896953005405,55.42352779797599,4.9378776798889925,2.2429348008635808,563,666,748,0.5669844484081891,1.4846855014100129,1.3453994026925076,0.1758436944937833,2476.967727540855,0.0
pixeldit_b,PixelDiT-B,model,250200,0.8,0.1999999999999999,100000,25600000,768,925979.989600163,499359.39811835234,650.2075496332712,184280.27050401055,184280.27050401055,364118.77305843646,447413.2476281925,0.3690333479221605,0.7291717637246458,0.8959744210564589,24.20577393732158,6.129211154685872,2.709782207029507,68,159,429,181.89685723809347,0.2368448661954342,107.5742812212588,107.5742812212588,138.54037075727263,149.78342318216397,0.5914026380370592,0.7616424651907567,0.8234525074070155,16.316858183450663,2.8101137041941966,1.6908953996538258,321,542,723,1.4834825225037644,2.1811256767076017,1.602572345743135,0.2118380062305296,2745.288762546991,0.0
pixeldit_b,PixelDiT-B,model,250200,0.9,0.0999999999999999,100000,25600000,768,1295439.8222201793,608712.5821604049,792.5945080213605,240446.3600267006,240446.3600267006,485319.0969260755,569450.9561813414,0.3950080334684775,0.7972877695473473,0.9355005512787028,16.249287988200212,5.148327891391128,2.5315940823259284,35,89,329,199.0132099419621,0.2591317837785964,136.10807467065567,136.10807467065567,174.93390673967315,186.96964496492623,0.6839147748551399,0.8790065081141543,0.9394835901569144,6.595190877394576,2.1019817734894346,1.462170487853271,18,100,573,2.4638085978520574,2.449273326877877,1.7313945968385418,1.9444444444444444,3058.6541583743256,0.0
dip_b,DiP-B,model,250200,0.1,0.9,100000,25600000,768,5286.967185552583,7713.558838200314,10.04369640390666,3838.626248335602,3838.626248335602,7047.726000185385,7533.137098328941,0.4976465894478365,0.9136802023577644,0.9766097927486,8.206788551791206,3.519494341789632,2.0094581600761083,10,20,202,624.4421383943453,0.8130757010343038,2.4902231440821687,2.4902231440821687,10.258443293082385,54.14036598722132,0.0039879165593875,0.0164281727038158,0.0867019739033543,766.5988461448444,763.6920600374616,250.7575033499652,691,730,761,0.0107054538277254,0.0046085255117317,0.0080135514719639,0.0144717800289435,12.352719914185352,0.0
dip_b,DiP-B,model,250200,0.2,0.8,100000,25600000,768,6336.396641189731,8021.980640972561,10.445287292933022,2511.776166536163,2511.776166536163,6520.282283443259,7511.688550573848,0.3131117212758124,0.8128020466841664,0.9363882670331594,18.98850041331668,7.069278968179923,3.1937482120611023,27,105,398,500.9685535773808,0.6523028041372146,7.360892576328675,7.360892576328675,15.03377317232954,50.161463948885256,0.0146933226122978,0.0300094148923608,0.100128967358701,750.3403690929136,673.5494847872206,68.05812588386452,690,729,761,0.0253065158099808,0.0104955599073959,0.0469267728222632,0.0391304347826087,16.01294249646643,0.0
dip_b,DiP-B,model,250200,0.3,0.7,100000,25600000,768,10268.605668003223,9424.74240529013,12.27180000688819,2055.960600347896,2055.960600347896,6875.999069171158,8341.962347940867,0.2181450178621201,0.7295689127070086,0.885113034310466,30.93226543662625,9.796736369006084,4.584106526017735,89,225,469,397.5792455491069,0.5176813093087329,15.612008296739516,15.612008296739516,24.325989637741458,52.06329388499179,0.0392676641739117,0.0611852603224904,0.1309507336407509,693.0591033676092,361.0501426142603,25.46624610955012,687,728,760,0.0446314972075611,0.027134004983548,0.1800071556011015,0.1295487627365356,23.705317897752376,0.0
dip_b,DiP-B,model,250200,0.4,0.6,100000,25600000,768,18001.343107883375,11728.04839285691,15.270896344865768,2600.5075429379544,2600.5075429379544,7795.009458419338,9675.663768023607,0.2217340392730491,0.6646467679283256,0.8250020330677245,45.01090711063801,11.535525265552588,4.5099074696807095,179,295,500,314.27421430952336,0.4092112165488585,27.2435703053147,27.2435703053147,38.13509268931816,59.84585579554098,0.0866872592941493,0.1213433713392711,0.1904255999081102,565.3393276477271,114.60814389003,11.5357205677339,681,725,760,0.0796175056455387,0.1006518810445205,0.3909515182168325,0.2628487518355359,37.31788310607676,0.0
dip_b,DiP-B,model,250200,0.5,0.5,100000,25600000,768,31058.792857559725,14835.104558008989,19.31654239324087,3161.6956970039905,3161.6956970039905,8895.565933701646,11245.28041454092,0.213122575890245,0.5996294733830656,0.7580182782378815,63.93100130757243,13.904070180645643,4.692135480358426,236,335,506,251.05345985863028,0.3268925258575915,42.25557860205421,42.25557860205421,56.461082327059614,73.50914968053279,0.1683130701558488,0.2248966509318501,0.2928027748429607,367.3713075162956,33.66738984579567,5.941309246358907,668,718,758,0.1740228482724841,0.41298331246733,0.7897477282863152,0.3532934131736527,59.091416490984535,0.0
dip_b,DiP-B,model,250200,0.6,0.4,100000,25600000,768,51040.47257771479,18848.84295496392,24.54276426427593,3647.465208645124,3647.465208645124,10084.864541940911,13077.551347824116,0.1935113586207979,0.5350389180936448,0.6938118896247736,87.64675675569426,17.437693288051026,5.16765531040266,267,351,508,207.9169821964276,0.2707252372349317,60.64803318695806,60.64803318695806,79.30395855096583,93.05317553996724,0.2916935045241345,0.3814212658975791,0.4475496640868715,169.87445616787954,11.472651085512243,3.4282559758448805,639,704,756,0.515950183052105,1.5199358158875311,1.5073714876641062,0.4178403755868544,90.6556201222498,0.0
dip_b,DiP-B,model,250200,0.7,0.3,100000,25600000,768,80848.93268494128,23899.739926346225,31.119453029096647,4095.5436991151305,4095.5436991151305,11449.313472506385,15313.423853772092,0.1713635257846613,0.479055985872259,0.6407360038630008,113.27307993658856,22.09575482920121,5.835547532189663,284,360,511,184.8647813229153,0.2407093506808793,82.42093406002625,82.42093406002625,106.66372136103683,118.47793337384424,0.4458444354311937,0.5769823792165172,0.6408896953005405,55.42352779797599,4.9378776798889925,2.2429348008635808,563,666,748,2.0437724633747543,4.474747302711221,2.601746394920996,0.5044404973357016,129.28227732354816,0.0
dip_b,DiP-B,model,250200,0.8,0.1999999999999999,100000,25600000,768,129981.09108727895,30156.89151074212,39.2667858212788,4527.562986673946,4527.562986673946,13141.074838601497,18138.06584074341,0.1501336099266462,0.4357569424527904,0.6014567461066898,137.45472129829452,27.629964073184087,6.660733732364058,297,370,515,181.89685723809347,0.2368448661954342,107.5742812212588,107.5742812212588,138.54037075727263,149.78342318216397,0.5914026380370592,0.7616424651907567,0.8234525074070155,16.316858183450663,2.8101137041941966,1.6908953996538258,321,542,723,8.424092417356894,9.832329571556256,3.93917550058253,0.9252336448598132,165.79116301755738,0.0
dip_b,DiP-B,model,250200,0.9,0.0999999999999999,100000,25600000,768,198431.6099613793,38489.76574040436,50.11688247448484,4856.463877615299,4856.463877615299,15636.59822904772,22260.69251760349,0.1261754594810968,0.4062534008263218,0.5783535464398911,159.00111703336597,34.625613478602666,7.925471435670235,309,383,526,199.0132099419621,0.2591317837785964,136.10807467065567,136.10807467065567,174.93390673967315,186.96964496492623,0.6839147748551399,0.8790065081141543,0.9394835901569144,6.595190877394576,2.1019817734894346,1.462170487853271,18,100,573,24.10864522183158,16.47284192246908,5.420347012547252,17.166666666666668,193.4030698345556,0.0
