family,size,frequency,phase,recompute,implementation,repeats,successful,status,ms,min_ms,max_ms,images_s,allocated_gib,reserved_gib,ddp_buckets
jit,B,plain,inference,none,official_flash,3,3,3 ok,19.55900019966066,19.513069395907223,19.624419405590743,6544.301789118073,1.206636905670166,1.6953125,0
jit,B,plain,train,none,official_flash,3,3,3 ok,75.59007729869336,75.47338610747829,75.74222040129825,1693.3439490240155,16.683114051818848,17.34765625,18
jit,H,plain,inference,none,official_flash,3,3,3 ok,134.1893263044767,134.18919189134613,134.38716980163008,953.8761653036913,4.689604759216309,5.65234375,0
jit,H,plain,train,none,official_flash,3,0,3 oom,,,,,,,
jit,L,plain,inference,none,official_flash,3,3,3 ok,69.17698429897428,69.12808889755979,69.27564720390365,1850.3263953629435,2.6362147331237793,3.361328125,0
jit,L,plain,train,none,official_flash,3,3,3 ok,243.10964200412855,242.85323329968378,243.1854547932744,526.5114083703281,47.21236324310303,48.009765625,50
sihc,B,block,inference,none,factored,3,3,3 ok,58.460074895992875,58.45557759748772,58.563312399201095,2189.5284983422716,3.5219740867614746,4.701171875,0
sihc,B,block,inference,none,fused,3,3,3 ok,26.54382510809228,26.478541898541152,26.63344800239429,4822.213809756353,3.011117935180664,4.076171875,0
sihc,B,block,inference,none,literal,3,3,3 ok,35.899654403328896,35.84234060253948,35.90325510594994,3565.4939337836868,3.050973892211914,5.345703125,0
sihc,B,block,train,mlp,factored,3,3,3 ok,148.6354822991416,148.60602859407663,148.7250683014281,861.167185789387,14.56347942352295,15.451171875,15
sihc,B,block,train,mlp,fused,3,3,3 ok,104.78017659625039,104.75024390034378,104.99075159896165,1221.605118048451,13.565343856811523,15.0,15
sihc,B,block,train,mlp,literal,3,3,3 ok,132.95899830991402,132.95222138985991,132.97317359829322,962.7028003147625,21.728808879852295,22.51171875,15
sihc,B,block,train,none,factored,3,3,3 ok,136.88802799442783,136.86294249491766,137.0588302030228,935.0708157269266,19.468151569366455,20.5703125,18
sihc,B,block,train,none,fused,3,3,3 ok,97.04506319249049,97.03693280462176,97.08890969632193,1318.9748740346522,18.900518894195557,20.083984375,18
sihc,B,block,train,none,literal,3,3,3 ok,123.42113459017128,123.4098203945905,123.43960249563679,1037.099524526599,26.822148323059082,27.130859375,18
sihc,B,sublayer,inference,none,factored,3,3,3 ok,168.11989350244403,168.0928414920345,168.25914800865576,761.3614149603254,4.1064453125,5.19921875,0
sihc,B,sublayer,inference,none,fused,3,3,3 ok,28.818840708117932,28.805748699232936,28.83356650127098,4441.538828588059,3.248046875,4.455078125,0
sihc,B,sublayer,inference,none,literal,3,3,3 ok,52.26991969393566,52.26952239172533,52.32260439079255,2448.827179178745,3.67706298828125,4.8046875,0
sihc,B,sublayer,train,mlp,factored,3,3,3 ok,263.8083557016216,263.751707598567,263.9153511961922,485.20070435059836,16.480851650238037,18.78125,15
sihc,B,sublayer,train,mlp,fused,3,3,3 ok,119.6458869962953,119.59025370888412,119.66289359843358,1069.823653895962,15.107618808746338,17.125,15
sihc,B,sublayer,train,mlp,literal,3,3,3 ok,296.11964490031824,296.05908900266513,296.3927599019371,432.25771138246574,22.328869342803955,22.927734375,15
sihc,B,sublayer,train,none,factored,3,3,3 ok,269.69277230091393,269.5515117957257,269.7874348028563,474.6141281724154,21.35654640197754,24.119140625,18
sihc,B,sublayer,train,none,fused,3,3,3 ok,113.72511540539563,113.7248816085048,113.85441810125485,1125.5209506160422,19.820175647735596,20.947265625,18
sihc,B,sublayer,train,none,literal,3,3,3 ok,210.38369910093024,210.231227602344,210.4280200903304,608.4121562031895,30.179710388183594,32.611328125,18
sihc,H,block,inference,none,factored,3,3,3 ok,202.94968880480155,202.77313080150634,202.9575578053482,630.6981831497721,12.48522424697876,13.8125,0
sihc,H,block,inference,none,fused,3,3,3 ok,149.60979550378397,149.5315784937702,149.6271777083166,855.558953001594,7.601803779602051,10.205078125,0
sihc,H,block,inference,none,literal,3,3,3 ok,191.15953790023923,190.83483329741284,191.62977669620886,669.5977684712734,7.706941604614258,11.52734375,0
sihc,H,block,train,mlp,factored,3,3,3 ok,834.5903026056476,833.3472046069801,835.2709418046288,153.3686643618735,63.19169998168945,68.416015625,98
sihc,H,block,train,mlp,fused,3,3,3 ok,602.9734930954874,602.6998140965588,603.8887081900612,212.281305008759,63.064889907836914,68.244140625,98
sihc,H,block,train,mlp,literal,3,0,3 oom,,,,,,,
sihc,H,block,train,none,factored,3,0,3 oom,,,,,,,
sihc,H,block,train,none,fused,3,0,3 oom,,,,,,,
sihc,H,block,train,none,literal,3,0,3 oom,,,,,,,
sihc,H,sublayer,inference,none,factored,3,3,3 ok,382.5465112924576,382.2082777041942,382.9020702978596,334.59983615467803,14.887712001800537,20.4453125,0
sihc,H,sublayer,inference,none,fused,3,3,3 ok,157.72125760558993,157.27753730025142,158.14954160014167,811.5583272870343,8.192323684692383,9.12890625,0
sihc,H,sublayer,inference,none,literal,3,3,3 ok,266.40758119756356,266.09103629598394,267.0230332063511,480.4668073806701,8.856691360473633,11.365234375,0
sihc,H,sublayer,train,mlp,factored,3,3,3 ok,1287.4156286008656,1283.5580338956788,1287.44793710066,99.42399109998962,67.97286653518677,71.48828125,98
sihc,H,sublayer,train,mlp,fused,3,3,3 ok,682.416534901131,681.9192096008919,682.9276703996584,187.5687259227163,67.1782579421997,71.259765625,98
sihc,H,sublayer,train,mlp,literal,3,0,3 oom,,,,,,,
sihc,H,sublayer,train,none,factored,3,0,3 oom,,,,,,,
sihc,H,sublayer,train,none,fused,3,0,3 oom,,,,,,,
sihc,H,sublayer,train,none,literal,3,0,3 oom,,,,,,,
sihc,L,block,inference,none,factored,3,3,3 ok,119.10571330226958,119.07587609020993,119.17253630235791,1074.6755672010315,7.143166542053223,9.689453125,0
sihc,L,block,inference,none,fused,3,3,3 ok,76.76253999816254,76.51378669543192,76.8487864988856,1667.4799974448986,4.991769313812256,6.611328125,0
sihc,L,block,inference,none,literal,3,3,3 ok,102.17139170272276,101.96551280096173,102.27062910562381,1252.7968726551949,5.04794979095459,8.09375,0
sihc,L,block,train,mlp,factored,3,3,3 ok,459.86223419895396,459.6361216972582,459.9127746070735,278.34423112166746,35.5990047454834,37.955078125,50
sihc,L,block,train,mlp,fused,3,3,3 ok,313.65677890134975,313.2643827004358,313.74160799896345,408.0893786142531,35.64749717712402,38.220703125,50
sihc,L,block,train,mlp,literal,3,3,3 ok,386.22319740243256,386.17876729695126,386.43327470635995,331.414583227708,55.695250511169434,58.501953125,50
sihc,L,block,train,none,factored,3,3,3 ok,400.9099737042561,400.4083749023266,401.00820780498907,319.27367338190305,50.8750696182251,53.029296875,50
sihc,L,block,train,none,fused,3,3,3 ok,292.77167529799044,292.4590618000366,293.0352973053232,437.2007635974974,50.333152770996094,50.8984375,50
sihc,L,block,train,none,literal,3,3,3 ok,365.23790379287675,364.3165942048654,365.60738470871,350.4565070348988,70.8319320678711,71.400390625,50
sihc,L,sublayer,inference,none,factored,3,3,3 ok,264.47401789482683,264.46986669907346,264.58411689382046,483.9794888694951,9.447890281677246,13.02734375,0
sihc,L,sublayer,inference,none,fused,3,3,3 ok,83.4822184056975,83.11098970007151,83.78214460099116,1533.260644535822,5.4356889724731445,7.546875,0
sihc,L,sublayer,inference,none,literal,3,3,3 ok,146.503099007532,146.44114249385893,146.56200029421598,873.7016545528452,5.92771053314209,7.900390625,0
sihc,L,sublayer,train,mlp,factored,3,3,3 ok,730.838018108625,730.6530865957029,730.9157102019526,175.14140866844625,39.42680788040161,42.2265625,50
sihc,L,sublayer,train,mlp,fused,3,3,3 ok,348.2783774030395,348.2625983073376,348.52957980474457,367.5220981401153,37.909064292907715,40.96484375,50
sihc,L,sublayer,train,mlp,literal,3,0,3 oom,,,,,,,
sihc,L,sublayer,train,none,factored,3,3,3 ok,707.1974748978391,707.1077781030908,707.7211700961925,180.99612137117813,53.571897983551025,58.140625,50
sihc,L,sublayer,train,none,fused,3,3,3 ok,330.63823640113696,330.49762909067795,330.72645879583433,387.1300591039562,52.06796312332153,54.626953125,50
sihc,L,sublayer,train,none,literal,3,0,3 oom,,,,,,,
sihc,XL,block,inference,none,factored,3,3,3 ok,164.3883746000938,164.25029300153255,164.4426449900493,778.6438688951363,9.790382385253906,10.251953125,0
sihc,XL,block,inference,none,fused,3,3,3 ok,129.72744000144303,129.56145378993824,130.01559609547257,986.6840816297322,6.130235195159912,7.201171875,0
sihc,XL,block,inference,none,literal,3,3,3 ok,171.46965650608763,171.46061100065708,171.55122270341963,746.4877612060513,6.186293601989746,9.251953125,0
sihc,XL,block,train,mlp,factored,3,3,3 ok,766.1459140013903,765.9496715990826,766.4605283061974,167.0700028033664,59.01682710647583,63.421875,82
sihc,XL,block,train,mlp,fused,3,3,3 ok,527.6749992044643,527.599682204891,527.9695568955503,242.57355416302826,59.042439460754395,62.93359375,82
sihc,XL,block,train,mlp,literal,3,0,3 oom,,,,,,,
sihc,XL,block,train,none,factored,3,0,3 oom,,,,,,,
sihc,XL,block,train,none,fused,3,0,3 oom,,,,,,,
sihc,XL,block,train,none,literal,3,0,3 oom,,,,,,,
sihc,XL,sublayer,inference,none,factored,3,3,3 ok,254.48853559792042,254.45787229109555,254.77739060297608,502.969611968037,11.229347229003906,14.53125,0
sihc,XL,sublayer,inference,none,fused,3,3,3 ok,137.35523900249973,136.8987284018658,137.42715609259903,931.8901916633156,6.075453758239746,7.453125,0
sihc,XL,sublayer,inference,none,literal,3,3,3 ok,247.13503050152212,246.8364604981616,247.20476750517264,517.9354773794872,7.067885398864746,9.060546875,0
sihc,XL,sublayer,train,mlp,factored,3,3,3 ok,861.634197703097,859.7568870987743,890.9438082017004,148.55492080190902,63.38046932220459,68.755859375,82
sihc,XL,sublayer,train,mlp,fused,3,3,3 ok,573.1538505060598,572.7929649059661,573.6641368945129,223.32572639437706,62.074923515319824,67.775390625,82
sihc,XL,sublayer,train,mlp,literal,3,0,3 oom,,,,,,,
sihc,XL,sublayer,train,none,factored,3,0,3 oom,,,,,,,
sihc,XL,sublayer,train,none,fused,3,0,3 oom,,,,,,,
sihc,XL,sublayer,train,none,literal,3,0,3 oom,,,,,,,
