case,family,size,frequency,phase,recompute,implementation,repeat,batch,status,failed_stage,ms,images_s,allocated_gib,reserved_gib,ddp_buckets,eager_relative_l2
B_block_inference_factored_r0_b128_none,sihc,B,block,inference,none,factored,0,128,ok,,58.460074895992875,2189.5284983422716,3.5708022117614746,4.833984375,0,0.0035922382958233356
B_block_inference_factored_r1_b128_none,sihc,B,block,inference,none,factored,1,128,ok,,58.563312399201095,2185.66871913731,3.5219740867614746,4.701171875,0,0.0035922382958233356
B_block_inference_factored_r2_b128_none,sihc,B,block,inference,none,factored,2,128,ok,,58.45557759748772,2189.6969504155772,3.5219740867614746,4.701171875,0,0.0035922382958233356
B_block_inference_fused_r0_b128_none,sihc,B,block,inference,none,fused,0,128,ok,,26.54382510809228,4822.213809756353,3.011117935180664,4.125,0,0.003158307634294033
B_block_inference_fused_r1_b128_none,sihc,B,block,inference,none,fused,1,128,ok,,26.478541898541152,4834.103044286295,3.011117935180664,4.076171875,0,0.003158307634294033
B_block_inference_fused_r2_b128_none,sihc,B,block,inference,none,fused,2,128,ok,,26.63344800239429,4805.986817346859,3.011117935180664,4.076171875,0,0.003158307634294033
B_block_inference_literal_r0_b128_none,sihc,B,block,inference,none,literal,0,128,ok,,35.90325510594994,3565.136353856329,3.067169189453125,5.396484375,0,0.003549425397068262
B_block_inference_literal_r1_b128_none,sihc,B,block,inference,none,literal,1,128,ok,,35.84234060253948,3571.1953474079487,3.050973892211914,5.345703125,0,0.003549425397068262
B_block_inference_literal_r2_b128_none,sihc,B,block,inference,none,literal,2,128,ok,,35.899654403328896,3565.4939337836868,3.050973892211914,5.345703125,0,0.003549425397068262
B_block_train_factored_r0_b128_mlp,sihc,B,block,train,mlp,factored,0,128,ok,,148.6354822991416,861.167185789387,14.561281681060791,15.36328125,15,0.0026608144398778677
B_block_train_factored_r0_b128_none,sihc,B,block,train,none,factored,0,128,ok,,137.0588302030228,933.9055339258031,19.46632432937622,20.603515625,18,0.0026598931290209293
B_block_train_factored_r1_b128_mlp,sihc,B,block,train,mlp,factored,1,128,ok,,148.60602859407663,861.3378690688058,14.56347942352295,15.451171875,15,0.0026608144398778677
B_block_train_factored_r1_b128_none,sihc,B,block,train,none,factored,1,128,ok,,136.88802799442783,935.0708157269266,19.468151569366455,20.5703125,18,0.0026598931290209293
B_block_train_factored_r2_b128_mlp,sihc,B,block,train,mlp,factored,2,128,ok,,148.7250683014281,860.6484532962282,14.56347942352295,15.451171875,15,0.0026608144398778677
B_block_train_factored_r2_b128_none,sihc,B,block,train,none,factored,2,128,ok,,136.86294249491766,935.2422041105335,19.46900177001953,20.5703125,18,0.0026598931290209293
B_block_train_fused_r0_b128_mlp,sihc,B,block,train,mlp,fused,0,128,ok,,104.99075159896165,1219.155002232272,13.562411785125732,14.560546875,15,0.0026564649306237698
B_block_train_fused_r0_b128_none,sihc,B,block,train,none,fused,0,128,ok,,97.03693280462176,1319.0853863623306,18.898428440093994,19.9609375,18,0.0026551925111562014
B_block_train_fused_r1_b128_mlp,sihc,B,block,train,mlp,fused,1,128,ok,,104.75024390034378,1221.954195369467,13.565343856811523,15.0,15,0.0026564649306237698
B_block_train_fused_r1_b128_none,sihc,B,block,train,none,fused,1,128,ok,,97.04506319249049,1318.9748740346522,18.900518894195557,20.083984375,18,0.0026551925111562014
B_block_train_fused_r2_b128_mlp,sihc,B,block,train,mlp,fused,2,128,ok,,104.78017659625039,1221.605118048451,13.565343856811523,15.0,15,0.0026564649306237698
B_block_train_fused_r2_b128_none,sihc,B,block,train,none,fused,2,128,ok,,97.08890969632193,1318.3792093284685,18.900518894195557,20.083984375,18,0.0026551925111562014
B_block_train_literal_r0_b128_mlp,sihc,B,block,train,mlp,literal,0,128,ok,,132.97317359829322,962.6001736762561,21.728439331054688,22.603515625,15,0.00266055203974247
B_block_train_literal_r0_b128_none,sihc,B,block,train,none,literal,0,128,ok,,123.4098203945905,1037.1946056702202,26.822200775146484,27.537109375,18,0.0026588798500597477
B_block_train_literal_r1_b128_mlp,sihc,B,block,train,mlp,literal,1,128,ok,,132.95222138985991,962.7518717770171,21.728808879852295,22.51171875,15,0.00266055203974247
B_block_train_literal_r1_b128_none,sihc,B,block,train,none,literal,1,128,ok,,123.43960249563679,1036.9443631716524,26.822148323059082,27.130859375,18,0.0026588798500597477
B_block_train_literal_r2_b128_mlp,sihc,B,block,train,mlp,literal,2,128,ok,,132.95899830991402,962.7028003147625,21.728808879852295,22.51171875,15,0.00266055203974247
B_block_train_literal_r2_b128_none,sihc,B,block,train,none,literal,2,128,ok,,123.42113459017128,1037.099524526599,26.822148323059082,27.130859375,18,0.002658874960616231
B_sublayer_inference_factored_r0_b128_none,sihc,B,sublayer,inference,none,factored,0,128,ok,,168.25914800865576,760.7312976136982,4.1103515625,5.283203125,0,0.0035894527100026608
B_sublayer_inference_factored_r1_b128_none,sihc,B,sublayer,inference,none,factored,1,128,ok,,168.11989350244403,761.3614149603254,4.1064453125,5.19921875,0,0.0035894527100026608
B_sublayer_inference_factored_r2_b128_none,sihc,B,sublayer,inference,none,factored,2,128,ok,,168.0928414920345,761.4839446096555,4.1064453125,5.19921875,0,0.0035894527100026608
B_sublayer_inference_fused_r0_b128_none,sihc,B,sublayer,inference,none,fused,0,128,ok,,28.805748699232936,4443.5574765466345,3.269840717315674,4.48828125,0,0.0031667575240135193
B_sublayer_inference_fused_r1_b128_none,sihc,B,sublayer,inference,none,fused,1,128,ok,,28.83356650127098,4439.270459114303,3.248046875,4.455078125,0,0.0031667575240135193
B_sublayer_inference_fused_r2_b128_none,sihc,B,sublayer,inference,none,fused,2,128,ok,,28.818840708117932,4441.538828588059,3.248046875,4.455078125,0,0.0031667575240135193
B_sublayer_inference_literal_r0_b128_none,sihc,B,sublayer,inference,none,literal,0,128,ok,,52.32260439079255,2446.361405177391,3.72674560546875,4.857421875,0,0.0032221446745097637
B_sublayer_inference_literal_r1_b128_none,sihc,B,sublayer,inference,none,literal,1,128,ok,,52.26991969393566,2448.827179178745,3.67706298828125,4.8046875,0,0.0032221446745097637
B_sublayer_inference_literal_r2_b128_none,sihc,B,sublayer,inference,none,literal,2,128,ok,,52.26952239172533,2448.845792787718,3.67706298828125,4.8046875,0,0.0032221446745097637
B_sublayer_train_factored_r0_b128_mlp,sihc,B,sublayer,train,mlp,factored,0,128,ok,,263.751707598567,485.3049148588543,16.484323978424072,18.640625,15,0.002660553203895688
B_sublayer_train_factored_r0_b128_none,sihc,B,sublayer,train,none,factored,0,128,ok,,269.5515117957257,474.86285329018034,21.360750675201416,25.171875,18,0.002663624007254839
B_sublayer_train_factored_r1_b128_mlp,sihc,B,sublayer,train,mlp,factored,1,128,ok,,263.9153511961922,485.0039962428938,16.480851650238037,18.78125,15,0.002660553203895688
B_sublayer_train_factored_r1_b128_none,sihc,B,sublayer,train,none,factored,1,128,ok,,269.7874348028563,474.44759646991844,21.35654640197754,24.119140625,18,0.002663624007254839
B_sublayer_train_factored_r2_b128_mlp,sihc,B,sublayer,train,mlp,factored,2,128,ok,,263.8083557016216,485.20070435059836,16.480851650238037,18.78125,15,0.002660553203895688
B_sublayer_train_factored_r2_b128_none,sihc,B,sublayer,train,none,factored,2,128,ok,,269.69277230091393,474.6141281724154,21.35654640197754,24.119140625,18,0.002663624007254839
B_sublayer_train_fused_r0_b128_mlp,sihc,B,sublayer,train,mlp,fused,0,128,ok,,119.66289359843358,1069.6716095596366,15.1084885597229,16.783203125,15,0.002664233325049281
B_sublayer_train_fused_r0_b128_none,sihc,B,sublayer,train,none,fused,0,128,ok,,113.85441810125485,1124.2427139381184,19.81683588027954,21.115234375,18,0.0026633301749825478
B_sublayer_train_fused_r1_b128_mlp,sihc,B,sublayer,train,mlp,fused,1,128,ok,,119.6458869962953,1069.823653895962,15.107618808746338,17.125,15,0.002664233325049281
B_sublayer_train_fused_r1_b128_none,sihc,B,sublayer,train,none,fused,1,128,ok,,113.7248816085048,1125.5232644746727,19.820175647735596,20.947265625,18,0.0026633301749825478
B_sublayer_train_fused_r2_b128_mlp,sihc,B,sublayer,train,mlp,fused,2,128,ok,,119.59025370888412,1070.3213349775772,15.107618808746338,17.125,15,0.002664233325049281
B_sublayer_train_fused_r2_b128_none,sihc,B,sublayer,train,none,fused,2,128,ok,,113.72511540539563,1125.5209506160422,19.820175647735596,20.947265625,18,0.0026633301749825478
B_sublayer_train_literal_r0_b128_mlp,sihc,B,sublayer,train,mlp,literal,0,128,ok,,296.05908900266513,432.34612533327,22.33447027206421,22.974609375,15,0.0028898720629513264
B_sublayer_train_literal_r0_b128_none,sihc,B,sublayer,train,none,literal,0,128,ok,,210.231227602344,608.8534108839159,30.176206588745117,32.240234375,18,0.0028245614375919104
B_sublayer_train_literal_r1_b128_mlp,sihc,B,sublayer,train,mlp,literal,1,128,ok,,296.11964490031824,432.25771138246574,22.328869342803955,22.927734375,15,0.0028898720629513264
B_sublayer_train_literal_r1_b128_none,sihc,B,sublayer,train,none,literal,1,128,ok,,210.4280200903304,608.2840105849662,30.179710388183594,32.611328125,18,0.0028245614375919104
B_sublayer_train_literal_r2_b128_mlp,sihc,B,sublayer,train,mlp,literal,2,128,ok,,296.3927599019371,431.8594018367702,22.328869342803955,22.927734375,15,0.0028898720629513264
B_sublayer_train_literal_r2_b128_none,sihc,B,sublayer,train,none,literal,2,128,ok,,210.38369910093024,608.4121562031895,30.179710388183594,32.611328125,18,0.0028245614375919104
H_block_inference_factored_r0_b128_none,sihc,H,block,inference,none,factored,0,128,ok,,202.94968880480155,630.6981831497721,12.485238552093506,13.80078125,0,0.004646153189241886
H_block_inference_factored_r1_b128_none,sihc,H,block,inference,none,factored,1,128,ok,,202.9575578053482,630.673729936984,12.48522424697876,13.8125,0,0.004646153189241886
H_block_inference_factored_r2_b128_none,sihc,H,block,inference,none,factored,2,128,ok,,202.77313080150634,631.2473427522239,12.48522424697876,13.8125,0,0.004646153189241886
H_block_inference_fused_r0_b128_none,sihc,H,block,inference,none,fused,0,128,ok,,149.5315784937702,856.0064789614505,7.601803779602051,9.00390625,0,0.003696046769618988
H_block_inference_fused_r1_b128_none,sihc,H,block,inference,none,fused,1,128,ok,,149.6271777083166,855.4595626305494,7.601803779602051,10.205078125,0,0.003696046769618988
H_block_inference_fused_r2_b128_none,sihc,H,block,inference,none,fused,2,128,ok,,149.60979550378397,855.558953001594,7.601803779602051,10.205078125,0,0.003696046769618988
H_block_inference_literal_r0_b128_none,sihc,H,block,inference,none,literal,0,128,ok,,191.62977669620886,667.9546477942137,7.755769729614258,11.60546875,0,0.005912535823881626
H_block_inference_literal_r1_b128_none,sihc,H,block,inference,none,literal,1,128,ok,,191.15953790023923,669.5977684712734,7.706941604614258,11.52734375,0,0.005907909478992224
H_block_inference_literal_r2_b128_none,sihc,H,block,inference,none,literal,2,128,ok,,190.83483329741284,670.73708603562,7.706941604614258,11.52734375,0,0.005907909478992224
H_block_train_factored_r0_b128_mlp,sihc,H,block,train,mlp,factored,0,128,ok,,833.3472046069801,153.59744328939922,63.184083461761475,68.220703125,98,0.00318688596598804
H_block_train_factored_r0_b128_none,sihc,H,block,train,none,factored,0,128,oom,compile_and_first_step,,,,,,
H_block_train_factored_r1_b128_mlp,sihc,H,block,train,mlp,factored,1,128,ok,,834.5903026056476,153.3686643618735,63.19475078582764,68.416015625,98,0.00318688596598804
H_block_train_factored_r1_b128_none,sihc,H,block,train,none,factored,1,128,oom,compile_and_first_step,,,,,,
H_block_train_factored_r2_b128_mlp,sihc,H,block,train,mlp,factored,2,128,ok,,835.2709418046288,153.2436884772407,63.19169998168945,68.416015625,98,0.00318688596598804
H_block_train_factored_r2_b128_none,sihc,H,block,train,none,factored,2,128,oom,compile_and_first_step,,,,,,
H_block_train_fused_r0_b128_mlp,sihc,H,block,train,mlp,fused,0,128,ok,,603.8887081900612,211.95958504280347,63.0676851272583,68.412109375,98,0.003185997251421213
H_block_train_fused_r0_b128_none,sihc,H,block,train,none,fused,0,128,oom,compile_and_first_step,,,,,,
H_block_train_fused_r1_b128_mlp,sihc,H,block,train,mlp,fused,1,128,ok,,602.9734930954874,212.281305008759,63.064889907836914,68.244140625,98,0.003185997251421213
H_block_train_fused_r1_b128_none,sihc,H,block,train,none,fused,1,128,oom,compile_and_first_step,,,,,,
H_block_train_fused_r2_b128_mlp,sihc,H,block,train,mlp,fused,2,128,ok,,602.6998140965588,212.3776994885435,63.064889907836914,68.244140625,98,0.003185997251421213
H_block_train_fused_r2_b128_none,sihc,H,block,train,none,fused,2,128,oom,compile_and_first_step,,,,,,
H_block_train_literal_r0_b128_mlp,sihc,H,block,train,mlp,literal,0,128,oom,compile_and_first_step,,,,,,
H_block_train_literal_r0_b128_none,sihc,H,block,train,none,literal,0,128,oom,compile_and_first_step,,,,,,
H_block_train_literal_r1_b128_mlp,sihc,H,block,train,mlp,literal,1,128,oom,compile_and_first_step,,,,,,
H_block_train_literal_r1_b128_none,sihc,H,block,train,none,literal,1,128,oom,compile_and_first_step,,,,,,
H_block_train_literal_r2_b128_mlp,sihc,H,block,train,mlp,literal,2,128,oom,compile_and_first_step,,,,,,
H_block_train_literal_r2_b128_none,sihc,H,block,train,none,literal,2,128,oom,compile_and_first_step,,,,,,
H_sublayer_inference_factored_r0_b128_none,sihc,H,sublayer,inference,none,factored,0,128,ok,,382.2082777041942,334.8959388552651,14.889048099517822,18.47265625,0,0.0046373759396374226
H_sublayer_inference_factored_r1_b128_none,sihc,H,sublayer,inference,none,factored,1,128,ok,,382.5465112924576,334.59983615467803,14.887712001800537,20.4453125,0,0.004641534760594368
H_sublayer_inference_factored_r2_b128_none,sihc,H,sublayer,inference,none,factored,2,128,ok,,382.9020702978596,334.2891301173398,14.887712001800537,20.4453125,0,0.004641623701900244
H_sublayer_inference_fused_r0_b128_none,sihc,H,sublayer,inference,none,fused,0,128,ok,,158.14954160014167,809.3605501787008,8.192323684692383,9.146484375,0,0.0037079767789691687
H_sublayer_inference_fused_r1_b128_none,sihc,H,sublayer,inference,none,fused,1,128,ok,,157.72125760558993,811.5583272870343,8.192323684692383,9.12890625,0,0.0037079767789691687
H_sublayer_inference_fused_r2_b128_none,sihc,H,sublayer,inference,none,fused,2,128,ok,,157.27753730025142,813.8479416526022,8.192323684692383,9.12890625,0,0.0037079767789691687
H_sublayer_inference_literal_r0_b128_none,sihc,H,sublayer,inference,none,literal,0,128,ok,,266.09103629598394,481.0383761203454,8.856691360473633,11.39453125,0,0.003831072011962533
H_sublayer_inference_literal_r1_b128_none,sihc,H,sublayer,inference,none,literal,1,128,ok,,266.40758119756356,480.4668073806701,8.856691360473633,11.365234375,0,0.003831072011962533
H_sublayer_inference_literal_r2_b128_none,sihc,H,sublayer,inference,none,literal,2,128,ok,,267.0230332063511,479.3593963150125,8.856691360473633,11.365234375,0,0.003831072011962533
H_sublayer_train_factored_r0_b128_mlp,sihc,H,sublayer,train,mlp,factored,0,128,ok,,1283.5580338956788,99.72279914100339,67.96250438690186,71.76171875,98,0.003190957475453615
H_sublayer_train_factored_r0_b128_none,sihc,H,sublayer,train,none,factored,0,128,oom,compile_and_first_step,,,,,,
H_sublayer_train_factored_r1_b128_mlp,sihc,H,sublayer,train,mlp,factored,1,128,ok,,1287.4156286008656,99.42399109998962,67.97286653518677,71.48828125,98,0.003190957475453615
H_sublayer_train_factored_r1_b128_none,sihc,H,sublayer,train,none,factored,1,128,oom,compile_and_first_step,,,,,,
H_sublayer_train_factored_r2_b128_mlp,sihc,H,sublayer,train,mlp,factored,2,128,ok,,1287.44793710066,99.42149605541077,67.97286653518677,71.48828125,98,0.003190957475453615
H_sublayer_train_factored_r2_b128_none,sihc,H,sublayer,train,none,factored,2,128,oom,compile_and_first_step,,,,,,
H_sublayer_train_fused_r0_b128_mlp,sihc,H,sublayer,train,mlp,fused,0,128,ok,,681.9192096008919,187.70552024031525,67.1782579421997,71.259765625,98,0.003185427049174905
H_sublayer_train_fused_r0_b128_none,sihc,H,sublayer,train,none,fused,0,128,oom,compile_and_first_step,,,,,,
H_sublayer_train_fused_r1_b128_mlp,sihc,H,sublayer,train,mlp,fused,1,128,ok,,682.9276703996584,187.42834058121073,67.1782579421997,71.259765625,98,0.003185427049174905
H_sublayer_train_fused_r1_b128_none,sihc,H,sublayer,train,none,fused,1,128,oom,compile_and_first_step,,,,,,
H_sublayer_train_fused_r2_b128_mlp,sihc,H,sublayer,train,mlp,fused,2,128,ok,,682.416534901131,187.5687259227163,67.1782579421997,71.259765625,98,0.003185427049174905
H_sublayer_train_fused_r2_b128_none,sihc,H,sublayer,train,none,fused,2,128,oom,compile_and_first_step,,,,,,
H_sublayer_train_literal_r0_b128_mlp,sihc,H,sublayer,train,mlp,literal,0,128,oom,compile_and_first_step,,,,,,
H_sublayer_train_literal_r0_b128_none,sihc,H,sublayer,train,none,literal,0,128,oom,compile_and_first_step,,,,,,
H_sublayer_train_literal_r1_b128_mlp,sihc,H,sublayer,train,mlp,literal,1,128,oom,compile_and_first_step,,,,,,
H_sublayer_train_literal_r1_b128_none,sihc,H,sublayer,train,none,literal,1,128,oom,compile_and_first_step,,,,,,
H_sublayer_train_literal_r2_b128_mlp,sihc,H,sublayer,train,mlp,literal,2,128,oom,compile_and_first_step,,,,,,
H_sublayer_train_literal_r2_b128_none,sihc,H,sublayer,train,none,literal,2,128,oom,compile_and_first_step,,,,,,
JIT_B_inference_flash_r0_b128,jit,B,plain,inference,none,official_flash,0,128,ok,,19.55900019966066,6544.301789118073,1.254976749420166,1.669921875,0,0.003369455225765705
JIT_B_inference_flash_r1_b128,jit,B,plain,inference,none,official_flash,1,128,ok,,19.624419405590743,6522.485957650011,1.206636905670166,1.6953125,0,0.003369455225765705
JIT_B_inference_flash_r2_b128,jit,B,plain,inference,none,official_flash,2,128,ok,,19.513069395907223,6559.706082265428,1.206636905670166,1.6953125,0,0.003369455225765705
JIT_B_train_flash_r0_b128,jit,B,plain,train,none,official_flash,0,128,ok,,75.74222040129825,1689.9425356403472,16.67802858352661,17.23828125,18,0.0016638207016512752
JIT_B_train_flash_r1_b128,jit,B,plain,train,none,official_flash,1,128,ok,,75.59007729869336,1693.3439490240155,16.683114051818848,17.34765625,18,0.0016638207016512752
JIT_B_train_flash_r2_b128,jit,B,plain,train,none,official_flash,2,128,ok,,75.47338610747829,1695.9620682411266,16.683114051818848,17.34765625,18,0.0016638207016512752
JIT_H_inference_flash_r0_b128,jit,H,plain,inference,none,official_flash,0,128,ok,,134.1893263044767,953.8761653036913,6.360473155975342,5.685546875,0,0.003696882165968418
JIT_H_inference_flash_r1_b128,jit,H,plain,inference,none,official_flash,1,128,ok,,134.38716980163008,952.4718779995276,4.689604759216309,5.65234375,0,0.003696882165968418
JIT_H_inference_flash_r2_b128,jit,H,plain,inference,none,official_flash,2,128,ok,,134.18919189134613,953.8771207717119,4.689604759216309,5.65234375,0,0.003696882165968418
JIT_H_train_flash_r0_b128,jit,H,plain,train,none,official_flash,0,128,oom,warmup,,,,,,
JIT_H_train_flash_r1_b128,jit,H,plain,train,none,official_flash,1,128,oom,warmup,,,,,,
JIT_H_train_flash_r2_b128,jit,H,plain,train,none,official_flash,2,128,oom,warmup,,,,,,
JIT_L_inference_flash_r0_b128,jit,L,plain,inference,none,official_flash,0,128,ok,,69.17698429897428,1850.3263953629435,3.6429600715637207,3.341796875,0,0.0036045191809535027
JIT_L_inference_flash_r1_b128,jit,L,plain,inference,none,official_flash,1,128,ok,,69.12808889755979,1851.6351607764232,2.6362147331237793,3.361328125,0,0.0036045191809535027
JIT_L_inference_flash_r2_b128,jit,L,plain,inference,none,official_flash,2,128,ok,,69.27564720390365,1847.691146403137,2.6362147331237793,3.361328125,0,0.0036045191809535027
JIT_L_train_flash_r0_b128,jit,L,plain,train,none,official_flash,0,128,ok,,243.10964200412855,526.5114083703281,47.21843719482422,48.1640625,50,0.0018200104823336005
JIT_L_train_flash_r1_b128,jit,L,plain,train,none,official_flash,1,128,ok,,243.1854547932744,526.3472690371611,47.21236324310303,48.009765625,50,0.0018200104823336005
JIT_L_train_flash_r2_b128,jit,L,plain,train,none,official_flash,2,128,ok,,242.85323329968378,527.0673083526398,47.21236324310303,48.009765625,50,0.0018200104823336005
L_block_inference_factored_r0_b128_none,sihc,L,block,inference,none,factored,0,128,ok,,119.07587609020993,1074.9448519952882,7.191994667053223,9.740234375,0,0.00417661527171731
L_block_inference_factored_r1_b128_none,sihc,L,block,inference,none,factored,1,128,ok,,119.17253630235791,1074.072969926943,7.143166542053223,9.689453125,0,0.00417661527171731
L_block_inference_factored_r2_b128_none,sihc,L,block,inference,none,factored,2,128,ok,,119.10571330226958,1074.6755672010315,7.143166542053223,9.689453125,0,0.00417661527171731
L_block_inference_fused_r0_b128_none,sihc,L,block,inference,none,fused,0,128,ok,,76.8487864988856,1665.6086040064686,4.991769313812256,6.470703125,0,0.0034768718760460615
L_block_inference_fused_r1_b128_none,sihc,L,block,inference,none,fused,1,128,ok,,76.76253999816254,1667.4799974448986,4.991769313812256,6.611328125,0,0.0034768718760460615
L_block_inference_fused_r2_b128_none,sihc,L,block,inference,none,fused,2,128,ok,,76.51378669543192,1672.9011270806957,4.991769313812256,6.611328125,0,0.0034768718760460615
L_block_inference_literal_r0_b128_none,sihc,L,block,inference,none,literal,0,128,ok,,102.27062910562381,1251.5812322597842,5.09677791595459,8.14453125,0,0.0046862331219017506
L_block_inference_literal_r1_b128_none,sihc,L,block,inference,none,literal,1,128,ok,,102.17139170272276,1252.7968726551949,5.04794979095459,8.09375,0,0.0046862331219017506
L_block_inference_literal_r2_b128_none,sihc,L,block,inference,none,literal,2,128,ok,,101.96551280096173,1255.3263989350792,5.04794979095459,8.09375,0,0.0046862331219017506
L_block_train_factored_r0_b128_mlp,sihc,L,block,train,mlp,factored,0,128,ok,,459.6361216972582,278.4811592425451,35.59573268890381,37.818359375,50,0.002978119533509016
L_block_train_factored_r0_b128_none,sihc,L,block,train,none,factored,0,128,ok,,400.4083749023266,319.6736332780842,50.87571668624878,52.912109375,50,0.002978119533509016
L_block_train_factored_r1_b128_mlp,sihc,L,block,train,mlp,factored,1,128,ok,,459.9127746070735,278.31364351502697,35.5990047454834,37.955078125,50,0.002978119533509016
L_block_train_factored_r1_b128_none,sihc,L,block,train,none,factored,1,128,ok,,400.9099737042561,319.27367338190305,50.8750696182251,53.029296875,50,0.002978119533509016
L_block_train_factored_r2_b128_mlp,sihc,L,block,train,mlp,factored,2,128,ok,,459.86223419895396,278.34423112166746,35.5990047454834,37.955078125,50,0.002978119533509016
L_block_train_factored_r2_b128_none,sihc,L,block,train,none,factored,2,128,ok,,401.00820780498907,319.1954616107175,50.8750696182251,53.029296875,50,0.002978119533509016
L_block_train_fused_r0_b128_mlp,sihc,L,block,train,mlp,fused,0,128,ok,,313.2643827004358,408.6005529789261,35.64508390426636,37.685546875,50,0.0029794832225888968
L_block_train_fused_r0_b128_none,sihc,L,block,train,none,fused,0,128,ok,,292.4590618000366,437.6680934835167,50.333152770996094,50.8984375,50,0.0029794832225888968
L_block_train_fused_r1_b128_mlp,sihc,L,block,train,mlp,fused,1,128,ok,,313.74160799896345,407.97903987418493,35.64749717712402,38.220703125,50,0.0029794832225888968
L_block_train_fused_r1_b128_none,sihc,L,block,train,none,fused,1,128,ok,,292.77167529799044,437.2007635974974,50.333152770996094,50.8984375,50,0.0029794832225888968
L_block_train_fused_r2_b128_mlp,sihc,L,block,train,mlp,fused,2,128,ok,,313.65677890134975,408.0893786142531,35.64749717712402,38.220703125,50,0.0029794832225888968
L_block_train_fused_r2_b128_none,sihc,L,block,train,none,fused,2,128,ok,,293.0352973053232,436.8074466695818,50.333152770996094,50.8984375,50,0.0029794832225888968
L_block_train_literal_r0_b128_mlp,sihc,L,block,train,mlp,literal,0,128,ok,,386.22319740243256,331.414583227708,55.695250511169434,58.501953125,50,0.0029860646463930607
L_block_train_literal_r0_b128_none,sihc,L,block,train,none,literal,0,128,ok,,365.23790379287675,350.4565070348988,70.83101606369019,71.40625,50,0.0029860646463930607
L_block_train_literal_r1_b128_mlp,sihc,L,block,train,mlp,literal,1,128,ok,,386.43327470635995,331.2344158180056,55.69339370727539,58.37890625,50,0.0029860646463930607
L_block_train_literal_r1_b128_none,sihc,L,block,train,none,literal,1,128,ok,,365.60738470871,350.1023375170097,70.8319320678711,71.400390625,50,0.0029860646463930607
L_block_train_literal_r2_b128_mlp,sihc,L,block,train,mlp,literal,2,128,ok,,386.17876729695126,331.45271268001824,55.69762182235718,58.501953125,50,0.0029860646463930607
L_block_train_literal_r2_b128_none,sihc,L,block,train,none,literal,2,128,ok,,364.3165942048654,351.3427662535241,70.8319320678711,71.400390625,50,0.0029860646463930607
L_sublayer_inference_factored_r0_b128_none,sihc,L,sublayer,inference,none,factored,0,128,ok,,264.47401789482683,483.9794888694951,9.531926155090332,13.056640625,0,0.004178460221737623
L_sublayer_inference_factored_r1_b128_none,sihc,L,sublayer,inference,none,factored,1,128,ok,,264.58411689382046,483.7780948558123,9.447890281677246,13.02734375,0,0.004178460221737623
L_sublayer_inference_factored_r2_b128_none,sihc,L,sublayer,inference,none,factored,2,128,ok,,264.46986669907346,483.98708555196026,9.447890281677246,13.02734375,0,0.004178460221737623
L_sublayer_inference_fused_r0_b128_none,sihc,L,sublayer,inference,none,fused,0,128,ok,,83.4822184056975,1533.260644535822,5.4847612380981445,7.61328125,0,0.00346575491130352
L_sublayer_inference_fused_r1_b128_none,sihc,L,sublayer,inference,none,fused,1,128,ok,,83.78214460099116,1527.7718254837528,5.4356889724731445,7.546875,0,0.00346575491130352
L_sublayer_inference_fused_r2_b128_none,sihc,L,sublayer,inference,none,fused,2,128,ok,,83.11098970007151,1540.1092017063281,5.4356889724731445,7.546875,0,0.00346575491130352
L_sublayer_inference_literal_r0_b128_none,sihc,L,sublayer,inference,none,literal,0,128,ok,,146.503099007532,873.7016545528452,5.97751522064209,7.94921875,0,0.0035575588699430227
L_sublayer_inference_literal_r1_b128_none,sihc,L,sublayer,inference,none,literal,1,128,ok,,146.44114249385893,874.0713014129054,5.92771053314209,7.900390625,0,0.0035575588699430227
L_sublayer_inference_literal_r2_b128_none,sihc,L,sublayer,inference,none,literal,2,128,ok,,146.56200029421598,873.3505256686338,5.92771053314209,7.900390625,0,0.0035575588699430227
L_sublayer_train_factored_r0_b128_mlp,sihc,L,sublayer,train,mlp,factored,0,128,ok,,730.838018108625,175.14140866844625,39.42700386047363,42.306640625,50,0.002980093937367201
L_sublayer_train_factored_r0_b128_none,sihc,L,sublayer,train,none,factored,0,128,ok,,707.7211700961925,180.86218896433806,53.571897983551025,58.140625,50,0.002980093937367201
L_sublayer_train_factored_r1_b128_mlp,sihc,L,sublayer,train,mlp,factored,1,128,ok,,730.6530865957029,175.18573773004135,39.42680788040161,42.2265625,50,0.002980093937367201
L_sublayer_train_factored_r1_b128_none,sihc,L,sublayer,train,none,factored,1,128,ok,,707.1077781030908,181.01908077348088,53.571897983551025,58.140625,50,0.002980093937367201
L_sublayer_train_factored_r2_b128_mlp,sihc,L,sublayer,train,mlp,factored,2,128,ok,,730.9157102019526,175.12279215428754,39.42680788040161,42.2265625,50,0.002980093937367201
L_sublayer_train_factored_r2_b128_none,sihc,L,sublayer,train,none,factored,2,128,ok,,707.1974748978391,180.99612137117813,53.571897983551025,58.140625,50,0.002980093937367201
L_sublayer_train_fused_r0_b128_mlp,sihc,L,sublayer,train,mlp,fused,0,128,ok,,348.52957980474457,367.25720689678326,37.91743850708008,41.634765625,50,0.002973689464852214
L_sublayer_train_fused_r0_b128_none,sihc,L,sublayer,train,none,fused,0,128,ok,,330.49762909067795,387.2947601838345,52.06796312332153,54.626953125,50,0.002973689464852214
L_sublayer_train_fused_r1_b128_mlp,sihc,L,sublayer,train,mlp,fused,1,128,ok,,348.2625983073376,367.5387498460042,37.909064292907715,40.96484375,50,0.002973689464852214
L_sublayer_train_fused_r1_b128_none,sihc,L,sublayer,train,none,fused,1,128,ok,,330.72645879583433,387.0267908592629,52.06796312332153,54.626953125,50,0.002973689464852214
L_sublayer_train_fused_r2_b128_mlp,sihc,L,sublayer,train,mlp,fused,2,128,ok,,348.2783774030395,367.5220981401153,37.909064292907715,40.96484375,50,0.002973689464852214
L_sublayer_train_fused_r2_b128_none,sihc,L,sublayer,train,none,fused,2,128,ok,,330.63823640113696,387.1300591039562,52.06796312332153,54.626953125,50,0.002973689464852214
L_sublayer_train_literal_r0_b128_mlp,sihc,L,sublayer,train,mlp,literal,0,128,oom,compile_and_first_step,,,,,,
L_sublayer_train_literal_r0_b128_none,sihc,L,sublayer,train,none,literal,0,128,oom,compile_and_first_step,,,,,,
L_sublayer_train_literal_r1_b128_mlp,sihc,L,sublayer,train,mlp,literal,1,128,oom,compile_and_first_step,,,,,,
L_sublayer_train_literal_r1_b128_none,sihc,L,sublayer,train,none,literal,1,128,oom,compile_and_first_step,,,,,,
L_sublayer_train_literal_r2_b128_mlp,sihc,L,sublayer,train,mlp,literal,2,128,oom,compile_and_first_step,,,,,,
L_sublayer_train_literal_r2_b128_none,sihc,L,sublayer,train,none,literal,2,128,oom,compile_and_first_step,,,,,,
XL_block_inference_factored_r0_b128_none,sihc,XL,block,inference,none,factored,0,128,ok,,164.4426449900493,778.3868959766822,9.790870666503906,10.25,0,0.004873979836702347
XL_block_inference_factored_r1_b128_none,sihc,XL,block,inference,none,factored,1,128,ok,,164.25029300153255,779.2984576216596,9.790382385253906,10.251953125,0,0.004873979836702347
XL_block_inference_factored_r2_b128_none,sihc,XL,block,inference,none,factored,2,128,ok,,164.3883746000938,778.6438688951363,9.790382385253906,10.251953125,0,0.004873979836702347
XL_block_inference_fused_r0_b128_none,sihc,XL,block,inference,none,fused,0,128,ok,,129.72744000144303,986.6840816297322,6.130235195159912,7.201171875,0,0.0035671847872436047
XL_block_inference_fused_r1_b128_none,sihc,XL,block,inference,none,fused,1,128,ok,,130.01559609547257,984.4972745116479,6.130235195159912,7.201171875,0,0.0035671847872436047
XL_block_inference_fused_r2_b128_none,sihc,XL,block,inference,none,fused,2,128,ok,,129.56145378993824,987.9481609362776,6.130235195159912,7.201171875,0,0.0035671847872436047
XL_block_inference_literal_r0_b128_none,sihc,XL,block,inference,none,literal,0,128,ok,,171.46965650608763,746.4877612060513,6.235121726989746,9.25390625,0,0.005316984839737415
XL_block_inference_literal_r1_b128_none,sihc,XL,block,inference,none,literal,1,128,ok,,171.46061100065708,746.5271426071698,6.186293601989746,9.251953125,0,0.005316984839737415
XL_block_inference_literal_r2_b128_none,sihc,XL,block,inference,none,literal,2,128,ok,,171.55122270341963,746.1328341639882,6.186293601989746,9.251953125,0,0.005316984839737415
XL_block_train_factored_r0_b128_mlp,sihc,XL,block,train,mlp,factored,0,128,ok,,766.1459140013903,167.0700028033664,59.01664161682129,63.02734375,82,0.0030312726739794016
XL_block_train_factored_r0_b128_none,sihc,XL,block,train,none,factored,0,128,oom,compile_and_first_step,,,,,,
XL_block_train_factored_r1_b128_mlp,sihc,XL,block,train,mlp,factored,1,128,ok,,766.4605283061974,167.00142443455954,59.01682710647583,63.421875,82,0.0030312726739794016
XL_block_train_factored_r1_b128_none,sihc,XL,block,train,none,factored,1,128,oom,compile_and_first_step,,,,,,
XL_block_train_factored_r2_b128_mlp,sihc,XL,block,train,mlp,factored,2,128,ok,,765.9496715990826,167.11280746784942,59.01682710647583,63.421875,82,0.0030312726739794016
XL_block_train_factored_r2_b128_none,sihc,XL,block,train,none,factored,2,128,oom,compile_and_first_step,,,,,,
XL_block_train_fused_r0_b128_mlp,sihc,XL,block,train,mlp,fused,0,128,ok,,527.9695568955503,242.4382207804504,59.0438814163208,62.943359375,82,0.0030279806815087795
XL_block_train_fused_r0_b128_none,sihc,XL,block,train,none,fused,0,128,oom,compile_and_first_step,,,,,,
XL_block_train_fused_r1_b128_mlp,sihc,XL,block,train,mlp,fused,1,128,ok,,527.6749992044643,242.57355416302826,59.042439460754395,62.93359375,82,0.0030279806815087795
XL_block_train_fused_r1_b128_none,sihc,XL,block,train,none,fused,1,128,oom,compile_and_first_step,,,,,,
XL_block_train_fused_r2_b128_mlp,sihc,XL,block,train,mlp,fused,2,128,ok,,527.599682204891,242.60818252405954,59.042439460754395,62.93359375,82,0.0030279806815087795
XL_block_train_fused_r2_b128_none,sihc,XL,block,train,none,fused,2,128,oom,compile_and_first_step,,,,,,
XL_block_train_literal_r0_b128_mlp,sihc,XL,block,train,mlp,literal,0,128,oom,compile_and_first_step,,,,,,
XL_block_train_literal_r0_b128_none,sihc,XL,block,train,none,literal,0,128,oom,compile_and_first_step,,,,,,
XL_block_train_literal_r1_b128_mlp,sihc,XL,block,train,mlp,literal,1,128,oom,compile_and_first_step,,,,,,
XL_block_train_literal_r1_b128_none,sihc,XL,block,train,none,literal,1,128,oom,compile_and_first_step,,,,,,
XL_block_train_literal_r2_b128_mlp,sihc,XL,block,train,mlp,literal,2,128,oom,compile_and_first_step,,,,,,
XL_block_train_literal_r2_b128_none,sihc,XL,block,train,none,literal,2,128,oom,compile_and_first_step,,,,,,
XL_sublayer_inference_factored_r0_b128_none,sihc,XL,sublayer,inference,none,factored,0,128,ok,,254.48853559792042,502.969611968037,11.229347229003906,13.126953125,0,0.0048687271773815155
XL_sublayer_inference_factored_r1_b128_none,sihc,XL,sublayer,inference,none,factored,1,128,ok,,254.77739060297608,502.39936792297465,11.229347229003906,14.53125,0,0.0048687271773815155
XL_sublayer_inference_factored_r2_b128_none,sihc,XL,sublayer,inference,none,factored,2,128,ok,,254.45787229109555,503.03022204622596,11.229347229003906,14.53125,0,0.0048687271773815155
XL_sublayer_inference_fused_r0_b128_none,sihc,XL,sublayer,inference,none,fused,0,128,ok,,137.35523900249973,931.8901916633156,6.075453758239746,7.501953125,0,0.0035526196006685495
XL_sublayer_inference_fused_r1_b128_none,sihc,XL,sublayer,inference,none,fused,1,128,ok,,137.42715609259903,931.4025236304317,6.075453758239746,7.453125,0,0.0035526196006685495
XL_sublayer_inference_fused_r2_b128_none,sihc,XL,sublayer,inference,none,fused,2,128,ok,,136.8987284018658,934.9977278405128,6.075453758239746,7.453125,0,0.0035526196006685495
XL_sublayer_inference_literal_r0_b128_none,sihc,XL,sublayer,inference,none,literal,0,128,ok,,247.13503050152212,517.9354773794872,7.116713523864746,9.060546875,0,0.0036296139005571604
XL_sublayer_inference_literal_r1_b128_none,sihc,XL,sublayer,inference,none,literal,1,128,ok,,247.20476750517264,517.7893666525734,7.067885398864746,9.060546875,0,0.0036296139005571604
XL_sublayer_inference_literal_r2_b128_none,sihc,XL,sublayer,inference,none,literal,2,128,ok,,246.8364604981616,518.5619650422484,7.067885398864746,9.060546875,0,0.0036296139005571604
XL_sublayer_train_factored_r0_b128_mlp,sihc,XL,sublayer,train,mlp,factored,0,128,ok,,890.9438082017004,143.6678708821804,63.37967872619629,68.380859375,82,0.0030378522351384163
XL_sublayer_train_factored_r0_b128_none,sihc,XL,sublayer,train,none,factored,0,128,oom,compile_and_first_step,,,,,,
XL_sublayer_train_factored_r1_b128_mlp,sihc,XL,sublayer,train,mlp,factored,1,128,ok,,861.634197703097,148.55492080190902,63.38046932220459,68.755859375,82,0.0030378522351384163
XL_sublayer_train_factored_r1_b128_none,sihc,XL,sublayer,train,none,factored,1,128,oom,compile_and_first_step,,,,,,
XL_sublayer_train_factored_r2_b128_mlp,sihc,XL,sublayer,train,mlp,factored,2,128,ok,,859.7568870987743,148.87929590413918,63.38046932220459,68.755859375,82,0.0030378522351384163
XL_sublayer_train_factored_r2_b128_none,sihc,XL,sublayer,train,none,factored,2,128,oom,compile_and_first_step,,,,,,
XL_sublayer_train_fused_r0_b128_mlp,sihc,XL,sublayer,train,mlp,fused,0,128,ok,,573.6641368945129,223.12707343519546,62.0744366645813,67.853515625,82,0.0030256728641688824
XL_sublayer_train_fused_r0_b128_none,sihc,XL,sublayer,train,none,fused,0,128,oom,compile_and_first_step,,,,,,
XL_sublayer_train_fused_r1_b128_mlp,sihc,XL,sublayer,train,mlp,fused,1,128,ok,,572.7929649059661,223.46643175167736,62.074923515319824,67.775390625,82,0.0030256728641688824
XL_sublayer_train_fused_r1_b128_none,sihc,XL,sublayer,train,none,fused,1,128,oom,compile_and_first_step,,,,,,
XL_sublayer_train_fused_r2_b128_mlp,sihc,XL,sublayer,train,mlp,fused,2,128,ok,,573.1538505060598,223.32572639437706,62.074923515319824,67.775390625,82,0.0030256728641688824
XL_sublayer_train_fused_r2_b128_none,sihc,XL,sublayer,train,none,fused,2,128,oom,compile_and_first_step,,,,,,
XL_sublayer_train_literal_r0_b128_mlp,sihc,XL,sublayer,train,mlp,literal,0,128,oom,compile_and_first_step,,,,,,
XL_sublayer_train_literal_r0_b128_none,sihc,XL,sublayer,train,none,literal,0,128,oom,compile_and_first_step,,,,,,
XL_sublayer_train_literal_r1_b128_mlp,sihc,XL,sublayer,train,mlp,literal,1,128,oom,compile_and_first_step,,,,,,
XL_sublayer_train_literal_r1_b128_none,sihc,XL,sublayer,train,none,literal,1,128,oom,compile_and_first_step,,,,,,
XL_sublayer_train_literal_r2_b128_mlp,sihc,XL,sublayer,train,mlp,literal,2,128,oom,compile_and_first_step,,,,,,
XL_sublayer_train_literal_r2_b128_none,sihc,XL,sublayer,train,none,literal,2,128,oom,compile_and_first_step,,,,,,
