tap,noise_fraction,effective_rank,stable_rank,variance90_rank,pca1_share,total_variance
pixel_rgb16_noisy,0.0,4.773178490191988,1.4037734217361424,8,0.7123656742006353,236.31646480291502
pixel_rgb16_noisy,0.1,6.565025438724357,1.4599885031950193,17,0.6849369004013479,199.09633649036127
pixel_rgb16_noisy,0.2,16.24992758347766,1.6882775160882069,321,0.5923196811369211,181.96253747386567
pixel_rgb16_noisy,0.3,55.2447346816843,2.2392659242098785,563,0.44657491957005885,184.91506775342833
pixel_rgb16_noisy,0.4,169.51111764471963,3.42233556013136,639,0.2921981151262727,207.95392732904946
pixel_rgb16_noisy,0.5,366.9340720406986,5.930638345440363,668,0.16861591311984608,251.07911620072875
pixel_rgb16_noisy,0.6,565.0242539761579,11.514587173210067,681,0.08684636148542157,314.2906343684664
pixel_rgb16_noisy,0.7,692.9123962532001,25.419736496135553,687,0.03933951086204318,397.5884818322623
pixel_rgb16_noisy,0.8,750.2984287361903,67.94001584233199,690,0.014718866158652278,500.9726585921167
pixel_rgb16_noisy,0.9,766.5946774832827,250.4346691128507,691,0.0039930573651900435,624.4431646480292
vae_sd_2x2_noisy,0.0,9.089378855927366,2.602596356895708,10,0.3842316913072019,11.072105949762776
vae_sd_2x2_noisy,0.1,9.258161479604642,2.6413626011178106,11,0.37859247328511625,9.128405819307849
vae_sd_2x2_noisy,0.2,9.882740333739033,2.7965702846628178,11,0.35758085733953576,7.726147807848179
vae_sd_2x2_noisy,0.3,11.074485183675067,3.1570776158698948,12,0.31674862694956646,6.865331915383759
vae_sd_2x2_noisy,0.4,12.694851382216193,3.8698412536212072,13,0.25840853266635916,6.5459581419146
vae_sd_2x2_noisy,0.5,14.272946043603929,5.152416684350046,14,0.19408368174829507,6.768026487440695
vae_sd_2x2_noisy,0.6,15.339148046292694,7.237126038279258,15,0.13817639691649836,7.531536951962044
vae_sd_2x2_noisy,0.7,15.828420665308466,10.123339504754059,15,0.0987816322400712,8.83648953547865
vae_sd_2x2_noisy,0.8,15.974774201014913,13.185975944129463,15,0.07583814836589405,10.682884237990512
vae_sd_2x2_noisy,0.9,15.998899292917097,15.331459073234468,15,0.06522536408460898,13.070721059497629
dino_rae_latent_noisy,0.0,579.6073862220011,66.84190462776847,563,0.014960674827697307,793.5774015608404
dino_rae_latent_noisy,0.1,583.2574661641747,67.57025288881206,566,0.014799411830610076,650.4776952642806
dino_rae_latent_noisy,0.2,596.9719054961209,70.5136726932804,578,0.01418164678997489,538.609536998938
dino_rae_latent_noisy,0.3,624.2670129657621,77.52395374438518,598,0.01289923890230414,457.97292676481163
dino_rae_latent_noisy,0.4,664.3760836680485,92.14257876669807,625,0.010852745965922731,408.5678645619025
dino_rae_latent_noisy,0.5,708.3333049977725,121.31155936792494,651,0.008243237538206128,390.3943503902101
dino_rae_latent_noisy,0.6,742.643925565308,178.55094439016767,670,0.005600642457621564,403.45238424973445
dino_rae_latent_noisy,0.7,760.7750949467454,287.28648535544875,682,0.0034808459533442297,447.7419661404756
dino_rae_latent_noisy,0.8,766.8606371399306,469.3371332563789,688,0.0021306645674118068,523.2630960624338
dino_rae_latent_noisy,0.9,767.9481675087761,678.3666744826835,691,0.0014741290184435891,630.0157740156085
