condition,condition_order,noise_fraction,tap,source,noise_location,feature_dimension,image_count,patch_count,effective_rank,stable_rank,variance90_rank,effective_rank_fraction,stable_rank_fraction,variance90_rank_fraction,pca1_share,top10_share,top100_share,total_variance,largest_eigenvalue,minimum_raw_eigenvalue,negative_eigenvalue_count
clean,0,0.0,pixel_rgb16_noisy,RGB source patch,direct input-space noise,768,100000,25600000,4.773178490191988,1.4037734217361424,8,0.006215076159104151,0.0018278299762189353,0.010416666666666666,0.7123656742006353,0.9141972118918629,0.9831320061565655,236.31646480291502,168.34373777403928,4.88548168902753e-05,0
clean,0,0.0,vae_sd_2x2_noisy,VAE source patch,direct latent-space noise,16,100000,25600000,9.089378855927366,2.602596356895708,10,0.5680861784954604,0.16266227230598174,0.625,0.3842316913072019,0.9010742348397259,1.0000000000000002,11.072105949762776,4.254253995409885,0.09668346451784982,0
clean,0,0.0,dino_rae_latent_noisy,RAE-normalized DINO token,direct latent-space noise,768,100000,25600000,579.6073862220011,66.84190462776847,563,0.7546971174765639,0.08703372998407354,0.7330729166666666,0.014960674827697307,0.08259208113828753,0.3617432252625054,793.5774015608404,11.872453455360702,0.0008834481262377158,0
clean,0,0.0,dino_from_noisy_image_final_ln,DINO final-LN token,RGB noise before DINO,768,100000,25600000,493.0363104837307,37.74985043691998,510,0.6419743626090243,0.04915345108973956,0.6640625,0.026490171177525605,0.1263311886770361,0.4138427065339937,605.0165484175312,16.02699193281611,-2.5023598596018992e-08,1
clean,0,0.0,dino_from_noisy_image_rae_normalized,RAE-normalized DINO token,RGB noise before DINO,768,100000,25600000,579.6073671605234,66.8419010769838,563,0.7546970926569315,0.087033725360656,0.7330729166666666,0.014960675622440335,0.08259208603511022,0.361743238413795,793.5774243166488,11.872454426493078,0.0008833874616355681,0
noise10,1,0.1,pixel_rgb16_noisy,RGB source patch,direct input-space noise,768,100000,25600000,6.564984812919329,1.4599860233553548,17,0.00854815730848871,0.0019010234679106182,0.022135416666666668,0.6849380637917271,0.8794355757196298,0.9502318437317228,199.0960822583138,136.36848509052788,0.010029764089509587,0
noise10,1,0.1,vae_sd_2x2_noisy,VAE source patch,direct latent-space noise,16,100000,25600000,9.258124577271959,2.6413345190480633,11,0.5786327860794974,0.16508340744050395,0.6875,0.3785964983944555,0.896234151395529,1.0,9.128352244299833,3.455962195803086,0.08831494401457751,0
noise10,1,0.1,dino_rae_latent_noisy,RAE-normalized DINO token,direct latent-space noise,768,100000,25600000,583.2572219278189,67.57088768029925,566,0.7594495077185143,0.08798292666705632,0.7369791666666666,0.01479927279824025,0.08177062089595094,0.35900942973679956,650.4758805222568,9.62657000452441,0.010719811338342364,0
noise10,1,0.1,dino_from_noisy_image_final_ln,DINO final-LN token,RGB noise before DINO,768,100000,25600000,484.8934053352217,36.070401034073676,509,0.6313716215302366,0.04696666801311677,0.6627604166666666,0.027723562015719103,0.131790503968285,0.42039496424104017,603.0446627942151,16.718546107223837,-2.2911164299136983e-08,1
noise10,1,0.1,dino_from_noisy_image_rae_normalized,RAE-normalized DINO token,RGB noise before DINO,768,100000,25600000,573.7656072187194,63.332712785609075,562,0.7470906343993743,0.08246446977292848,0.7317708333333334,0.015789628392915256,0.0865720685362366,0.366900132358556,787.8607577297146,12.440028589912828,0.0008637578264322869,0
noise20,2,0.2,pixel_rgb16_noisy,RGB source patch,direct input-space noise,768,100000,25600000,16.250048937935553,1.6882786509921288,320,0.021158917887936918,0.0021982794934793343,0.4166666666666667,0.5923192829645408,0.7620529700618349,0.8391373945320143,181.96262484172541,107.77997147259654,0.03987578063057159,0
noise20,2,0.2,vae_sd_2x2_noisy,VAE source patch,direct latent-space noise,16,100000,25600000,9.882826240551022,2.7966014087279985,11,0.6176766400344389,0.1747875880454999,0.6875,0.3575768777341918,0.8782007005668053,0.9999999999999998,7.726025390034064,2.7626480362634718,0.1018552939164432,0
noise20,2,0.2,dino_rae_latent_noisy,RAE-normalized DINO token,direct latent-space noise,768,100000,25600000,596.9683565033614,70.51247677554983,578,0.7773025475304185,0.09181312080149717,0.7526041666666666,0.014181887315958664,0.07862651158646428,0.34853928682191515,538.6074686700018,7.638470428211702,0.040554527669123284,0
noise20,2,0.2,dino_from_noisy_image_final_ln,DINO final-LN token,RGB noise before DINO,768,100000,25600000,472.81048502824643,33.816333559081244,506,0.6156386523805292,0.04403168432172037,0.6588541666666666,0.02957150863954185,0.13997451133318756,0.4299219573938783,597.5476428714949,17.670385283712278,-2.5346627266671643e-08,1
noise20,2,0.2,dino_from_noisy_image_rae_normalized,RAE-normalized DINO token,RGB noise before DINO,768,100000,25600000,563.059794590072,56.43305429210993,561,0.7331507742058229,0.07348053944285148,0.73046875,0.017720111245862747,0.0938814994598687,0.3755550523717778,777.9595927663429,13.785530528605674,0.000856818335603945,0
noise30,3,0.3,pixel_rgb16_noisy,RGB source patch,direct input-space noise,768,100000,25600000,55.244376111979776,2.2392769328234787,563,0.071932781395807,0.0029157251729472378,0.7330729166666666,0.44657272414230226,0.5773451226431787,0.6643181402444118,184.91457121352352,82.57780380042894,0.08947689272831459,0
noise30,3,0.3,vae_sd_2x2_noisy,VAE source patch,direct latent-space noise,16,100000,25600000,11.074888593167163,3.1571635272048817,12,0.6921805370729477,0.1973227204503051,0.75,0.31674000772627886,0.8431521342549755,0.9999999999999999,6.865630492480111,2.174619855233926,0.13744850330400113,0
noise30,3,0.3,dino_rae_latent_noisy,RAE-normalized DINO token,direct latent-space noise,768,100000,25600000,624.2693334389144,77.52301916169775,598,0.8128506945819197,0.10094143120012727,0.7786458333333334,0.012899394409732638,0.0720893298794124,0.32679498318638006,457.9704846345268,5.907541909317162,0.0904569503324509,0
noise30,3,0.3,dino_from_noisy_image_final_ln,DINO final-LN token,RGB noise before DINO,768,100000,25600000,450.5338170516768,30.58491478935767,502,0.5866325742860375,0.039824107798642795,0.6536458333333334,0.03269585698986352,0.1555359131121091,0.44701210929660085,584.4432815541026,19.108873952379476,-2.3305506247073282e-08,1
noise30,3,0.3,dino_from_noisy_image_rae_normalized,RAE-normalized DINO token,RGB noise before DINO,768,100000,25600000,540.1625284879606,42.60790630566704,557,0.7033366256353654,0.055479044668837296,0.7252604166666666,0.023469822544812426,0.10818061577594755,0.3926057905492273,758.6600532965604,17.80561682270821,0.0008459843657475374,0
noise40,4,0.4,pixel_rgb16_noisy,RGB source patch,direct input-space noise,768,100000,25600000,169.5182938412609,3.4224401239485513,638,0.22072694510580848,0.004456302244724676,0.8307291666666666,0.2921891877676668,0.3816846803936915,0.4791440853490835,207.95236629869817,60.76143300318094,0.15884661116177656,0
noise40,4,0.4,vae_sd_2x2_noisy,VAE source patch,direct latent-space noise,16,100000,25600000,12.694491667490587,3.86962749308282,13,0.7934057292181617,0.24185171831767624,0.8125,0.25842280730834094,0.7930933337949709,1.0,6.546921105506691,1.691873731311266,0.1947460128412654,0
noise40,4,0.4,dino_rae_latent_noisy,RAE-normalized DINO token,direct latent-space noise,768,100000,25600000,664.373179497461,92.15453165012944,625,0.865069244137319,0.11999287975277272,0.8138020833333334,0.010851338312873899,0.061664930851234145,0.29210787904741553,408.5650281766417,4.433477343553596,0.1603794995334229,0
noise40,4,0.4,dino_from_noisy_image_final_ln,DINO final-LN token,RGB noise before DINO,768,100000,25600000,404.17525731621174,25.199909105909757,493,0.5262698662971507,0.032812381648319996,0.6419270833333334,0.03968268281433939,0.18826209048668655,0.4792215216135316,552.8756586911874,21.939589399611354,-2.2079138943646094e-08,1
noise40,4,0.4,dino_from_noisy_image_rae_normalized,RAE-normalized DINO token,RGB noise before DINO,768,100000,25600000,489.0231165471399,25.012295806937605,547,0.6367488496707551,0.032568093498616675,0.7122395833333334,0.039980336380102795,0.13914904105116008,0.4257611822448778,716.1525430204624,28.632019569424124,0.0008278439426788499,0
noise50,5,0.5,pixel_rgb16_noisy,RGB source patch,direct input-space noise,768,100000,25600000,366.9200767684211,5.930492065653418,668,0.4777605166255483,0.007721994877152888,0.8697916666666666,0.16862007215076183,0.22507494622781893,0.33094193504499664,251.0809313272934,42.33728475608869,0.2479899237510351,0
noise50,5,0.5,vae_sd_2x2_noisy,VAE source patch,direct latent-space noise,16,100000,25600000,14.272654853560224,5.152365208105206,14,0.892040928347514,0.32202282550657535,0.875,0.19408562079933625,0.7379479030287466,1.0,6.767640670070648,1.3135017407974976,0.2739738047079618,0
noise50,5,0.5,dino_rae_latent_noisy,RAE-normalized DINO token,direct latent-space noise,768,100000,25600000,708.323478727661,121.30013922438557,651,0.9222961962599753,0.15794288961508537,0.84765625,0.008244013621040965,0.048376805280809614,0.24787823607925025,390.39571402992226,3.2184275840586922,0.250183281953632,0
noise50,5,0.5,dino_from_noisy_image_final_ln,DINO final-LN token,RGB noise before DINO,768,100000,25600000,323.0558478283358,14.655752155101219,471,0.4206456351931456,0.019083010618621377,0.61328125,0.06823259491679727,0.24637572417702183,0.5355580003722794,476.8858977702688,32.539162284091944,-1.8443231702275353e-08,1
noise50,5,0.5,dino_from_noisy_image_rae_normalized,RAE-normalized DINO token,RGB noise before DINO,768,100000,25600000,392.7428429373725,13.948449376483923,522,0.5113839100747037,0.018162043458963443,0.6796875,0.0716925568576768,0.19596825466515722,0.48812259881257275,621.2391426323877,44.53822255538684,0.0007717333371758063,0
noise60,6,0.6,pixel_rgb16_noisy,RGB source patch,direct input-space noise,768,100000,25600000,565.0300594036681,11.515299425694995,681,0.7357162231818596,0.014993879460540357,0.88671875,0.08684098980254229,0.1214321524724909,0.23289105535201743,314.2893167394085,27.293195350014955,0.35681211480737923,0
noise60,6,0.6,vae_sd_2x2_noisy,VAE source patch,direct latent-space noise,16,100000,25600000,15.338865069209497,7.236430950042446,15,0.9586790668255936,0.4522769343776529,0.9375,0.13818966931400548,0.6899526703648298,1.0,7.530970995744559,1.040702391515307,0.3756050436437529,0
noise60,6,0.6,dino_rae_latent_noisy,RAE-normalized DINO token,direct latent-space noise,768,100000,25600000,742.6383358669965,178.56585025763,670,0.9669769998268184,0.2325076175229557,0.8723958333333334,0.005600174941385641,0.03491472991468464,0.20307683999975742,403.4512288413395,2.259397461828513,0.3600988635765429,0
noise60,6,0.6,dino_from_noisy_image_final_ln,DINO final-LN token,RGB noise before DINO,768,100000,25600000,220.4236428436012,7.977150774442083,419,0.2870099516192724,0.010386915070888129,0.5455729166666666,0.12535804177149196,0.3273453240937658,0.6230888425457894,355.0859274837974,44.51287652998283,-1.5951972615602023e-08,1
noise60,6,0.6,dino_from_noisy_image_rae_normalized,RAE-normalized DINO token,RGB noise before DINO,768,100000,25600000,257.9301612343115,8.157159407663498,456,0.33584656410717645,0.010621301312061847,0.59375,0.12259169522426137,0.2855190528506319,0.5953019927951833,478.59153517872505,58.67134761754163,0.0006380203046520073,0
noise70,7,0.7,pixel_rgb16_noisy,RGB source patch,direct input-space noise,768,100000,25600000,692.9008741539013,25.41954633386864,687,0.9022146798878924,0.033098367622224796,0.89453125,0.039339805158820414,0.06123189696250545,0.1760336281468577,397.58893123265455,15.641071087996277,0.48529404563853956,0
noise70,7,0.7,vae_sd_2x2_noisy,VAE source patch,direct latent-space noise,16,100000,25600000,15.828081077441995,10.119101839170902,15,0.9892550673401247,0.6324438649481814,0.9375,0.09882299989600006,0.656142035954288,0.9999999999999999,8.836517502658035,0.8732511682461777,0.4985826876774561,0
noise70,7,0.7,dino_rae_latent_noisy,RAE-normalized DINO token,direct latent-space noise,768,100000,25600000,760.7627273866525,287.26322119962884,682,0.9905764679513704,0.3740406526036834,0.8880208333333334,0.003481127851396843,0.024122020416340467,0.16716317369400618,447.7400345977595,1.5586403046236468,0.4902659426607901,0
noise70,7,0.7,dino_from_noisy_image_final_ln,DINO final-LN token,RGB noise before DINO,768,100000,25600000,127.75664981671825,5.130800108465977,318,0.1663498044488519,0.006680729307898408,0.4140625,0.19490137578152175,0.42577679880611,0.731493193842598,252.99859119620845,49.309773494927825,-1.0549825069094965e-08,1
noise70,7,0.7,dino_from_noisy_image_rae_normalized,RAE-normalized DINO token,RGB noise before DINO,768,100000,25600000,143.81435317045336,5.591604975825801,334,0.18725827235736114,0.007280735645606512,0.4348958333333333,0.17883952895873412,0.39266488953968115,0.7230080875669085,359.4727410644416,64.28793568546973,0.00044236602781405144,0
noise80,8,0.8,pixel_rgb16_noisy,RGB source patch,direct input-space noise,768,100000,25600000,750.2872090157915,67.94112954350264,690,0.9769364700726452,0.08846501242643573,0.8984375,0.01471862488479384,0.03002843688834082,0.1467705988806025,500.96947324031464,7.373581755356957,0.633561643682553,0
noise80,8,0.8,vae_sd_2x2_noisy,VAE source patch,direct latent-space noise,16,100000,25600000,15.974663095527294,13.181012275079976,15,0.9984164434704559,0.8238132671924985,0.9375,0.07586670728549431,0.6365026284035158,1.0,10.68344531017793,0.8105178181478561,0.6437937033003248,0
noise80,8,0.8,dino_rae_latent_noisy,RAE-normalized DINO token,direct latent-space noise,768,100000,25600000,766.849450865739,469.15095305542826,688,0.9985018891480976,0.6108736367909222,0.8958333333333334,0.0021315101109511208,0.017242912732317643,0.14429589289311984,523.2579003872763,1.1153295053105339,0.6392506407321682,0
noise80,8,0.8,dino_from_noisy_image_final_ln,DINO final-LN token,RGB noise before DINO,768,100000,25600000,73.49379446465969,4.0827610732554325,201,0.09569504487585896,0.005316095147468011,0.26171875,0.24493228529844868,0.5259601607979353,0.8254310681232371,179.2196183120355,43.896670683482554,-8.799111362503027e-09,1
noise80,8,0.8,dino_from_noisy_image_rae_normalized,RAE-normalized DINO token,RGB noise before DINO,768,100000,25600000,80.78503535408919,4.62632360313316,200,0.10518884811730363,0.006023858858246301,0.2604166666666667,0.21615435619824647,0.5012893742101986,0.82755477886413,269.8162091205926,58.32194897431313,0.0002561786191180614,0
noise90,9,0.9,pixel_rgb16_noisy,RGB source patch,direct input-space noise,768,100000,25600000,766.583523977977,250.4670135480619,691,0.9981556301796576,0.32612892389070564,0.8997395833333334,0.003992541715710244,0.016442949316671136,0.13426655672421922,624.4429176323622,2.493114397727022,0.8013812245197723,0
noise90,9,0.9,vae_sd_2x2_noisy,VAE source patch,direct latent-space noise,16,100000,25600000,15.998906865390042,15.336008847288264,15,0.9999316790868776,0.9585005529555165,0.9375,0.06520601350440805,0.6273654997159149,1.0,13.071878005096583,0.8523650537283024,0.8108141396542919,0
noise90,9,0.9,dino_rae_latent_noisy,RAE-normalized DINO token,direct latent-space noise,768,100000,25600000,767.9366051835742,678.5246127986925,691,0.9999174546661123,0.8834955895816309,0.8997395833333334,0.0014737858894688085,0.013904091076389674,0.13333066609817965,630.019086895833,0.9285132403631018,0.8069918437610354,0
noise90,9,0.9,dino_from_noisy_image_final_ln,DINO final-LN token,RGB noise before DINO,768,100000,25600000,45.684616764804474,3.9270852449179325,115,0.059485178079172495,0.005113392245986891,0.14973958333333334,0.2546417858624553,0.6101550899140831,0.8885838415219134,116.93133695706807,29.775604466032334,-4.510834006234837e-09,1
noise90,9,0.9,dino_from_noisy_image_rae_normalized,RAE-normalized DINO token,RGB noise before DINO,768,100000,25600000,48.41879211902479,4.567701345599284,106,0.06304530223831353,0.0059475277937490675,0.13802083333333334,0.2189284991155217,0.6109562664185445,0.8955154250203833,190.71526762977533,41.75300730060175,0.0001361124077594792,0
