tap,source,preprocessing,spatial_patch,channels,feature_dimension,image_count,patch_count,effective_rank,stable_rank,variance90_rank,effective_rank_fraction,stable_rank_fraction,variance90_rank_fraction,pca1_share,top10_share,top100_share,total_variance,minimum_raw_eigenvalue,negative_eigenvalue_count
pixel_rgb16_raw,RGB pixels,raw,16,3,768,100000,25600000,4.773178490191988,1.4037734217361424,8,0.006215076159104151,0.0018278299762189353,0.010416666666666666,0.7123656742006353,0.9141972118918629,0.9831320061565655,236.31646480291502,4.88548168902753e-05,0
pixel_rgb16_per_token_rms,RGB pixels,per-token RMS,16,3,768,100000,25600000,8.425131826383558,1.730778131994936,19,0.010970223732270258,0.0022536173593684064,0.024739583333333332,0.5777748063221577,0.8659611183859622,0.9709154376315636,731.8529316742876,0.00028931435765412587,0
vae_sd_2x2_raw,SD VAE posterior mode,raw,2,4,16,100000,25600000,9.089378855927366,2.602596356895708,10,0.5680861784954604,0.16266227230598174,0.625,0.3842316913072019,0.9010742348397259,1.0000000000000002,11.072105949762776,0.09668346451784982,0
vae_sd_2x2_per_token_rms,SD VAE posterior mode,per-token RMS,2,4,16,100000,25600000,10.974862081344133,3.479508494751997,11,0.6859288800840083,0.21746928092199982,0.6875,0.2873969129571777,0.8781892250840819,1.0,15.795733841444573,0.17794503567402029,0
vae_sd_mse_2x2_raw,SD VAE-MSE posterior mode,raw,2,4,16,100000,25600000,9.089378855927366,2.602596356895708,10,0.5680861784954604,0.16266227230598174,0.625,0.3842316913072019,0.9010742348397259,1.0000000000000002,11.072105949762776,0.09668346451784982,0
vae_sd_mse_2x2_per_token_rms,SD VAE-MSE posterior mode,per-token RMS,2,4,16,100000,25600000,10.974862081344133,3.479508494751997,11,0.6859288800840083,0.21746928092199982,0.6875,0.2873969129571777,0.8781892250840819,1.0,15.795733841444573,0.17794503567402029,0
dino_final_ln,DINOv2-B final LN,native final LayerNorm,1,768,768,100000,25600000,493.03632460434454,37.749849882521424,510,0.6419743809952403,0.04915345036786644,0.6640625,0.026490171566563248,0.1263311848894207,0.4138426951327973,605.016529887624,1.9163489163587233e-08,0
dino_rae_position_normalized,DINOv2-B RAE latent,RAE position variance norm,1,768,768,100000,25600000,579.6073862220011,66.84190462776847,563,0.7546971174765639,0.08703372998407354,0.7330729166666666,0.014960674827697307,0.08259208113828753,0.3617432252625054,793.5774015608404,0.0008834481262377158,0
dino_rae_position_normalized_per_token_rms,DINOv2-B RAE latent,RAE position norm + per-token RMS,1,768,768,100000,25600000,578.6626187046745,64.4273438754095,564,0.7534669514383783,0.08388977067110613,0.734375,0.015521360028962452,0.08359443708348781,0.3623663275398132,610.3770183458399,0.0006801148984143801,0
