model,t_clean,point,images,noises,dimensions,between_raw,within,between_corrected,between_raw_per_coordinate,within_per_coordinate,between_corrected_per_coordinate,ratio_raw,ratio_corrected
whiten_clean,0.25,workspace/b01_attn,2048,128,196608,16561.367249836178,166300.82683155037,15262.14204021469,0.08423546981728199,0.8458497458473224,0.07762726867784979,0.0995868004108695,0.0917743004108695
whiten_clean,0.25,workspace/b01_mlp,2048,128,196608,13898.747008497043,114017.90023807294,13007.982162887098,0.07069268294523642,0.5799250296939745,0.06616201865075225,0.12189969276294359,0.11408719276294357
whiten_clean,0.25,workspace/b02_attn,2048,128,196608,14075.654095624146,115937.75835826035,13169.890358450237,0.07159247892061435,0.5896899330559303,0.06698552631861489,0.1214069884991983,0.1135944884991983
whiten_clean,0.25,workspace/b02_mlp,2048,128,196608,15373.802405956705,114172.06666694536,14481.833135121195,0.07819520266701611,0.5807091607002023,0.07365841234904578,0.13465467390376729,0.12684217390376729
whiten_clean,0.25,workspace/b03_attn,2048,128,196608,15604.757213429233,111657.62009846751,14732.432056409956,0.07936989956374732,0.5679200241010921,0.07493302437545754,0.1397554166000302,0.1319429166000302
whiten_clean,0.25,workspace/b03_mlp,2048,128,196608,23203.808640152358,94522.79888964484,22465.349273827007,0.11802067382889993,0.4807678166180666,0.11426467526157129,0.24548372363838647,0.23767122363838647
whiten_clean,0.25,workspace/b04_attn,2048,128,196608,21897.62838810055,95075.94963280327,21154.847531594274,0.11137709751434606,0.4835812867879398,0.10759911871131528,0.23031721978767797,0.22250471978767797
whiten_clean,0.25,workspace/b04_mlp,2048,128,196608,16124.394849349677,56822.28542303988,15680.470744482178,0.08201291325556273,0.2890130891064447,0.07975499849691862,0.28376885458415013,0.27595635458415013
whiten_clean,0.25,workspace/b05_attn,2048,128,196608,21360.316011377177,66512.62711983426,20840.686112003474,0.1086441854419819,0.3383007157380893,0.10600121110027809,0.3211467797369181,0.31333427973691813
whiten_clean,0.25,workspace/b05_mlp,2048,128,196608,13808.618243005445,40786.58204418166,13489.973070785276,0.07023426433820315,0.207451283997506,0.06861355118197264,0.3385578675861438,0.3307453675861438
whiten_clean,0.25,workspace/b06_attn,2048,128,196608,14769.45524091711,28902.2570975087,14543.656357342823,0.07512133402972977,0.14700448149367626,0.07397286151806041,0.5110139042459144,0.5032014042459144
whiten_clean,0.25,workspace/b06_mlp,2048,128,196608,21418.095892504894,46617.49037807604,21053.896748926174,0.10893806911470995,0.2371088174340619,0.10708565647850633,0.4594433488117951,0.4516308488117951
whiten_clean,0.25,workspace/b07_attn,2048,128,196608,28690.348275017568,51395.883611264566,28288.817934304563,0.14592665748605127,0.2614129822350289,0.1438843685623401,0.5582226874824938,0.5504101874824938
whiten_clean,0.25,workspace/b07_mlp,2048,128,196608,23584.65788766577,34158.75906740506,23317.792582451668,0.1199577732730396,0.17374043308209766,0.11860042613958571,0.6904424672197973,0.6826299672197973
whiten_clean,0.25,workspace/b08_attn,2048,128,196608,30386.238131346174,46433.603017000234,30023.47560777586,0.1545523993497018,0.2361735179494234,0.15270729374072195,0.6544019020066392,0.6465894020066393
whiten_clean,0.25,workspace/b08_mlp,2048,128,196608,22330.217799853126,29219.93639843223,22101.937046740375,0.11357736104254723,0.1486202819744478,0.11241626508962187,0.7642117181696273,0.7563992181696273
whiten_clean,0.25,workspace/b09_attn,2048,128,196608,22325.102171652932,23024.19037763865,22145.22568432763,0.11355134161200425,0.11710708810241012,0.11263644248620418,0.9696367952783834,0.9618242952783834
whiten_clean,0.25,workspace/b09_mlp,2048,128,196608,20252.357492145842,19112.26123950375,20103.042951212217,0.1030088169969983,0.09720998758699417,0.1022493639689749,1.0596526093043135,1.0518401093043135
whiten_clean,0.25,workspace/b10_attn,2048,128,196608,16370.979850938364,12924.050632928034,16270.010705368613,0.0832671094306354,0.0657351208136395,0.08275355379927883,1.2667065702472726,1.2588940702472726
whiten_clean,0.25,workspace/b10_mlp,2048,128,196608,15857.00519269136,11756.172658079206,15765.160093800116,0.08065289913274822,0.05979498625732018,0.08018575080261289,1.348823775720403,1.341011275720403
whiten_clean,0.25,workspace/b11_attn,2048,128,196608,16009.880677294732,10873.895989765166,15924.928364874691,0.08143046405687832,0.05530749506513044,0.08099837425168198,1.4723224033376545,1.4645099033376545
whiten_clean,0.25,workspace/b11_mlp,2048,128,196608,11840.433479289028,8112.799473094258,11777.052233405479,0.06022355895634474,0.041263831955435475,0.05990118526919291,1.4594756740330268,1.4516631740330268
whiten_clean,0.25,workspace/b12_attn,2048,128,196608,14550.195084674368,4484.879470760643,14515.15696380905,0.07400611920509016,0.022811276605024428,0.07382790610661341,3.244277840583,3.236465340583
whiten_clean,0.25,workspace/b12_mlp,2048,128,196608,15806.56239760256,4281.230429053659,15773.115284875577,0.08039633380942057,0.02177546401496205,0.08022621299680367,3.6920606492784622,3.684248149278462
whiten_clean,0.5,workspace/b01_attn,2048,128,196608,60145.331763035276,114862.83558416778,59247.96586003397,0.30591497682207885,0.5842225930998117,0.3013507378134866,0.5236274331653837,0.5158149331653837
whiten_clean,0.5,workspace/b01_mlp,2048,128,196608,46068.08280170588,63385.17029853893,45572.886158748544,0.23431438599500468,0.3223936477586819,0.23179568562188999,0.7267959143239501,0.71898341432395
whiten_clean,0.5,workspace/b02_attn,2048,128,196608,45083.55143057989,65323.471159015564,44573.21181215008,0.22930680048919624,0.33225235574857365,0.2267110789599105,0.6901585392000058,0.6823460392000058
whiten_clean,0.5,workspace/b02_mlp,2048,128,196608,48021.948305368496,67683.75528550304,47493.1689672005,0.24425225985396573,0.34425738161978675,0.24156274906006114,0.7095047859387046,0.7016922859387046
whiten_clean,0.5,workspace/b03_attn,2048,128,196608,49480.43167654243,65431.43759745444,48969.24857031232,0.25167048989126806,0.33280150145189635,0.2490704781611751,0.7562180122184482,0.7484055122184482
whiten_clean,0.5,workspace/b03_mlp,2048,128,196608,59530.580827101374,52980.28549948976,59116.67234663661,0.30278819186961553,0.26947166696924724,0.3006829444714183,1.1236364671472883,1.1158239671472883
whiten_clean,0.5,workspace/b04_attn,2048,128,196608,52613.402518562536,52501.971944483514,52203.230862746255,0.267605603630384,0.2670388384220556,0.26551936270521165,1.0021224074058943,0.9943099074058942
whiten_clean,0.5,workspace/b04_mlp,2048,128,196608,40187.86821145499,35854.33008511696,39907.75625766501,0.20440606797004693,0.18236455324868248,0.2029813448977916,1.1208651260824105,1.1130526260824105
whiten_clean,0.5,workspace/b05_attn,2048,128,196608,48743.849715099925,40574.93142557113,48426.85806333765,0.24792404029897017,0.20637477328273077,0.24631173738269882,1.2013291952079697,1.1935166952079697
whiten_clean,0.5,workspace/b05_mlp,2048,128,196608,31705.409158784412,24156.63185170547,31516.685472442965,0.16126205016471565,0.12286698329521419,0.1603021518577218,1.3124929565272152,1.3046804565272152
whiten_clean,0.5,workspace/b06_attn,2048,128,196608,33287.48719031983,19089.08152994237,33138.353740867155,0.16930891515258703,0.09709208948741847,0.16855038320346657,1.743797214030775,1.735984714030775
whiten_clean,0.5,workspace/b06_mlp,2048,128,196608,46809.498509887715,31717.511288053178,46561.7054529498,0.2380854212945949,0.16132360477728871,0.23682508063227234,1.4758250760840474,1.4680125760840474
whiten_clean,0.5,workspace/b07_attn,2048,128,196608,59493.49282801575,33800.18460372701,59229.42888579913,0.3025995525513496,0.17191662904727686,0.30125645388691774,1.7601528963677804,1.7523403963677802
whiten_clean,0.5,workspace/b07_mlp,2048,128,196608,50986.26465901848,24965.50906378317,50791.221619457676,0.25932955250558715,0.12698114554739975,0.2583375123059981,2.0422681760166053,2.0344556760166053
whiten_clean,0.5,workspace/b08_attn,2048,128,196608,56107.80731739711,29887.160964491555,55874.31387236202,0.28537906553851883,0.1520139616113869,0.28419145646342986,1.877321415174157,1.869508915174157
whiten_clean,0.5,workspace/b08_mlp,2048,128,196608,43272.38749609927,20684.77496380867,43110.78769169452,0.22009474434458043,0.1052082059926792,0.21927280523526263,2.091992181293306,2.0841796812933064
whiten_clean,0.5,workspace/b09_attn,2048,128,196608,43000.27391062996,16442.56654293795,42871.81635951326,0.21871070307734153,0.08363121817493668,0.2180573341853498,2.6151801665718963,2.6073676665718963
whiten_clean,0.5,workspace/b09_mlp,2048,128,196608,41824.204640635944,15041.273057413118,41706.6946948749,0.2127289054394325,0.07650387093817708,0.212131218947728,2.7806293045137433,2.7728168045137433
whiten_clean,0.5,workspace/b10_attn,2048,128,196608,35603.074117027936,10412.075029614332,35521.729780859074,0.18108659930942758,0.05295855219326951,0.18067286062041765,3.419402378081662,3.411589878081662
whiten_clean,0.5,workspace/b10_mlp,2048,128,196608,35037.27780762842,9750.739234286428,34961.10015736056,0.17820881046360484,0.04959482439313979,0.17782135089803344,3.5932945149868423,3.5854820149868423
whiten_clean,0.5,workspace/b11_attn,2048,128,196608,36678.6094229754,8943.870672039502,36608.73543335009,0.18655705476366882,0.045490878662310295,0.18620165727411953,4.100977168379767,4.093164668379767
whiten_clean,0.5,workspace/b11_mlp,2048,128,196608,30988.038208550526,7557.442287687581,30928.995690677966,0.15761331282832095,0.03843913923994741,0.15731300705300885,4.100334085122364,4.092521585122364
whiten_clean,0.5,workspace/b12_attn,2048,128,196608,25202.227146240934,3533.215311120184,25174.623901622806,0.12818515597656724,0.017970862381592734,0.12804475861421105,7.132944054363537,7.125131554363537
whiten_clean,0.5,workspace/b12_mlp,2048,128,196608,23753.631796380294,2924.0903381911035,23730.787340613177,0.12081721901641995,0.014872692556717445,0.1207010261058206,8.123426108331088,8.11561360833109
whiten_clean,0.75,workspace/b01_attn,2048,128,196608,118174.80468775811,46403.03516881535,117812.28097550174,0.6010681390775457,0.2360180418335742,0.599224248125721,2.5467042028142197,2.5388917028142197
whiten_clean,0.75,workspace/b01_mlp,2048,128,196608,75931.93888420278,15909.985756932856,75807.64212047674,0.3862098128468973,0.08092237221747262,0.38557760681394826,4.772596282879452,4.764783782879452
whiten_clean,0.75,workspace/b02_attn,2048,128,196608,75958.24383575344,18081.507302994025,75816.9820599488,0.38634360674923424,0.09196730195614637,0.38562511220270185,4.200880079459742,4.193067579459742
whiten_clean,0.75,workspace/b02_mlp,2048,128,196608,89106.53152898853,24170.537366504625,88917.69920581272,0.4532192562306139,0.12293771040092277,0.4522588053681067,3.6865763544203114,3.678763854420312
whiten_clean,0.75,workspace/b03_attn,2048,128,196608,89602.43596932931,23243.618178972323,89420.84520230608,0.4557415566473862,0.11822315561407636,0.45481793824415123,3.8549263406154837,3.8471138406154832
whiten_clean,0.75,workspace/b03_mlp,2048,128,196608,93393.53278274112,19233.978770574882,93243.26732359601,0.4750240721778418,0.0978290749642684,0.4742597825296835,4.855653315247457,4.847840815247457
whiten_clean,0.75,workspace/b04_attn,2048,128,196608,75837.85237915292,18958.694767015146,75689.73757628561,0.3857312641355027,0.09642890811673556,0.3849779132908407,4.000162105626473,3.992349605626474
whiten_clean,0.75,workspace/b04_mlp,2048,128,196608,66228.12634944322,16893.54745639979,66096.14550994009,0.33685366999025074,0.08592502571817927,0.33618238072682743,3.9203208515186074,3.912508351518607
whiten_clean,0.75,workspace/b05_attn,2048,128,196608,70616.19508758018,17515.46155173766,70479.35554420724,0.35917254174591157,0.08908824438343128,0.35847653983666605,4.03164911635312,4.023836616353121
whiten_clean,0.75,workspace/b05_mlp,2048,128,196608,46911.21648781003,10462.66482168751,46829.4769188906,0.2386027856842551,0.05321586518192296,0.23818703673752137,4.483677656438943,4.475865156438944
whiten_clean,0.75,workspace/b06_attn,2048,128,196608,46821.102523152986,8662.316744426114,46753.428173587155,0.23814444235815932,0.044058821331919934,0.23780023281650367,5.405147826449623,5.397335326449623
whiten_clean,0.75,workspace/b06_mlp,2048,128,196608,67254.47498677402,16089.10095230527,67128.77888558414,0.3420739491107891,0.08183339921216466,0.34143462567944405,4.180126359213235,4.172313859213235
whiten_clean,0.75,workspace/b07_attn,2048,128,196608,77427.50870919773,16380.977897316943,77299.53231937495,0.3938166743428433,0.08331796212421134,0.39316575276374793,4.726671948069698,4.718859448069698
whiten_clean,0.75,workspace/b07_mlp,2048,128,196608,77509.26013310802,14651.76099885759,77394.79325030444,0.39423248358717866,0.07452271015857742,0.39365027491406474,5.290098585361274,5.282286085361274
whiten_clean,0.75,workspace/b08_attn,2048,128,196608,75072.27459385987,16115.622256130604,74946.37129498385,0.3818373341565952,0.08196829353907574,0.38119695686332117,4.658354074122167,4.650541574122167
whiten_clean,0.75,workspace/b08_mlp,2048,128,196608,62377.36616990255,12815.230043860918,62277.24718518488,0.3172676908869555,0.06518163067556212,0.3167584593973027,4.867440222018033,4.859627722018033
whiten_clean,0.75,workspace/b09_attn,2048,128,196608,61894.294725957225,10484.368816272998,61812.38559458009,0.31481066246519585,0.053326257406987494,0.31439405107920376,5.9034831576975675,5.8956706576975675
whiten_clean,0.75,workspace/b09_mlp,2048,128,196608,61905.86804821939,10079.662264384066,61827.120686778886,0.3148695274262461,0.051267813437825854,0.31446899763376307,6.14166094304175,6.13384844304175
whiten_clean,0.75,workspace/b10_attn,2048,128,196608,53246.43371765668,6519.237323387041,53195.50217606772,0.2708253668093703,0.03315855572197999,0.2705663155927924,8.16758634121832,8.159773841218321
whiten_clean,0.75,workspace/b10_mlp,2048,128,196608,53551.463468386064,6281.108221101138,53502.39231040871,0.2723768283507592,0.03194736847483896,0.2721272395345495,8.525798566641793,8.517986066641793
whiten_clean,0.75,workspace/b11_attn,2048,128,196608,56317.632403465344,5267.5551023395465,56276.47962922831,0.2864462911146309,0.02679217072723158,0.28623697728082437,10.691417803764839,10.683605303764837
whiten_clean,0.75,workspace/b11_mlp,2048,128,196608,54393.03904578762,5179.181625794432,54352.5766893361,0.2766573030893332,0.026342679981457683,0.27645150090197806,10.502245909834123,10.494433409834123
whiten_clean,0.75,workspace/b12_attn,2048,128,196608,32552.4140315757,1818.9643305454006,32538.20337274331,0.1655701397276596,0.009251731010667931,0.16549786057913876,17.896125550639656,17.888313050639656
whiten_clean,0.75,workspace/b12_mlp,2048,128,196608,27905.229981092434,1448.3985179375504,27893.91436767105,0.14193333934068011,0.0073669358212155684,0.14187578515457686,19.266265213270263,19.258452713270266
whiten_velocity,0.25,workspace/b01_attn,2048,128,196608,16488.568700200693,166861.69413441536,15184.961714775573,0.08386519724630072,0.8487024644694792,0.07723470924263291,0.09881578145142368,0.09100328145142368
whiten_velocity,0.25,workspace/b01_mlp,2048,128,196608,14220.796693695052,117307.34683221618,13304.333046568363,0.07233071234993008,0.5966560202647714,0.06766933719161154,0.1212268206358375,0.1134143206358375
whiten_velocity,0.25,workspace/b02_attn,2048,128,196608,12769.849565998828,97556.36021512708,12007.690501818148,0.06495081362914443,0.4961973074092971,0.0610742721650093,0.13089715050704337,0.12308465050704338
whiten_velocity,0.25,workspace/b02_mlp,2048,128,196608,14390.61965213311,93724.21106050962,13658.399253222879,0.07319447658352209,0.4767059888738486,0.06947021104544514,0.15354217964920858,0.14572967964920858
whiten_velocity,0.25,workspace/b03_attn,2048,128,196608,14580.404524579015,85788.15837472402,13910.184537276484,0.07415977236215726,0.43634113756675225,0.07075085722491702,0.1699582413331637,0.16214574133316373
whiten_velocity,0.25,workspace/b03_mlp,2048,128,196608,16969.018302489556,86992.77349067204,16289.387259593681,0.08630889029179666,0.4424681268853355,0.08285210805050497,0.195062389915745,0.187249889915745
whiten_velocity,0.25,workspace/b04_attn,2048,128,196608,18195.428988767377,91627.59176364812,17479.588428113875,0.09254673761376636,0.4660420316754563,0.08890578424130186,0.19858023809795405,0.19076773809795405
whiten_velocity,0.25,workspace/b04_mlp,2048,128,196608,19283.063891705064,87417.830270716,18600.112092715095,0.09807873480074597,0.4446300774674276,0.09460506232053169,0.22058502060722818,0.21277252060722818
whiten_velocity,0.25,workspace/b05_attn,2048,128,196608,19909.18260144974,87339.07174342338,19226.84610345424,0.10126333924077219,0.4442294908824838,0.09779279634325277,0.22795276162239378,0.22014026162239375
whiten_velocity,0.25,workspace/b05_mlp,2048,128,196608,22380.894695365958,78615.95537685537,21766.707543984274,0.11383511706220478,0.39986142668078295,0.11071119966626115,0.2846864175100379,0.27687391751003787
whiten_velocity,0.25,workspace/b06_attn,2048,128,196608,22749.698872182795,79162.08674643606,22131.245069476263,0.11571095210867714,0.40263919447039825,0.11256533340187715,0.2873812428044288,0.2795687428044288
whiten_velocity,0.25,workspace/b06_mlp,2048,128,196608,38123.507874306066,64099.501139328546,37622.73052165506,0.19390618832553133,0.3260269222988309,0.19135910299507172,0.5947551415640459,0.5869426415640457
whiten_velocity,0.25,workspace/b07_attn,2048,128,196608,25916.466352635005,65024.10483220036,25408.46553363344,0.13181796444007876,0.33072969987081074,0.12923413865983804,0.3985670609309334,0.3907545609309334
whiten_velocity,0.25,workspace/b07_mlp,2048,128,196608,9780.733955486745,18522.919598989927,9636.023646119636,0.049747385434401166,0.09421244099421146,0.049011350739133895,0.5280341418757817,0.5202216418757817
whiten_velocity,0.25,workspace/b08_attn,2048,128,196608,8104.688961549692,17166.456749603036,7970.576018193418,0.04122257976048631,0.0873131141642407,0.04054044605607818,0.4721235767967731,0.4643110767967731
whiten_velocity,0.25,workspace/b08_mlp,2048,128,196608,7847.522470371012,16003.362468674159,7722.496201084495,0.03991456334620672,0.08139731073340942,0.03927864685610196,0.4903671016470554,0.4825546016470553
whiten_velocity,0.25,workspace/b09_attn,2048,128,196608,15518.979961941719,22656.905529343145,15341.972887493726,0.07893361390147766,0.11523898076041232,0.07803330936428694,0.6849558489725334,0.6771433489725334
whiten_velocity,0.25,workspace/b09_mlp,2048,128,196608,25351.927468954193,26175.32000695749,25147.43278139984,0.12894657119219052,0.13313456220986677,0.12790645742492593,0.9685431720496851,0.9607306720496852
whiten_velocity,0.25,workspace/b10_attn,2048,128,196608,30384.485376582015,26959.970762686164,30173.86060499853,0.15454348437796028,0.13712550233299847,0.15347219139098373,1.1270221931633375,1.1192096931633373
whiten_velocity,0.25,workspace/b10_mlp,2048,128,196608,12155.399237773563,5469.8804161966145,12112.665797022028,0.06182555764655336,0.027821250489281284,0.06160820412710585,2.222242227047736,2.214429727047736
whiten_velocity,0.25,workspace/b11_attn,2048,128,196608,8185.681231020376,3988.709541588536,8154.519437726715,0.04163452774566841,0.020287625842226847,0.04147603066877602,2.0522129138940413,2.0444004138940413
whiten_velocity,0.25,workspace/b11_mlp,2048,128,196608,5691.801403702148,2595.227723629173,5671.526187111294,0.028949999001577492,0.013200010801336532,0.02884687391719205,2.193179947901727,2.185367447901727
whiten_velocity,0.25,workspace/b12_attn,2048,128,196608,5941.242997501235,2367.858721462207,5922.744101239811,0.030218724555975518,0.01204355225353092,0.03012463430399481,2.5091205584395597,2.5013080584395597
whiten_velocity,0.25,workspace/b12_mlp,2048,128,196608,9444.957138206735,2398.9029921218826,9426.215708580783,0.04803953622541674,0.012201451579395969,0.047944212384952715,3.9371984483009306,3.9293859483009306
whiten_velocity,0.5,workspace/b01_attn,2048,128,196608,59757.15251755558,115857.99238488656,58852.011952048655,0.3039405950803405,0.5892842223352385,0.29933681209334645,0.51577928537756,0.50796678537756
whiten_velocity,0.5,workspace/b01_mlp,2048,128,196608,45029.00401580338,62124.03345773204,44543.66000441485,0.2290293579905364,0.31597917408107523,0.22656077069302802,0.7248242187371853,0.7170117187371853
whiten_velocity,0.5,workspace/b02_attn,2048,128,196608,37688.31922509704,48699.67251914644,37307.85303354121,0.19169270439197306,0.24769934346082786,0.18975755327118535,0.7738926624255994,0.7660801624255994
whiten_velocity,0.5,workspace/b02_mlp,2048,128,196608,39603.87964238279,46813.13483156389,39238.1520265112,0.20143574850658563,0.2381039165830683,0.19957556165828041,0.8459993073499482,0.8381868073499483
whiten_velocity,0.5,workspace/b03_attn,2048,128,196608,41836.92858148136,44597.45118658925,41488.51099408614,0.21279362274923383,0.22683436679376856,0.21102147925865752,0.9381013369226358,0.9302888369226358
whiten_velocity,0.5,workspace/b03_mlp,2048,128,196608,47557.49159777945,49674.64008395102,47169.408472123585,0.24188991087737757,0.25265828493220527,0.23991601802634474,0.9573796914765049,0.949567191476505
whiten_velocity,0.5,workspace/b04_attn,2048,128,196608,48974.858168114435,44184.89868789733,48629.66364711524,0.24909901005103777,0.22473601627551945,0.24734325992388528,1.108407162230953,1.100594662230953
whiten_velocity,0.5,workspace/b04_mlp,2048,128,196608,45332.66614954418,39876.99081996311,45021.12715876322,0.23057386347220957,0.20282486378968867,0.22898929422385264,1.1368126134244279,1.1290001134244279
whiten_velocity,0.5,workspace/b05_attn,2048,128,196608,46377.04959257583,39118.41585811609,46071.4369686843,0.23588587235807204,0.1989665520127161,0.23433144617047272,1.1855554110572133,1.1777429110572133
whiten_velocity,0.5,workspace/b05_mlp,2048,128,196608,49073.84779465526,32272.341104447216,48821.72012977677,0.24960249732795847,0.16414561515526946,0.24832010970955795,1.520616296036012,1.512803796036012
whiten_velocity,0.5,workspace/b06_attn,2048,128,196608,46448.01481744963,33385.56630126014,46187.19008072103,0.23624682015711276,0.16980777130767896,0.23492019694377153,1.3912603547987874,1.3834478547987874
whiten_velocity,0.5,workspace/b06_mlp,2048,128,196608,62821.6564816032,28655.088567263854,62597.78860217145,0.31952746826987305,0.14574731733837817,0.318388817353167,2.1923385905486925,2.184526090548693
whiten_velocity,0.5,workspace/b07_attn,2048,128,196608,49035.7196346018,31151.03185989676,48792.35219819636,0.24940856747742615,0.1584423414097939,0.24817073668516212,1.5741282617905652,1.566315761790565
whiten_velocity,0.5,workspace/b07_mlp,2048,128,196608,18548.878993893,10548.481875385394,18466.46897924155,0.09434447730455016,0.05365235328870338,0.09392531829448215,1.7584406185667647,1.7506281185667645
whiten_velocity,0.5,workspace/b08_attn,2048,128,196608,16613.133519595503,10250.355221078693,16533.052619430826,0.08449876668088534,0.05213600271137844,0.08409145415970269,1.6207373462953243,1.6129248462953243
whiten_velocity,0.5,workspace/b08_mlp,2048,128,196608,16240.997070526673,10373.597598988099,16159.953339284579,0.08260598282128231,0.05276284586073862,0.08219377308799529,1.5656089332124195,1.5577964332124195
whiten_velocity,0.5,workspace/b09_attn,2048,128,196608,30630.17008031453,12159.045039292232,30535.177540945057,0.15579310140133937,0.061844101151999065,0.15530994436108936,2.5191262949789586,2.5113137949789586
whiten_velocity,0.5,workspace/b09_mlp,2048,128,196608,38079.22667366134,12505.652058250762,37981.52626695625,0.19368096249217395,0.06360703561528912,0.1931840325264295,3.0449613099972734,3.037148809997273
whiten_velocity,0.5,workspace/b10_attn,2048,128,196608,45259.5508934468,13851.616215351962,45151.335141764364,0.23020198004886272,0.07045296333492006,0.22965156627280867,3.267456316273399,3.259643816273399
whiten_velocity,0.5,workspace/b10_mlp,2048,128,196608,17906.149004217,3400.8736584621993,17879.579678760263,0.09107538352568055,0.017297737927562454,0.09094024494812146,5.265161485685349,5.257348985685348
whiten_velocity,0.5,workspace/b11_attn,2048,128,196608,12082.488779056423,2500.6646689642084,12062.95233633014,0.061454715876548376,0.012719038233257082,0.061355348390351054,4.83171091630653,4.82389841630653
whiten_velocity,0.5,workspace/b11_mlp,2048,128,196608,7909.775460065816,1570.7298945237312,7897.50413276485,0.04023119842562773,0.007989145378233496,0.040168783227360276,5.035732424551695,5.027919924551695
whiten_velocity,0.5,workspace/b12_attn,2048,128,196608,8199.99294924214,1358.8043164622982,8189.377290519778,0.04170732090882436,0.006911236147370901,0.04165332687642303,6.034712172972156,6.026899672972156
whiten_velocity,0.5,workspace/b12_mlp,2048,128,196608,11584.50804697877,1267.4443569816895,11574.60613793985,0.058921854893894295,0.0064465553638798495,0.058871491180113984,9.140052565752304,9.132240065752304
whiten_velocity,0.75,workspace/b01_attn,2048,128,196608,118003.03739012717,47167.21155973421,117634.54354981675,0.600194485423417,0.23990484395209866,0.5983202288300412,2.501802279337289,2.493989779337289
whiten_velocity,0.75,workspace/b01_mlp,2048,128,196608,75359.08405960759,16595.32161290177,75229.43310950679,0.3832961225362528,0.08440817063853846,0.3826366837031392,4.540983646922568,4.533171146922567
whiten_velocity,0.75,workspace/b02_attn,2048,128,196608,58785.9013020097,12235.100479264633,58690.31457951544,0.29900055593877,0.0622309391238639,0.2985143767268648,4.804692973436285,4.796880473436285
whiten_velocity,0.75,workspace/b02_mlp,2048,128,196608,60329.90755050394,11948.214773318268,60236.562122587384,0.30685377782442186,0.06077176296650324,0.30637899842624605,5.049282147591415,5.0414696475914145
whiten_velocity,0.75,workspace/b03_attn,2048,128,196608,68499.35001540376,12633.551595073375,68400.65039356725,0.34840571093446737,0.06425756629981168,0.3479036986977501,5.422018464080679,5.414205964080679
whiten_velocity,0.75,workspace/b03_mlp,2048,128,196608,81072.74867216064,16923.87050868239,80940.53093381156,0.4123573235685254,0.08607925673768306,0.41168482937526224,4.7904377802092135,4.7826252802092135
whiten_velocity,0.75,workspace/b04_attn,2048,128,196608,72589.76946821745,12744.263844129211,72490.20490693519,0.3692106601370109,0.06482067791813767,0.3687042485907755,5.695877796947585,5.688065296947585
whiten_velocity,0.75,workspace/b04_mlp,2048,128,196608,62436.014267368744,10805.77801208191,62351.594126649354,0.31756599053634005,0.05496102911418615,0.31713660749638545,5.778021184366291,5.770208684366291
whiten_velocity,0.75,workspace/b05_attn,2048,128,196608,65064.88745438357,10558.850572464942,64982.39643428619,0.3309371310139138,0.05370509120923331,0.3305175599888417,6.162118405582692,6.154305905582692
whiten_velocity,0.75,workspace/b05_mlp,2048,128,196608,68692.71427888724,8447.368623918645,68626.71921151289,0.3493892124373741,0.04296553865518516,0.3490535441666305,8.131847600965877,8.124035100965877
whiten_velocity,0.75,workspace/b06_attn,2048,128,196608,62175.455404667984,9086.41842944483,62104.46776068795,0.3162407196282348,0.04621591404950373,0.31587965779972305,6.842680192141101,6.834867692141101
whiten_velocity,0.75,workspace/b06_mlp,2048,128,196608,72431.15549770361,8226.12762338517,72366.88887564592,0.3684039077641989,0.041840248735479584,0.36807703082095294,8.805012372017778,8.797199872017778
whiten_velocity,0.75,workspace/b07_attn,2048,128,196608,64987.79100999016,9932.652193805721,64910.192164726046,0.33054499821975786,0.05052008155215312,0.3301503100826317,6.5428437180674015,6.5350312180674015
whiten_velocity,0.75,workspace/b07_mlp,2048,128,196608,25491.007881053432,3569.2101289217517,25463.123426921233,0.12965397074917315,0.01815394149231848,0.1295121430812644,7.141918508662922,7.134106008662923
whiten_velocity,0.75,workspace/b08_attn,2048,128,196608,24341.179801550516,3733.0810582156537,24312.015105783204,0.12380564270808164,0.018987432140175647,0.12365730339448651,6.520399482883226,6.512586982883226
whiten_velocity,0.75,workspace/b08_mlp,2048,128,196608,27543.990305506963,4497.34396806016,27508.85480575649,0.1400959793370919,0.022874674316712237,0.13991727094399256,6.124501594968623,6.116689094968622
whiten_velocity,0.75,workspace/b09_attn,2048,128,196608,45874.27385632131,4578.437205484947,45838.50481565346,0.23332862272298846,0.023287135851465593,0.23314669197414886,10.019635914491552,10.011823414491552
whiten_velocity,0.75,workspace/b09_mlp,2048,128,196608,40793.88922080928,3975.3236357996966,40762.832004904594,0.20748845021977377,0.020219541604612715,0.20733048505098772,10.261778148938802,10.253965648938802
whiten_velocity,0.75,workspace/b10_attn,2048,128,196608,52253.11465820481,4822.757542822099,52215.43686490151,0.2657730848093913,0.024529813348501073,0.26558144564260616,10.834696580584938,10.826884080584936
whiten_velocity,0.75,workspace/b10_mlp,2048,128,196608,19454.576942163436,1293.339939589535,19444.472723885392,0.09895109528688271,0.006578267108101069,0.09889970257510067,15.042121832515045,15.034309332515045
whiten_velocity,0.75,workspace/b11_attn,2048,128,196608,12973.869272329739,1001.3521430792899,12966.046208711932,0.06598851151697661,0.005093140376176401,0.06594872135778775,12.956350432759228,12.948537932759228
whiten_velocity,0.75,workspace/b11_mlp,2048,128,196608,8373.206870638618,625.2726180645539,8368.321928309988,0.0425883324719168,0.003180300995201385,0.042563486370391784,13.39128986098374,13.383477360983738
whiten_velocity,0.75,workspace/b12_attn,2048,128,196608,9676.386743215322,539.4547126435558,9672.172253272794,0.04921664806729798,0.00274380855633319,0.04919521206295163,17.93734768910803,17.92953518910803
whiten_velocity,0.75,workspace/b12_mlp,2048,128,196608,11201.409822254374,502.4320230801125,11197.484572074061,0.05697331656013171,0.0025555014194748563,0.05695335170529206,22.294378757120572,22.286566257120576
