point,images,noises,dimensions,between_raw,within,between_corrected,between_raw_per_coordinate,within_per_coordinate,between_corrected_per_coordinate,ratio_raw,ratio_corrected
workspace/b01_attn,2048,128,196608,23175.8427244481,153960.33152272215,21973.02763442683,0.11787843182600961,0.7830827408992622,0.11176059791273413,0.15053126019690147,0.14271876019690147
workspace/b01_mlp,2048,128,196608,16315.01712795511,62685.730788785826,15825.284856167722,0.08298246830218053,0.3188361144449149,0.08049156115807964,0.26026684099651254,0.25245434099651254
workspace/b02_attn,2048,128,196608,17124.04759974321,62544.04761259416,16635.42222776982,0.0870974100735637,0.31811547654517697,0.08461213291305451,0.27379180359115474,0.2659793035911548
workspace/b02_mlp,2048,128,196608,46539.56594042067,54778.404482483966,46111.60965540126,0.23671247324839614,0.2786173730595091,0.23453577502136871,0.8495969603368465,0.8417844603368466
workspace/b03_attn,2048,128,196608,37080.147817492536,58631.884274298085,36622.08622159958,0.18859938465114612,0.2982171848261418,0.18626956289469188,0.6324229261338444,0.6246104261338444
workspace/b03_mlp,2048,128,196608,49053.15226723936,45967.48052379323,48694.03132564723,0.24949723443216634,0.23380269634904596,0.24767065086693943,1.067127275810754,1.059314775810754
workspace/b04_attn,2048,128,196608,38014.48320149172,41001.242455787906,37694.160994805876,0.19335166016383729,0.2085431033110957,0.19172241716921934,0.9271544208076904,0.9193419208076904
workspace/b04_mlp,2048,128,196608,45594.5317902805,37148.338797506934,45304.31039342498,0.23190578099711356,0.18894622191114774,0.23042963863843272,1.227363948595742,1.219551448595742
workspace/b05_attn,2048,128,196608,51100.678375205454,37630.97314606092,50806.68639750186,0.2599114907593051,0.19140102715078186,0.2584161702346896,1.3579419850999654,1.3501294850999654
workspace/b05_mlp,2048,128,196608,58534.33913799668,30244.218458852934,58298.05618128689,0.2977210446065098,0.1538300499412686,0.29651924734134366,1.9353893775642532,1.9275768775642532
workspace/b06_attn,2048,128,196608,57360.30701845191,29247.444802096077,57131.81135593553,0.29174960845159864,0.14876019695076537,0.2905874194129208,1.9612074629624079,1.9533949629624079
workspace/b06_mlp,2048,128,196608,64039.8015258455,26448.21071489362,63833.17487963539,0.32572327436241405,0.13452255612637135,0.3246723168926768,2.421328316542153,2.413515816542153
workspace/b07_attn,2048,128,196608,62687.760697351194,23643.320095424682,62503.04725910569,0.31884643909378657,0.1202561446910842,0.3179069379633875,2.651394154642527,2.643581654642527
workspace/b07_mlp,2048,128,196608,61588.39156153215,24183.783054861626,61399.45575641605,0.3132547585120247,0.12300508145579847,0.3122937813131513,2.5466814444132693,2.5388689444132697
workspace/b08_attn,2048,128,196608,62046.97401954087,22891.17542787689,61868.136711510575,0.3155872295101973,0.11643053908221888,0.3146776159236174,2.7105193534090004,2.7027068534090004
workspace/b08_mlp,2048,128,196608,66371.81735138572,17889.30371878724,66232.0571660827,0.33758452021985735,0.09098970397332377,0.3368736631575658,3.710139779318657,3.702327279318657
workspace/b09_attn,2048,128,196608,68940.24533197239,15827.311312747317,68816.59446234154,0.350648220479189,0.08050186824924375,0.3500192996334917,4.355777426103188,4.347964926103188
workspace/b09_mlp,2048,128,196608,64802.4314613974,11601.79710538864,64711.79242151155,0.32960221080219215,0.059009791592349446,0.32914119680537696,5.585551175627686,5.577738675627685
workspace/b10_attn,2048,128,196608,73488.13377723756,11870.854488694758,73395.39272654463,0.3737799773012164,0.060378288211541536,0.37330827192456373,6.190635547527281,6.182823047527281
workspace/b10_mlp,2048,128,196608,72613.45631508288,8169.363964429153,72549.63315911077,0.36933113767030273,0.0415515338360044,0.36900651631220893,8.888507921945285,8.880695421945285
workspace/b11_attn,2048,128,196608,93719.33463930005,10248.534777731007,93639.26796134903,0.47668118611297633,0.052126743457697584,0.4762739459297131,9.144656936027808,9.136844436027808
workspace/b11_mlp,2048,128,196608,58281.32308195639,4125.069068589916,58249.09597985803,0.296434138396995,0.020981186261952292,0.2962702228793235,14.128569028270563,14.120756528270563
workspace/b12_attn,2048,128,196608,80170.79052673512,5448.09677682895,80128.22727066615,0.40776972720710813,0.027710453169906363,0.40755323929171827,14.715375627633088,14.707563127633088
workspace/b12_mlp,2048,128,196608,87297.85834223668,4481.335621443865,87262.84790769414,0.4440198686840651,0.022793251655293098,0.44384179640550814,19.480321430178826,19.472508930178826
