model,alpha,after_block,mode,view,seed_base,rng,top1,top5
deco_b_velocity,0.25,1,clean,0,800000,"rank offset10000000, world2",1.822,5.996
deco_b_velocity,0.25,2,clean,0,800000,"rank offset10000000, world2",1.338,4.296
deco_b_velocity,0.25,3,clean,0,800000,"rank offset10000000, world2",1.058,3.8720000000000003
deco_b_velocity,0.25,4,clean,0,800000,"rank offset10000000, world2",0.734,3.8500000000000005
deco_b_velocity,0.25,5,clean,0,800000,"rank offset10000000, world2",0.9480000000000001,3.4160000000000004
deco_b_velocity,0.25,6,clean,0,800000,"rank offset10000000, world2",1.0140000000000002,4.0120000000000005
deco_b_velocity,0.25,7,clean,0,800000,"rank offset10000000, world2",0.8840000000000001,3.2900000000000005
deco_b_velocity,0.25,8,clean,0,800000,"rank offset10000000, world2",1.066,3.814
deco_b_velocity,0.25,9,clean,0,800000,"rank offset10000000, world2",0.8280000000000001,3.1940000000000004
deco_b_velocity,0.25,10,clean,0,800000,"rank offset10000000, world2",1.086,3.9120000000000004
deco_b_velocity,0.25,11,clean,0,800000,"rank offset10000000, world2",0.8280000000000001,2.902
deco_b_velocity,0.25,1,matched_noise,1,800001,"rank offset10000000, world2",9.126000000000001,20.924
deco_b_velocity,0.25,2,matched_noise,1,800001,"rank offset10000000, world2",13.686000000000002,29.300000000000004
deco_b_velocity,0.25,3,matched_noise,1,800001,"rank offset10000000, world2",18.200000000000003,36.12800000000001
deco_b_velocity,0.25,4,matched_noise,1,800001,"rank offset10000000, world2",23.112000000000002,43.45
deco_b_velocity,0.25,5,matched_noise,1,800001,"rank offset10000000, world2",26.446,48.30200000000001
deco_b_velocity,0.25,6,matched_noise,1,800001,"rank offset10000000, world2",31.846000000000004,55.168000000000006
deco_b_velocity,0.25,7,matched_noise,1,800001,"rank offset10000000, world2",33.018,56.508
deco_b_velocity,0.25,8,matched_noise,1,800001,"rank offset10000000, world2",31.136000000000003,54.510000000000005
deco_b_velocity,0.25,9,matched_noise,1,800001,"rank offset10000000, world2",28.536,50.95
deco_b_velocity,0.25,10,matched_noise,1,800001,"rank offset10000000, world2",25.270000000000003,46.39
deco_b_velocity,0.25,11,matched_noise,1,800001,"rank offset10000000, world2",22.134,41.766000000000005
deco_b_velocity,0.25,1,matched_noise,2,800002,"rank offset10000000, world2",9.074,20.924
deco_b_velocity,0.25,2,matched_noise,2,800002,"rank offset10000000, world2",13.654000000000002,29.195999999999998
deco_b_velocity,0.25,3,matched_noise,2,800002,"rank offset10000000, world2",18.180000000000003,36.064
deco_b_velocity,0.25,4,matched_noise,2,800002,"rank offset10000000, world2",23.244,43.446
deco_b_velocity,0.25,5,matched_noise,2,800002,"rank offset10000000, world2",26.356,48.31
deco_b_velocity,0.25,6,matched_noise,2,800002,"rank offset10000000, world2",31.642000000000003,55.00200000000001
deco_b_velocity,0.25,7,matched_noise,2,800002,"rank offset10000000, world2",32.862,56.7
deco_b_velocity,0.25,8,matched_noise,2,800002,"rank offset10000000, world2",31.144000000000005,54.458000000000006
deco_b_velocity,0.25,9,matched_noise,2,800002,"rank offset10000000, world2",28.302000000000007,51.098
deco_b_velocity,0.25,10,matched_noise,2,800002,"rank offset10000000, world2",25.162000000000003,46.432
deco_b_velocity,0.25,11,matched_noise,2,800002,"rank offset10000000, world2",21.954,41.75600000000001
deco_b_velocity,0.25,1,matched_noise,3,800003,"rank offset10000000, world2",9.132000000000001,20.668000000000003
deco_b_velocity,0.25,2,matched_noise,3,800003,"rank offset10000000, world2",13.762000000000002,29.156000000000006
deco_b_velocity,0.25,3,matched_noise,3,800003,"rank offset10000000, world2",18.004,36.004000000000005
deco_b_velocity,0.25,4,matched_noise,3,800003,"rank offset10000000, world2",23.080000000000002,43.316
deco_b_velocity,0.25,5,matched_noise,3,800003,"rank offset10000000, world2",26.538,48.40800000000001
deco_b_velocity,0.25,6,matched_noise,3,800003,"rank offset10000000, world2",31.824,55.14600000000001
deco_b_velocity,0.25,7,matched_noise,3,800003,"rank offset10000000, world2",32.912,56.652
deco_b_velocity,0.25,8,matched_noise,3,800003,"rank offset10000000, world2",31.286,54.54800000000001
deco_b_velocity,0.25,9,matched_noise,3,800003,"rank offset10000000, world2",28.612000000000005,50.928000000000004
deco_b_velocity,0.25,10,matched_noise,3,800003,"rank offset10000000, world2",25.244,46.382000000000005
deco_b_velocity,0.25,11,matched_noise,3,800003,"rank offset10000000, world2",22.086000000000002,41.77
deco_b_velocity,0.5,1,clean,0,800000,"rank offset10000000, world2",0.74,2.766
deco_b_velocity,0.5,2,clean,0,800000,"rank offset10000000, world2",0.34,1.6760000000000002
deco_b_velocity,0.5,3,clean,0,800000,"rank offset10000000, world2",0.22400000000000003,1.1900000000000002
deco_b_velocity,0.5,4,clean,0,800000,"rank offset10000000, world2",0.29800000000000004,1.4360000000000002
deco_b_velocity,0.5,5,clean,0,800000,"rank offset10000000, world2",0.4,1.678
deco_b_velocity,0.5,6,clean,0,800000,"rank offset10000000, world2",0.28800000000000003,1.9040000000000001
deco_b_velocity,0.5,7,clean,0,800000,"rank offset10000000, world2",0.19000000000000003,1.1680000000000001
deco_b_velocity,0.5,8,clean,0,800000,"rank offset10000000, world2",0.34400000000000003,1.9300000000000002
deco_b_velocity,0.5,9,clean,0,800000,"rank offset10000000, world2",0.47000000000000003,1.788
deco_b_velocity,0.5,10,clean,0,800000,"rank offset10000000, world2",0.31400000000000006,1.5280000000000002
deco_b_velocity,0.5,11,clean,0,800000,"rank offset10000000, world2",0.302,1.5460000000000003
deco_b_velocity,0.5,1,matched_noise,1,800001,"rank offset10000000, world2",8.182,19.404000000000003
deco_b_velocity,0.5,2,matched_noise,1,800001,"rank offset10000000, world2",13.226,28.202000000000005
deco_b_velocity,0.5,3,matched_noise,1,800001,"rank offset10000000, world2",19.104000000000003,37.234
deco_b_velocity,0.5,4,matched_noise,1,800001,"rank offset10000000, world2",24.978,46.29600000000001
deco_b_velocity,0.5,5,matched_noise,1,800001,"rank offset10000000, world2",28.716,51.382000000000005
deco_b_velocity,0.5,6,matched_noise,1,800001,"rank offset10000000, world2",34.108000000000004,58.10000000000001
deco_b_velocity,0.5,7,matched_noise,1,800001,"rank offset10000000, world2",35.656000000000006,59.782000000000004
deco_b_velocity,0.5,8,matched_noise,1,800001,"rank offset10000000, world2",33.824000000000005,57.562000000000005
deco_b_velocity,0.5,9,matched_noise,1,800001,"rank offset10000000, world2",31.132000000000005,54.522000000000006
deco_b_velocity,0.5,10,matched_noise,1,800001,"rank offset10000000, world2",27.364000000000004,49.748000000000005
deco_b_velocity,0.5,11,matched_noise,1,800001,"rank offset10000000, world2",23.486,44.260000000000005
deco_b_velocity,0.5,1,matched_noise,2,800002,"rank offset10000000, world2",8.234000000000002,19.410000000000004
deco_b_velocity,0.5,2,matched_noise,2,800002,"rank offset10000000, world2",13.212000000000002,28.340000000000003
deco_b_velocity,0.5,3,matched_noise,2,800002,"rank offset10000000, world2",18.734,37.220000000000006
deco_b_velocity,0.5,4,matched_noise,2,800002,"rank offset10000000, world2",24.930000000000003,46.190000000000005
deco_b_velocity,0.5,5,matched_noise,2,800002,"rank offset10000000, world2",28.508,51.428000000000004
deco_b_velocity,0.5,6,matched_noise,2,800002,"rank offset10000000, world2",33.92400000000001,57.86800000000001
deco_b_velocity,0.5,7,matched_noise,2,800002,"rank offset10000000, world2",35.608000000000004,59.962
deco_b_velocity,0.5,8,matched_noise,2,800002,"rank offset10000000, world2",33.800000000000004,57.74
deco_b_velocity,0.5,9,matched_noise,2,800002,"rank offset10000000, world2",31.094000000000005,54.55800000000001
deco_b_velocity,0.5,10,matched_noise,2,800002,"rank offset10000000, world2",27.208000000000006,49.626000000000005
deco_b_velocity,0.5,11,matched_noise,2,800002,"rank offset10000000, world2",23.364,44.032000000000004
deco_b_velocity,0.5,1,matched_noise,3,800003,"rank offset10000000, world2",8.118,19.198
deco_b_velocity,0.5,2,matched_noise,3,800003,"rank offset10000000, world2",13.052,28.222
deco_b_velocity,0.5,3,matched_noise,3,800003,"rank offset10000000, world2",18.822000000000003,37.22200000000001
deco_b_velocity,0.5,4,matched_noise,3,800003,"rank offset10000000, world2",25.006,46.25
deco_b_velocity,0.5,5,matched_noise,3,800003,"rank offset10000000, world2",28.472,51.366
deco_b_velocity,0.5,6,matched_noise,3,800003,"rank offset10000000, world2",33.884,57.95800000000001
deco_b_velocity,0.5,7,matched_noise,3,800003,"rank offset10000000, world2",35.712,60.026
deco_b_velocity,0.5,8,matched_noise,3,800003,"rank offset10000000, world2",33.636,57.474000000000004
deco_b_velocity,0.5,9,matched_noise,3,800003,"rank offset10000000, world2",31.258000000000003,54.40400000000001
deco_b_velocity,0.5,10,matched_noise,3,800003,"rank offset10000000, world2",27.334000000000003,49.662000000000006
deco_b_velocity,0.5,11,matched_noise,3,800003,"rank offset10000000, world2",23.284000000000002,44.17
deco_b_velocity,0.75,1,clean,0,800000,"rank offset10000000, world2",0.6220000000000001,2.332
deco_b_velocity,0.75,2,clean,0,800000,"rank offset10000000, world2",0.30800000000000005,1.3980000000000001
deco_b_velocity,0.75,3,clean,0,800000,"rank offset10000000, world2",0.216,1.026
deco_b_velocity,0.75,4,clean,0,800000,"rank offset10000000, world2",0.22400000000000003,1.31
deco_b_velocity,0.75,5,clean,0,800000,"rank offset10000000, world2",0.30800000000000005,1.1280000000000001
deco_b_velocity,0.75,6,clean,0,800000,"rank offset10000000, world2",0.262,1.1720000000000002
deco_b_velocity,0.75,7,clean,0,800000,"rank offset10000000, world2",0.19200000000000003,0.9420000000000002
deco_b_velocity,0.75,8,clean,0,800000,"rank offset10000000, world2",0.316,1.356
deco_b_velocity,0.75,9,clean,0,800000,"rank offset10000000, world2",0.29200000000000004,1.124
deco_b_velocity,0.75,10,clean,0,800000,"rank offset10000000, world2",0.24400000000000002,1.288
deco_b_velocity,0.75,11,clean,0,800000,"rank offset10000000, world2",0.316,1.1900000000000002
deco_b_velocity,0.75,1,matched_noise,1,800001,"rank offset10000000, world2",5.996,15.39
deco_b_velocity,0.75,2,matched_noise,1,800001,"rank offset10000000, world2",9.954,22.842000000000002
deco_b_velocity,0.75,3,matched_noise,1,800001,"rank offset10000000, world2",14.642000000000003,30.884
deco_b_velocity,0.75,4,matched_noise,1,800001,"rank offset10000000, world2",19.614,38.796
deco_b_velocity,0.75,5,matched_noise,1,800001,"rank offset10000000, world2",22.57,42.944
deco_b_velocity,0.75,6,matched_noise,1,800001,"rank offset10000000, world2",26.130000000000003,48.15800000000001
deco_b_velocity,0.75,7,matched_noise,1,800001,"rank offset10000000, world2",27.362000000000002,49.83800000000001
deco_b_velocity,0.75,8,matched_noise,1,800001,"rank offset10000000, world2",26.39,48.716
deco_b_velocity,0.75,9,matched_noise,1,800001,"rank offset10000000, world2",24.826,46.612
deco_b_velocity,0.75,10,matched_noise,1,800001,"rank offset10000000, world2",22.448,43.46
deco_b_velocity,0.75,11,matched_noise,1,800001,"rank offset10000000, world2",19.508,39.024
deco_b_velocity,0.75,1,matched_noise,2,800002,"rank offset10000000, world2",6.174,15.298
deco_b_velocity,0.75,2,matched_noise,2,800002,"rank offset10000000, world2",9.926000000000002,22.85
deco_b_velocity,0.75,3,matched_noise,2,800002,"rank offset10000000, world2",14.774000000000001,30.942000000000004
deco_b_velocity,0.75,4,matched_noise,2,800002,"rank offset10000000, world2",19.672,38.946000000000005
deco_b_velocity,0.75,5,matched_noise,2,800002,"rank offset10000000, world2",22.212,42.982000000000006
deco_b_velocity,0.75,6,matched_noise,2,800002,"rank offset10000000, world2",26.104,48.148
deco_b_velocity,0.75,7,matched_noise,2,800002,"rank offset10000000, world2",27.392,49.858000000000004
deco_b_velocity,0.75,8,matched_noise,2,800002,"rank offset10000000, world2",26.464000000000006,48.498000000000005
deco_b_velocity,0.75,9,matched_noise,2,800002,"rank offset10000000, world2",25.004000000000005,46.628
deco_b_velocity,0.75,10,matched_noise,2,800002,"rank offset10000000, world2",22.682000000000002,43.306000000000004
deco_b_velocity,0.75,11,matched_noise,2,800002,"rank offset10000000, world2",19.446,38.92
deco_b_velocity,0.75,1,matched_noise,3,800003,"rank offset10000000, world2",5.930000000000001,15.456
deco_b_velocity,0.75,2,matched_noise,3,800003,"rank offset10000000, world2",10.0,22.910000000000004
deco_b_velocity,0.75,3,matched_noise,3,800003,"rank offset10000000, world2",14.670000000000002,30.880000000000003
deco_b_velocity,0.75,4,matched_noise,3,800003,"rank offset10000000, world2",19.546000000000003,38.796
deco_b_velocity,0.75,5,matched_noise,3,800003,"rank offset10000000, world2",22.306,42.928000000000004
deco_b_velocity,0.75,6,matched_noise,3,800003,"rank offset10000000, world2",26.034000000000002,47.95
deco_b_velocity,0.75,7,matched_noise,3,800003,"rank offset10000000, world2",27.288,49.59400000000001
deco_b_velocity,0.75,8,matched_noise,3,800003,"rank offset10000000, world2",26.276000000000003,48.438
deco_b_velocity,0.75,9,matched_noise,3,800003,"rank offset10000000, world2",24.756000000000004,46.702000000000005
deco_b_velocity,0.75,10,matched_noise,3,800003,"rank offset10000000, world2",22.526000000000003,43.33
deco_b_velocity,0.75,11,matched_noise,3,800003,"rank offset10000000, world2",19.386,39.092000000000006
dip_b_velocity,0.25,1,clean,0,800000,"rank offset10000000, world2",0.41400000000000003,2.056
dip_b_velocity,0.25,2,clean,0,800000,"rank offset10000000, world2",0.8440000000000001,2.7800000000000002
dip_b_velocity,0.25,3,clean,0,800000,"rank offset10000000, world2",0.42400000000000004,1.4580000000000002
dip_b_velocity,0.25,4,clean,0,800000,"rank offset10000000, world2",0.336,1.4480000000000002
dip_b_velocity,0.25,5,clean,0,800000,"rank offset10000000, world2",0.522,2.052
dip_b_velocity,0.25,6,clean,0,800000,"rank offset10000000, world2",0.47000000000000003,1.6920000000000002
dip_b_velocity,0.25,7,clean,0,800000,"rank offset10000000, world2",0.8780000000000001,2.902
dip_b_velocity,0.25,8,clean,0,800000,"rank offset10000000, world2",0.52,1.7580000000000002
dip_b_velocity,0.25,9,clean,0,800000,"rank offset10000000, world2",0.4580000000000001,1.4740000000000002
dip_b_velocity,0.25,10,clean,0,800000,"rank offset10000000, world2",0.17200000000000001,0.9340000000000002
dip_b_velocity,0.25,11,clean,0,800000,"rank offset10000000, world2",0.254,1.03
dip_b_velocity,0.25,1,matched_noise,1,800001,"rank offset10000000, world2",6.026000000000001,15.344000000000001
dip_b_velocity,0.25,2,matched_noise,1,800001,"rank offset10000000, world2",9.754,22.444000000000003
dip_b_velocity,0.25,3,matched_noise,1,800001,"rank offset10000000, world2",13.388,28.514
dip_b_velocity,0.25,4,matched_noise,1,800001,"rank offset10000000, world2",17.774,35.388000000000005
dip_b_velocity,0.25,5,matched_noise,1,800001,"rank offset10000000, world2",21.76,41.572
dip_b_velocity,0.25,6,matched_noise,1,800001,"rank offset10000000, world2",27.636000000000006,49.794000000000004
dip_b_velocity,0.25,7,matched_noise,1,800001,"rank offset10000000, world2",32.31400000000001,56.08800000000001
dip_b_velocity,0.25,8,matched_noise,1,800001,"rank offset10000000, world2",31.53,54.784
dip_b_velocity,0.25,9,matched_noise,1,800001,"rank offset10000000, world2",30.176000000000002,52.910000000000004
dip_b_velocity,0.25,10,matched_noise,1,800001,"rank offset10000000, world2",24.392000000000003,45.196000000000005
dip_b_velocity,0.25,11,matched_noise,1,800001,"rank offset10000000, world2",19.598000000000003,38.48800000000001
dip_b_velocity,0.25,1,matched_noise,2,800002,"rank offset10000000, world2",6.104,15.238000000000001
dip_b_velocity,0.25,2,matched_noise,2,800002,"rank offset10000000, world2",9.756,22.456
dip_b_velocity,0.25,3,matched_noise,2,800002,"rank offset10000000, world2",13.342,28.450000000000003
dip_b_velocity,0.25,4,matched_noise,2,800002,"rank offset10000000, world2",17.816000000000003,35.526
dip_b_velocity,0.25,5,matched_noise,2,800002,"rank offset10000000, world2",21.794000000000004,41.510000000000005
dip_b_velocity,0.25,6,matched_noise,2,800002,"rank offset10000000, world2",27.85,49.792
dip_b_velocity,0.25,7,matched_noise,2,800002,"rank offset10000000, world2",32.496,55.934000000000005
dip_b_velocity,0.25,8,matched_noise,2,800002,"rank offset10000000, world2",31.448000000000004,54.656000000000006
dip_b_velocity,0.25,9,matched_noise,2,800002,"rank offset10000000, world2",30.17,53.190000000000005
dip_b_velocity,0.25,10,matched_noise,2,800002,"rank offset10000000, world2",24.488000000000003,45.178000000000004
dip_b_velocity,0.25,11,matched_noise,2,800002,"rank offset10000000, world2",19.746000000000002,38.32600000000001
dip_b_velocity,0.25,1,matched_noise,3,800003,"rank offset10000000, world2",6.0600000000000005,15.248000000000001
dip_b_velocity,0.25,2,matched_noise,3,800003,"rank offset10000000, world2",9.72,22.432000000000002
dip_b_velocity,0.25,3,matched_noise,3,800003,"rank offset10000000, world2",13.214,28.474000000000004
dip_b_velocity,0.25,4,matched_noise,3,800003,"rank offset10000000, world2",17.796,35.508
dip_b_velocity,0.25,5,matched_noise,3,800003,"rank offset10000000, world2",21.744000000000003,41.6
dip_b_velocity,0.25,6,matched_noise,3,800003,"rank offset10000000, world2",27.688000000000002,49.73800000000001
dip_b_velocity,0.25,7,matched_noise,3,800003,"rank offset10000000, world2",32.300000000000004,55.90400000000001
dip_b_velocity,0.25,8,matched_noise,3,800003,"rank offset10000000, world2",31.154000000000003,54.542
dip_b_velocity,0.25,9,matched_noise,3,800003,"rank offset10000000, world2",30.018,53.010000000000005
dip_b_velocity,0.25,10,matched_noise,3,800003,"rank offset10000000, world2",24.354,45.08200000000001
dip_b_velocity,0.25,11,matched_noise,3,800003,"rank offset10000000, world2",19.63,38.458000000000006
dip_b_velocity,0.5,1,clean,0,800000,"rank offset10000000, world2",0.554,2.116
dip_b_velocity,0.5,2,clean,0,800000,"rank offset10000000, world2",0.398,1.6340000000000001
dip_b_velocity,0.5,3,clean,0,800000,"rank offset10000000, world2",0.22600000000000003,1.044
dip_b_velocity,0.5,4,clean,0,800000,"rank offset10000000, world2",0.138,0.7000000000000001
dip_b_velocity,0.5,5,clean,0,800000,"rank offset10000000, world2",0.19600000000000004,0.898
dip_b_velocity,0.5,6,clean,0,800000,"rank offset10000000, world2",0.316,1.292
dip_b_velocity,0.5,7,clean,0,800000,"rank offset10000000, world2",0.398,1.4480000000000002
dip_b_velocity,0.5,8,clean,0,800000,"rank offset10000000, world2",0.252,0.856
dip_b_velocity,0.5,9,clean,0,800000,"rank offset10000000, world2",0.22200000000000003,0.88
dip_b_velocity,0.5,10,clean,0,800000,"rank offset10000000, world2",0.12000000000000001,0.7280000000000001
dip_b_velocity,0.5,11,clean,0,800000,"rank offset10000000, world2",0.134,0.8820000000000001
dip_b_velocity,0.5,1,matched_noise,1,800001,"rank offset10000000, world2",5.48,14.248000000000003
dip_b_velocity,0.5,2,matched_noise,1,800001,"rank offset10000000, world2",9.768,22.454
dip_b_velocity,0.5,3,matched_noise,1,800001,"rank offset10000000, world2",13.56,28.848000000000003
dip_b_velocity,0.5,4,matched_noise,1,800001,"rank offset10000000, world2",19.01,37.63
dip_b_velocity,0.5,5,matched_noise,1,800001,"rank offset10000000, world2",23.226000000000003,44.032000000000004
dip_b_velocity,0.5,6,matched_noise,1,800001,"rank offset10000000, world2",29.378000000000004,52.22800000000001
dip_b_velocity,0.5,7,matched_noise,1,800001,"rank offset10000000, world2",34.142,58.426
dip_b_velocity,0.5,8,matched_noise,1,800001,"rank offset10000000, world2",33.64,58.138
dip_b_velocity,0.5,9,matched_noise,1,800001,"rank offset10000000, world2",32.398,55.908
dip_b_velocity,0.5,10,matched_noise,1,800001,"rank offset10000000, world2",26.35,47.95
dip_b_velocity,0.5,11,matched_noise,1,800001,"rank offset10000000, world2",20.896,40.57000000000001
dip_b_velocity,0.5,1,matched_noise,2,800002,"rank offset10000000, world2",5.564,14.23
dip_b_velocity,0.5,2,matched_noise,2,800002,"rank offset10000000, world2",9.662,22.514
dip_b_velocity,0.5,3,matched_noise,2,800002,"rank offset10000000, world2",13.622,28.808
dip_b_velocity,0.5,4,matched_noise,2,800002,"rank offset10000000, world2",18.972,37.60000000000001
dip_b_velocity,0.5,5,matched_noise,2,800002,"rank offset10000000, world2",23.234,43.818
dip_b_velocity,0.5,6,matched_noise,2,800002,"rank offset10000000, world2",29.502,52.332
dip_b_velocity,0.5,7,matched_noise,2,800002,"rank offset10000000, world2",34.326,58.22400000000001
dip_b_velocity,0.5,8,matched_noise,2,800002,"rank offset10000000, world2",33.794000000000004,57.903999999999996
dip_b_velocity,0.5,9,matched_noise,2,800002,"rank offset10000000, world2",32.324000000000005,56.042
dip_b_velocity,0.5,10,matched_noise,2,800002,"rank offset10000000, world2",26.184,47.852000000000004
dip_b_velocity,0.5,11,matched_noise,2,800002,"rank offset10000000, world2",20.774,40.45
dip_b_velocity,0.5,1,matched_noise,3,800003,"rank offset10000000, world2",5.572000000000001,14.276
dip_b_velocity,0.5,2,matched_noise,3,800003,"rank offset10000000, world2",9.706000000000001,22.35
dip_b_velocity,0.5,3,matched_noise,3,800003,"rank offset10000000, world2",13.496000000000002,28.966
dip_b_velocity,0.5,4,matched_noise,3,800003,"rank offset10000000, world2",18.758000000000003,37.406
dip_b_velocity,0.5,5,matched_noise,3,800003,"rank offset10000000, world2",23.018,43.804
dip_b_velocity,0.5,6,matched_noise,3,800003,"rank offset10000000, world2",29.426000000000002,52.446000000000005
dip_b_velocity,0.5,7,matched_noise,3,800003,"rank offset10000000, world2",34.316,58.46600000000001
dip_b_velocity,0.5,8,matched_noise,3,800003,"rank offset10000000, world2",33.61,57.86
dip_b_velocity,0.5,9,matched_noise,3,800003,"rank offset10000000, world2",32.296,56.18200000000001
dip_b_velocity,0.5,10,matched_noise,3,800003,"rank offset10000000, world2",25.990000000000002,48.1
dip_b_velocity,0.5,11,matched_noise,3,800003,"rank offset10000000, world2",20.418000000000003,40.378
dip_b_velocity,0.75,1,clean,0,800000,"rank offset10000000, world2",0.42200000000000004,1.8080000000000003
dip_b_velocity,0.75,2,clean,0,800000,"rank offset10000000, world2",0.274,1.0020000000000002
dip_b_velocity,0.75,3,clean,0,800000,"rank offset10000000, world2",0.252,1.0560000000000003
dip_b_velocity,0.75,4,clean,0,800000,"rank offset10000000, world2",0.084,0.5660000000000001
dip_b_velocity,0.75,5,clean,0,800000,"rank offset10000000, world2",0.20600000000000002,0.8960000000000001
dip_b_velocity,0.75,6,clean,0,800000,"rank offset10000000, world2",0.24600000000000005,1.004
dip_b_velocity,0.75,7,clean,0,800000,"rank offset10000000, world2",0.29800000000000004,1.1920000000000002
dip_b_velocity,0.75,8,clean,0,800000,"rank offset10000000, world2",0.14200000000000002,0.778
dip_b_velocity,0.75,9,clean,0,800000,"rank offset10000000, world2",0.186,1.0020000000000002
dip_b_velocity,0.75,10,clean,0,800000,"rank offset10000000, world2",0.11200000000000002,0.774
dip_b_velocity,0.75,11,clean,0,800000,"rank offset10000000, world2",0.164,0.7600000000000001
dip_b_velocity,0.75,1,matched_noise,1,800001,"rank offset10000000, world2",4.378000000000001,12.040000000000001
dip_b_velocity,0.75,2,matched_noise,1,800001,"rank offset10000000, world2",7.868,19.126
dip_b_velocity,0.75,3,matched_noise,1,800001,"rank offset10000000, world2",10.798,24.18
dip_b_velocity,0.75,4,matched_noise,1,800001,"rank offset10000000, world2",15.010000000000002,31.910000000000004
dip_b_velocity,0.75,5,matched_noise,1,800001,"rank offset10000000, world2",18.222,36.818
dip_b_velocity,0.75,6,matched_noise,1,800001,"rank offset10000000, world2",22.884,43.532000000000004
dip_b_velocity,0.75,7,matched_noise,1,800001,"rank offset10000000, world2",26.004000000000005,48.368
dip_b_velocity,0.75,8,matched_noise,1,800001,"rank offset10000000, world2",26.212000000000003,48.596000000000004
dip_b_velocity,0.75,9,matched_noise,1,800001,"rank offset10000000, world2",25.176000000000005,47.410000000000004
dip_b_velocity,0.75,10,matched_noise,1,800001,"rank offset10000000, world2",21.324,42.02400000000001
dip_b_velocity,0.75,11,matched_noise,1,800001,"rank offset10000000, world2",17.582,36.282000000000004
dip_b_velocity,0.75,1,matched_noise,2,800002,"rank offset10000000, world2",4.34,11.874
dip_b_velocity,0.75,2,matched_noise,2,800002,"rank offset10000000, world2",7.788,19.296000000000003
dip_b_velocity,0.75,3,matched_noise,2,800002,"rank offset10000000, world2",10.654000000000002,24.220000000000002
dip_b_velocity,0.75,4,matched_noise,2,800002,"rank offset10000000, world2",15.110000000000001,31.674000000000003
dip_b_velocity,0.75,5,matched_noise,2,800002,"rank offset10000000, world2",18.09,36.686
dip_b_velocity,0.75,6,matched_noise,2,800002,"rank offset10000000, world2",22.740000000000002,43.666000000000004
dip_b_velocity,0.75,7,matched_noise,2,800002,"rank offset10000000, world2",26.282,48.32
dip_b_velocity,0.75,8,matched_noise,2,800002,"rank offset10000000, world2",26.302000000000003,48.49400000000001
dip_b_velocity,0.75,9,matched_noise,2,800002,"rank offset10000000, world2",25.416,47.526
dip_b_velocity,0.75,10,matched_noise,2,800002,"rank offset10000000, world2",21.36,41.692
dip_b_velocity,0.75,11,matched_noise,2,800002,"rank offset10000000, world2",17.602,36.282000000000004
dip_b_velocity,0.75,1,matched_noise,3,800003,"rank offset10000000, world2",4.3180000000000005,12.026
dip_b_velocity,0.75,2,matched_noise,3,800003,"rank offset10000000, world2",7.878,19.136
dip_b_velocity,0.75,3,matched_noise,3,800003,"rank offset10000000, world2",10.696000000000002,24.086000000000002
dip_b_velocity,0.75,4,matched_noise,3,800003,"rank offset10000000, world2",14.930000000000001,31.792000000000005
dip_b_velocity,0.75,5,matched_noise,3,800003,"rank offset10000000, world2",18.09,36.660000000000004
dip_b_velocity,0.75,6,matched_noise,3,800003,"rank offset10000000, world2",22.812,43.432
dip_b_velocity,0.75,7,matched_noise,3,800003,"rank offset10000000, world2",26.058000000000003,48.194
dip_b_velocity,0.75,8,matched_noise,3,800003,"rank offset10000000, world2",26.146,48.562000000000005
dip_b_velocity,0.75,9,matched_noise,3,800003,"rank offset10000000, world2",25.194,47.478
dip_b_velocity,0.75,10,matched_noise,3,800003,"rank offset10000000, world2",21.176000000000002,41.982
dip_b_velocity,0.75,11,matched_noise,3,800003,"rank offset10000000, world2",17.62,36.354000000000006
hyperdit_b_velocity,0.25,1,clean,0,800000,"rank offset10000000, world2",2.088,6.492000000000001
hyperdit_b_velocity,0.25,2,clean,0,800000,"rank offset10000000, world2",0.8960000000000001,3.724
hyperdit_b_velocity,0.25,3,clean,0,800000,"rank offset10000000, world2",0.67,3.2580000000000005
hyperdit_b_velocity,0.25,4,clean,0,800000,"rank offset10000000, world2",0.6920000000000001,2.8260000000000005
hyperdit_b_velocity,0.25,5,clean,0,800000,"rank offset10000000, world2",1.074,3.678
hyperdit_b_velocity,0.25,6,clean,0,800000,"rank offset10000000, world2",1.778,5.376
hyperdit_b_velocity,0.25,7,clean,0,800000,"rank offset10000000, world2",1.548,5.266000000000001
hyperdit_b_velocity,0.25,1,matched_noise,1,800001,"rank offset10000000, world2",10.894,24.396
hyperdit_b_velocity,0.25,2,matched_noise,1,800001,"rank offset10000000, world2",18.676000000000002,36.668
hyperdit_b_velocity,0.25,3,matched_noise,1,800001,"rank offset10000000, world2",22.87,42.876000000000005
hyperdit_b_velocity,0.25,4,matched_noise,1,800001,"rank offset10000000, world2",27.544,49.536
hyperdit_b_velocity,0.25,5,matched_noise,1,800001,"rank offset10000000, world2",34.756,58.386
hyperdit_b_velocity,0.25,6,matched_noise,1,800001,"rank offset10000000, world2",37.792,61.67600000000001
hyperdit_b_velocity,0.25,7,matched_noise,1,800001,"rank offset10000000, world2",45.88,69.924
hyperdit_b_velocity,0.25,1,matched_noise,2,800002,"rank offset10000000, world2",10.83,24.380000000000003
hyperdit_b_velocity,0.25,2,matched_noise,2,800002,"rank offset10000000, world2",18.564000000000004,36.77
hyperdit_b_velocity,0.25,3,matched_noise,2,800002,"rank offset10000000, world2",22.914,42.82
hyperdit_b_velocity,0.25,4,matched_noise,2,800002,"rank offset10000000, world2",27.57,49.382000000000005
hyperdit_b_velocity,0.25,5,matched_noise,2,800002,"rank offset10000000, world2",34.660000000000004,58.144000000000005
hyperdit_b_velocity,0.25,6,matched_noise,2,800002,"rank offset10000000, world2",37.862,61.948
hyperdit_b_velocity,0.25,7,matched_noise,2,800002,"rank offset10000000, world2",46.124,69.98400000000001
hyperdit_b_velocity,0.25,1,matched_noise,3,800003,"rank offset10000000, world2",10.874,24.364
hyperdit_b_velocity,0.25,2,matched_noise,3,800003,"rank offset10000000, world2",18.642,36.6
hyperdit_b_velocity,0.25,3,matched_noise,3,800003,"rank offset10000000, world2",22.968000000000004,42.87800000000001
hyperdit_b_velocity,0.25,4,matched_noise,3,800003,"rank offset10000000, world2",27.568000000000005,49.418000000000006
hyperdit_b_velocity,0.25,5,matched_noise,3,800003,"rank offset10000000, world2",34.576,58.24400000000001
hyperdit_b_velocity,0.25,6,matched_noise,3,800003,"rank offset10000000, world2",37.802,61.804
hyperdit_b_velocity,0.25,7,matched_noise,3,800003,"rank offset10000000, world2",45.902,70.06000000000002
hyperdit_b_velocity,0.5,1,clean,0,800000,"rank offset10000000, world2",1.08,3.8880000000000003
hyperdit_b_velocity,0.5,2,clean,0,800000,"rank offset10000000, world2",0.31400000000000006,1.3800000000000001
hyperdit_b_velocity,0.5,3,clean,0,800000,"rank offset10000000, world2",0.29000000000000004,1.112
hyperdit_b_velocity,0.5,4,clean,0,800000,"rank offset10000000, world2",0.278,1.48
hyperdit_b_velocity,0.5,5,clean,0,800000,"rank offset10000000, world2",0.38400000000000006,1.5280000000000002
hyperdit_b_velocity,0.5,6,clean,0,800000,"rank offset10000000, world2",0.44600000000000006,2.008
hyperdit_b_velocity,0.5,7,clean,0,800000,"rank offset10000000, world2",0.684,2.8020000000000005
hyperdit_b_velocity,0.5,1,matched_noise,1,800001,"rank offset10000000, world2",9.918000000000001,22.810000000000002
hyperdit_b_velocity,0.5,2,matched_noise,1,800001,"rank offset10000000, world2",18.304000000000002,35.972
hyperdit_b_velocity,0.5,3,matched_noise,1,800001,"rank offset10000000, world2",22.806,43.368
hyperdit_b_velocity,0.5,4,matched_noise,1,800001,"rank offset10000000, world2",27.512000000000004,49.894000000000005
hyperdit_b_velocity,0.5,5,matched_noise,1,800001,"rank offset10000000, world2",34.266000000000005,58.24
hyperdit_b_velocity,0.5,6,matched_noise,1,800001,"rank offset10000000, world2",37.018,61.464000000000006
hyperdit_b_velocity,0.5,7,matched_noise,1,800001,"rank offset10000000, world2",45.13,69.618
hyperdit_b_velocity,0.5,1,matched_noise,2,800002,"rank offset10000000, world2",10.034,22.928
hyperdit_b_velocity,0.5,2,matched_noise,2,800002,"rank offset10000000, world2",18.21,36.042
hyperdit_b_velocity,0.5,3,matched_noise,2,800002,"rank offset10000000, world2",22.924000000000003,43.148
hyperdit_b_velocity,0.5,4,matched_noise,2,800002,"rank offset10000000, world2",27.580000000000005,49.87800000000001
hyperdit_b_velocity,0.5,5,matched_noise,2,800002,"rank offset10000000, world2",34.30200000000001,58.178000000000004
hyperdit_b_velocity,0.5,6,matched_noise,2,800002,"rank offset10000000, world2",37.28,61.35600000000001
hyperdit_b_velocity,0.5,7,matched_noise,2,800002,"rank offset10000000, world2",45.048,69.30400000000002
hyperdit_b_velocity,0.5,1,matched_noise,3,800003,"rank offset10000000, world2",9.926000000000002,22.716
hyperdit_b_velocity,0.5,2,matched_noise,3,800003,"rank offset10000000, world2",18.166,36.224000000000004
hyperdit_b_velocity,0.5,3,matched_noise,3,800003,"rank offset10000000, world2",22.982000000000003,43.178000000000004
hyperdit_b_velocity,0.5,4,matched_noise,3,800003,"rank offset10000000, world2",27.384000000000004,49.726000000000006
hyperdit_b_velocity,0.5,5,matched_noise,3,800003,"rank offset10000000, world2",34.1,58.09200000000001
hyperdit_b_velocity,0.5,6,matched_noise,3,800003,"rank offset10000000, world2",37.050000000000004,61.25000000000001
hyperdit_b_velocity,0.5,7,matched_noise,3,800003,"rank offset10000000, world2",45.07600000000001,69.56400000000001
hyperdit_b_velocity,0.75,1,clean,0,800000,"rank offset10000000, world2",0.738,2.8180000000000005
hyperdit_b_velocity,0.75,2,clean,0,800000,"rank offset10000000, world2",0.168,1.058
hyperdit_b_velocity,0.75,3,clean,0,800000,"rank offset10000000, world2",0.134,0.8100000000000002
hyperdit_b_velocity,0.75,4,clean,0,800000,"rank offset10000000, world2",0.248,1.31
hyperdit_b_velocity,0.75,5,clean,0,800000,"rank offset10000000, world2",0.268,1.276
hyperdit_b_velocity,0.75,6,clean,0,800000,"rank offset10000000, world2",0.41000000000000003,1.53
hyperdit_b_velocity,0.75,7,clean,0,800000,"rank offset10000000, world2",0.504,1.9760000000000004
hyperdit_b_velocity,0.75,1,matched_noise,1,800001,"rank offset10000000, world2",7.478,18.356
hyperdit_b_velocity,0.75,2,matched_noise,1,800001,"rank offset10000000, world2",13.376000000000001,28.890000000000004
hyperdit_b_velocity,0.75,3,matched_noise,1,800001,"rank offset10000000, world2",17.078000000000003,35.172000000000004
hyperdit_b_velocity,0.75,4,matched_noise,1,800001,"rank offset10000000, world2",20.662000000000003,40.498
hyperdit_b_velocity,0.75,5,matched_noise,1,800001,"rank offset10000000, world2",25.380000000000003,46.92600000000001
hyperdit_b_velocity,0.75,6,matched_noise,1,800001,"rank offset10000000, world2",27.412000000000003,49.694
hyperdit_b_velocity,0.75,7,matched_noise,1,800001,"rank offset10000000, world2",33.144,56.47800000000001
hyperdit_b_velocity,0.75,1,matched_noise,2,800002,"rank offset10000000, world2",7.444000000000001,18.358
hyperdit_b_velocity,0.75,2,matched_noise,2,800002,"rank offset10000000, world2",13.47,28.976000000000003
hyperdit_b_velocity,0.75,3,matched_noise,2,800002,"rank offset10000000, world2",17.322000000000003,35.096000000000004
hyperdit_b_velocity,0.75,4,matched_noise,2,800002,"rank offset10000000, world2",20.676000000000002,40.400000000000006
hyperdit_b_velocity,0.75,5,matched_noise,2,800002,"rank offset10000000, world2",25.5,47.118
hyperdit_b_velocity,0.75,6,matched_noise,2,800002,"rank offset10000000, world2",27.478,49.798
hyperdit_b_velocity,0.75,7,matched_noise,2,800002,"rank offset10000000, world2",33.282000000000004,56.406
hyperdit_b_velocity,0.75,1,matched_noise,3,800003,"rank offset10000000, world2",7.472000000000001,18.220000000000002
hyperdit_b_velocity,0.75,2,matched_noise,3,800003,"rank offset10000000, world2",13.752,29.062000000000005
hyperdit_b_velocity,0.75,3,matched_noise,3,800003,"rank offset10000000, world2",17.198,35.272000000000006
hyperdit_b_velocity,0.75,4,matched_noise,3,800003,"rank offset10000000, world2",20.896,40.336000000000006
hyperdit_b_velocity,0.75,5,matched_noise,3,800003,"rank offset10000000, world2",25.392000000000003,46.836000000000006
hyperdit_b_velocity,0.75,6,matched_noise,3,800003,"rank offset10000000, world2",27.238,49.548
hyperdit_b_velocity,0.75,7,matched_noise,3,800003,"rank offset10000000, world2",32.842000000000006,56.334
pixeldit_b_velocity,0.25,1,clean,0,800000,"rank offset10000000, world2",3.254,9.452
pixeldit_b_velocity,0.25,2,clean,0,800000,"rank offset10000000, world2",1.6280000000000003,5.180000000000001
pixeldit_b_velocity,0.25,3,clean,0,800000,"rank offset10000000, world2",1.606,5.002
pixeldit_b_velocity,0.25,4,clean,0,800000,"rank offset10000000, world2",1.8260000000000003,5.904
pixeldit_b_velocity,0.25,5,clean,0,800000,"rank offset10000000, world2",0.798,2.944
pixeldit_b_velocity,0.25,6,clean,0,800000,"rank offset10000000, world2",0.898,3.0980000000000003
pixeldit_b_velocity,0.25,7,clean,0,800000,"rank offset10000000, world2",0.8780000000000001,2.966
pixeldit_b_velocity,0.25,8,clean,0,800000,"rank offset10000000, world2",0.7200000000000001,3.2800000000000002
pixeldit_b_velocity,0.25,9,clean,0,800000,"rank offset10000000, world2",0.8060000000000002,3.0460000000000003
pixeldit_b_velocity,0.25,10,clean,0,800000,"rank offset10000000, world2",0.8180000000000002,2.906
pixeldit_b_velocity,0.25,11,clean,0,800000,"rank offset10000000, world2",0.41400000000000003,1.82
pixeldit_b_velocity,0.25,1,matched_noise,1,800001,"rank offset10000000, world2",8.134,19.228
pixeldit_b_velocity,0.25,2,matched_noise,1,800001,"rank offset10000000, world2",13.358,28.21
pixeldit_b_velocity,0.25,3,matched_noise,1,800001,"rank offset10000000, world2",16.886000000000003,33.93000000000001
pixeldit_b_velocity,0.25,4,matched_noise,1,800001,"rank offset10000000, world2",20.716,39.768
pixeldit_b_velocity,0.25,5,matched_noise,1,800001,"rank offset10000000, world2",25.686000000000003,46.834
pixeldit_b_velocity,0.25,6,matched_noise,1,800001,"rank offset10000000, world2",30.182000000000002,52.970000000000006
pixeldit_b_velocity,0.25,7,matched_noise,1,800001,"rank offset10000000, world2",33.68600000000001,57.120000000000005
pixeldit_b_velocity,0.25,8,matched_noise,1,800001,"rank offset10000000, world2",37.46000000000001,61.572
pixeldit_b_velocity,0.25,9,matched_noise,1,800001,"rank offset10000000, world2",39.502,63.822
pixeldit_b_velocity,0.25,10,matched_noise,1,800001,"rank offset10000000, world2",38.818000000000005,62.67400000000001
pixeldit_b_velocity,0.25,11,matched_noise,1,800001,"rank offset10000000, world2",34.67,57.948
pixeldit_b_velocity,0.25,1,matched_noise,2,800002,"rank offset10000000, world2",8.112000000000002,19.132
pixeldit_b_velocity,0.25,2,matched_noise,2,800002,"rank offset10000000, world2",13.22,28.132
pixeldit_b_velocity,0.25,3,matched_noise,2,800002,"rank offset10000000, world2",16.900000000000002,34.014
pixeldit_b_velocity,0.25,4,matched_noise,2,800002,"rank offset10000000, world2",20.674,39.728
pixeldit_b_velocity,0.25,5,matched_noise,2,800002,"rank offset10000000, world2",25.588,46.650000000000006
pixeldit_b_velocity,0.25,6,matched_noise,2,800002,"rank offset10000000, world2",30.242,52.856
pixeldit_b_velocity,0.25,7,matched_noise,2,800002,"rank offset10000000, world2",33.602000000000004,57.288000000000004
pixeldit_b_velocity,0.25,8,matched_noise,2,800002,"rank offset10000000, world2",37.274,61.52000000000001
pixeldit_b_velocity,0.25,9,matched_noise,2,800002,"rank offset10000000, world2",39.566,64.06
pixeldit_b_velocity,0.25,10,matched_noise,2,800002,"rank offset10000000, world2",38.678000000000004,62.596000000000004
pixeldit_b_velocity,0.25,11,matched_noise,2,800002,"rank offset10000000, world2",34.488,57.73400000000001
pixeldit_b_velocity,0.25,1,matched_noise,3,800003,"rank offset10000000, world2",8.104,19.108000000000004
pixeldit_b_velocity,0.25,2,matched_noise,3,800003,"rank offset10000000, world2",13.200000000000001,28.206000000000003
pixeldit_b_velocity,0.25,3,matched_noise,3,800003,"rank offset10000000, world2",16.798000000000002,33.784000000000006
pixeldit_b_velocity,0.25,4,matched_noise,3,800003,"rank offset10000000, world2",20.748,39.682
pixeldit_b_velocity,0.25,5,matched_noise,3,800003,"rank offset10000000, world2",25.672,46.666000000000004
pixeldit_b_velocity,0.25,6,matched_noise,3,800003,"rank offset10000000, world2",30.130000000000003,52.848000000000006
pixeldit_b_velocity,0.25,7,matched_noise,3,800003,"rank offset10000000, world2",33.61,57.08800000000001
pixeldit_b_velocity,0.25,8,matched_noise,3,800003,"rank offset10000000, world2",37.194,61.28800000000001
pixeldit_b_velocity,0.25,9,matched_noise,3,800003,"rank offset10000000, world2",39.528,63.83000000000001
pixeldit_b_velocity,0.25,10,matched_noise,3,800003,"rank offset10000000, world2",38.672000000000004,62.556
pixeldit_b_velocity,0.25,11,matched_noise,3,800003,"rank offset10000000, world2",34.634,57.800000000000004
pixeldit_b_velocity,0.5,1,clean,0,800000,"rank offset10000000, world2",1.37,4.872000000000001
pixeldit_b_velocity,0.5,2,clean,0,800000,"rank offset10000000, world2",0.502,2.0420000000000003
pixeldit_b_velocity,0.5,3,clean,0,800000,"rank offset10000000, world2",0.324,1.3780000000000001
pixeldit_b_velocity,0.5,4,clean,0,800000,"rank offset10000000, world2",0.29800000000000004,1.262
pixeldit_b_velocity,0.5,5,clean,0,800000,"rank offset10000000, world2",0.2,0.8700000000000001
pixeldit_b_velocity,0.5,6,clean,0,800000,"rank offset10000000, world2",0.26400000000000007,1.044
pixeldit_b_velocity,0.5,7,clean,0,800000,"rank offset10000000, world2",0.232,0.8540000000000001
pixeldit_b_velocity,0.5,8,clean,0,800000,"rank offset10000000, world2",0.37800000000000006,1.2860000000000003
pixeldit_b_velocity,0.5,9,clean,0,800000,"rank offset10000000, world2",0.28200000000000003,1.0180000000000002
pixeldit_b_velocity,0.5,10,clean,0,800000,"rank offset10000000, world2",0.28,1.044
pixeldit_b_velocity,0.5,11,clean,0,800000,"rank offset10000000, world2",0.14200000000000002,0.7240000000000001
pixeldit_b_velocity,0.5,1,matched_noise,1,800001,"rank offset10000000, world2",7.316000000000001,17.812
pixeldit_b_velocity,0.5,2,matched_noise,1,800001,"rank offset10000000, world2",12.104000000000001,26.362000000000002
pixeldit_b_velocity,0.5,3,matched_noise,1,800001,"rank offset10000000, world2",16.278000000000002,33.136
pixeldit_b_velocity,0.5,4,matched_noise,1,800001,"rank offset10000000, world2",20.846,40.080000000000005
pixeldit_b_velocity,0.5,5,matched_noise,1,800001,"rank offset10000000, world2",26.400000000000002,47.698
pixeldit_b_velocity,0.5,6,matched_noise,1,800001,"rank offset10000000, world2",31.760000000000005,54.942
pixeldit_b_velocity,0.5,7,matched_noise,1,800001,"rank offset10000000, world2",35.448,59.72400000000001
pixeldit_b_velocity,0.5,8,matched_noise,1,800001,"rank offset10000000, world2",39.27,63.78
pixeldit_b_velocity,0.5,9,matched_noise,1,800001,"rank offset10000000, world2",41.346000000000004,65.83000000000001
pixeldit_b_velocity,0.5,10,matched_noise,1,800001,"rank offset10000000, world2",40.334,64.89200000000001
pixeldit_b_velocity,0.5,11,matched_noise,1,800001,"rank offset10000000, world2",36.064,60.126000000000005
pixeldit_b_velocity,0.5,1,matched_noise,2,800002,"rank offset10000000, world2",7.388,17.542
pixeldit_b_velocity,0.5,2,matched_noise,2,800002,"rank offset10000000, world2",12.084,26.564000000000004
pixeldit_b_velocity,0.5,3,matched_noise,2,800002,"rank offset10000000, world2",16.356,33.162000000000006
pixeldit_b_velocity,0.5,4,matched_noise,2,800002,"rank offset10000000, world2",20.674,39.93600000000001
pixeldit_b_velocity,0.5,5,matched_noise,2,800002,"rank offset10000000, world2",26.214000000000006,47.602000000000004
pixeldit_b_velocity,0.5,6,matched_noise,2,800002,"rank offset10000000, world2",31.770000000000003,54.92400000000001
pixeldit_b_velocity,0.5,7,matched_noise,2,800002,"rank offset10000000, world2",35.286,59.506
pixeldit_b_velocity,0.5,8,matched_noise,2,800002,"rank offset10000000, world2",39.254000000000005,63.846000000000004
pixeldit_b_velocity,0.5,9,matched_noise,2,800002,"rank offset10000000, world2",41.264,65.88400000000001
pixeldit_b_velocity,0.5,10,matched_noise,2,800002,"rank offset10000000, world2",40.29800000000001,64.804
pixeldit_b_velocity,0.5,11,matched_noise,2,800002,"rank offset10000000, world2",35.856,59.748000000000005
pixeldit_b_velocity,0.5,1,matched_noise,3,800003,"rank offset10000000, world2",7.276000000000001,17.772000000000002
pixeldit_b_velocity,0.5,2,matched_noise,3,800003,"rank offset10000000, world2",12.010000000000002,26.340000000000003
pixeldit_b_velocity,0.5,3,matched_noise,3,800003,"rank offset10000000, world2",16.188000000000002,33.062000000000005
pixeldit_b_velocity,0.5,4,matched_noise,3,800003,"rank offset10000000, world2",20.696,39.914
pixeldit_b_velocity,0.5,5,matched_noise,3,800003,"rank offset10000000, world2",26.26,47.638000000000005
pixeldit_b_velocity,0.5,6,matched_noise,3,800003,"rank offset10000000, world2",31.654000000000003,54.718
pixeldit_b_velocity,0.5,7,matched_noise,3,800003,"rank offset10000000, world2",35.25600000000001,59.540000000000006
pixeldit_b_velocity,0.5,8,matched_noise,3,800003,"rank offset10000000, world2",39.02,63.536
pixeldit_b_velocity,0.5,9,matched_noise,3,800003,"rank offset10000000, world2",40.942,65.894
pixeldit_b_velocity,0.5,10,matched_noise,3,800003,"rank offset10000000, world2",40.154,64.602
pixeldit_b_velocity,0.5,11,matched_noise,3,800003,"rank offset10000000, world2",35.838,60.040000000000006
pixeldit_b_velocity,0.75,1,clean,0,800000,"rank offset10000000, world2",0.6160000000000001,2.5580000000000003
pixeldit_b_velocity,0.75,2,clean,0,800000,"rank offset10000000, world2",0.404,1.7580000000000002
pixeldit_b_velocity,0.75,3,clean,0,800000,"rank offset10000000, world2",0.128,0.66
pixeldit_b_velocity,0.75,4,clean,0,800000,"rank offset10000000, world2",0.22,0.684
pixeldit_b_velocity,0.75,5,clean,0,800000,"rank offset10000000, world2",0.09000000000000001,0.7160000000000001
pixeldit_b_velocity,0.75,6,clean,0,800000,"rank offset10000000, world2",0.11,0.786
pixeldit_b_velocity,0.75,7,clean,0,800000,"rank offset10000000, world2",0.126,0.5800000000000001
pixeldit_b_velocity,0.75,8,clean,0,800000,"rank offset10000000, world2",0.14800000000000002,0.6220000000000001
pixeldit_b_velocity,0.75,9,clean,0,800000,"rank offset10000000, world2",0.1,0.6880000000000001
pixeldit_b_velocity,0.75,10,clean,0,800000,"rank offset10000000, world2",0.1,0.648
pixeldit_b_velocity,0.75,11,clean,0,800000,"rank offset10000000, world2",0.1,0.5960000000000001
pixeldit_b_velocity,0.75,1,matched_noise,1,800001,"rank offset10000000, world2",5.494000000000001,14.23
pixeldit_b_velocity,0.75,2,matched_noise,1,800001,"rank offset10000000, world2",8.926,20.802
pixeldit_b_velocity,0.75,3,matched_noise,1,800001,"rank offset10000000, world2",12.18,26.56
pixeldit_b_velocity,0.75,4,matched_noise,1,800001,"rank offset10000000, world2",15.744000000000003,32.830000000000005
pixeldit_b_velocity,0.75,5,matched_noise,1,800001,"rank offset10000000, world2",20.080000000000002,39.29600000000001
pixeldit_b_velocity,0.75,6,matched_noise,1,800001,"rank offset10000000, world2",24.190000000000005,45.356
pixeldit_b_velocity,0.75,7,matched_noise,1,800001,"rank offset10000000, world2",27.05,49.31
pixeldit_b_velocity,0.75,8,matched_noise,1,800001,"rank offset10000000, world2",29.784000000000006,52.70400000000001
pixeldit_b_velocity,0.75,9,matched_noise,1,800001,"rank offset10000000, world2",31.180000000000003,54.504000000000005
pixeldit_b_velocity,0.75,10,matched_noise,1,800001,"rank offset10000000, world2",30.662,53.808
pixeldit_b_velocity,0.75,11,matched_noise,1,800001,"rank offset10000000, world2",28.228,50.746
pixeldit_b_velocity,0.75,1,matched_noise,2,800002,"rank offset10000000, world2",5.442,14.236
pixeldit_b_velocity,0.75,2,matched_noise,2,800002,"rank offset10000000, world2",8.972000000000001,20.8
pixeldit_b_velocity,0.75,3,matched_noise,2,800002,"rank offset10000000, world2",12.154000000000002,26.594
pixeldit_b_velocity,0.75,4,matched_noise,2,800002,"rank offset10000000, world2",15.990000000000002,32.664
pixeldit_b_velocity,0.75,5,matched_noise,2,800002,"rank offset10000000, world2",20.134,39.35
pixeldit_b_velocity,0.75,6,matched_noise,2,800002,"rank offset10000000, world2",24.206000000000003,45.258
pixeldit_b_velocity,0.75,7,matched_noise,2,800002,"rank offset10000000, world2",27.014000000000003,49.204
pixeldit_b_velocity,0.75,8,matched_noise,2,800002,"rank offset10000000, world2",29.800000000000004,52.708
pixeldit_b_velocity,0.75,9,matched_noise,2,800002,"rank offset10000000, world2",31.172000000000004,54.39200000000001
pixeldit_b_velocity,0.75,10,matched_noise,2,800002,"rank offset10000000, world2",30.824,53.732
pixeldit_b_velocity,0.75,11,matched_noise,2,800002,"rank offset10000000, world2",28.264,50.784000000000006
pixeldit_b_velocity,0.75,1,matched_noise,3,800003,"rank offset10000000, world2",5.48,14.188
pixeldit_b_velocity,0.75,2,matched_noise,3,800003,"rank offset10000000, world2",8.866,20.876
pixeldit_b_velocity,0.75,3,matched_noise,3,800003,"rank offset10000000, world2",12.194,26.492000000000004
pixeldit_b_velocity,0.75,4,matched_noise,3,800003,"rank offset10000000, world2",15.664,32.776
pixeldit_b_velocity,0.75,5,matched_noise,3,800003,"rank offset10000000, world2",20.062,39.166000000000004
pixeldit_b_velocity,0.75,6,matched_noise,3,800003,"rank offset10000000, world2",24.078000000000003,45.30200000000001
pixeldit_b_velocity,0.75,7,matched_noise,3,800003,"rank offset10000000, world2",26.848,49.016000000000005
pixeldit_b_velocity,0.75,8,matched_noise,3,800003,"rank offset10000000, world2",29.612000000000005,52.57200000000001
pixeldit_b_velocity,0.75,9,matched_noise,3,800003,"rank offset10000000, world2",31.078,54.14600000000001
pixeldit_b_velocity,0.75,10,matched_noise,3,800003,"rank offset10000000, world2",30.574,53.644000000000005
pixeldit_b_velocity,0.75,11,matched_noise,3,800003,"rank offset10000000, world2",28.118000000000006,50.49600000000001
