sample_order,imagenet_train_index,class_label,cuda_noise_seed
0,1097129,319,1097133525954
1,879908,111,879911874291
2,629218,544,629221122221
3,1230191,874,1230195925140
4,686702,669,686705294673
5,482696,825,482698682655
6,816090,190,816093682837
7,690768,912,690771306871
8,1116434,298,1116438583869
9,182425,911,182426781842
10,335035,619,335037239672
11,1177664,539,1177668767559
12,203206,739,203207844185
13,505846,13,505848752105
14,276808,335,276810064991
15,1196193,772,1196197823146
16,176096,943,176097762855
17,950793,684,950797086946
18,231756,990,231757929835
19,435515,629,435517541112
20,544982,166,544984869513
21,47233,876,47234376266
22,4233,570,4234247266
23,240306,807,240307955485
24,44323,413,44324367536
25,374714,491,374716358709
26,81283,930,81284478416
27,83471,875,83472484980
28,1003713,508,1003717245706
29,164593,504,164594728346
30,1050922,348,1050926387333
31,867382,585,867385836713
32,1191858,961,1191862810141
33,835132,149,835135739963
34,1271905,220,1271910050282
35,788523,508,788526600136
36,854564,829,854567798259
37,1126595,660,1126599614352
38,936594,157,936598044349
39,412864,773,412866473159
40,457269,73,457271606374
41,318352,66,318354189623
42,559285,201,559287912422
43,1089056,436,1089060501735
44,1237354,194,1237358946629
45,907755,976,907758957832
46,772510,831,772513552097
47,975441,246,975445160890
48,664726,837,664729228745
49,454160,829,454162597047
50,725801,123,725804411970
51,1113190,761,1113194574137
52,673650,51,673653255517
53,1051373,792,1051377388686
54,169635,52,169636743472
55,982791,418,982795182940
56,847516,645,847519777115
57,247940,318,247941978387
58,175274,174,175275760389
59,871796,880,871799849955
60,33893,93,33894336246
61,263577,827,263579025298
62,634276,644,634279137395
63,1074302,402,1074306457473
64,814157,449,814160677038
65,858197,328,858200809158
66,1164433,956,1164437727866
67,456086,190,456088602825
68,906014,968,906017952609
69,1058170,482,1058174409077
70,565694,341,565696931649
71,11588,397,11589269331
72,1139167,682,1139171652068
73,141949,889,141950660414
74,1221390,223,1221394898737
75,1134581,256,1134585638310
76,202273,534,202274841386
77,192823,58,192824813036
78,468994,560,468996641549
79,1157388,803,1157392706731
80,476478,929,476480664001
81,420314,512,420316495509
82,548585,748,548587880322
83,695459,930,695462320944
84,170259,738,170260745344
85,24583,361,24584308316
86,968162,250,968166139053
87,839175,97,839178752092
88,1213908,83,1213912876291
89,932542,58,932546032193
90,500152,219,500154735023
91,25347,556,25348310608
92,449118,150,449120581921
93,442469,859,442471561974
94,150709,481,150710686694
95,877588,745,877591867331
96,491901,650,491903710270
97,120737,447,120738596778
98,565837,812,565839932078
99,1183226,598,1183230784245
100,889451,24,889454902920
101,631473,690,631476128986
102,186005,204,186006792582
103,1067533,683,1067537437166
104,1170912,468,1170916747303
105,917152,933,917155986023
106,620132,807,620135094963
107,264926,38,264928029345
108,735491,79,735494441040
109,828413,430,828416719806
110,1271392,293,1271397048743
111,271398,871,271400048761
112,1279924,805,1279929074339
113,744222,91,744225467233
114,381956,683,381958380435
115,1049975,204,1049979384492
116,670102,460,670105244873
117,724904,984,724907409279
118,1166645,637,1166649734502
119,518763,372,518765790856
120,436055,891,436057542732
121,875380,878,875383860707
122,32418,895,32419331821
123,288712,792,288714100703
124,972013,606,972017150606
125,433746,474,433748535805
126,180391,720,180392775740
127,16829,566,16830285054
128,657980,210,657983208507
129,981835,517,981839180072
130,640426,210,640429155845
131,133341,30,133342634590
132,523717,116,523719805718
133,317501,811,317503187070
134,194840,297,194841819087
135,814677,768,814680678598
136,931267,185,931271028368
137,963486,648,963490125025
138,835682,401,835685741613
139,1083554,767,1083558485229
140,485105,949,485107689882
141,1104144,818,1104148546999
142,674285,877,674288257422
143,65376,963,65377430695
144,788997,291,789000601558
145,814741,466,814744678790
146,223450,103,223451904917
147,151805,958,151806689982
148,332840,838,332842233087
149,1129441,67,1129445622890
150,448718,295,448720580721
151,977422,227,977426166833
152,564888,28,564890929231
153,138706,365,138707650685
154,343117,890,343119263918
155,511442,168,511444768893
156,6347,720,6348253608
157,250480,974,250481986007
158,786572,805,786575594283
159,769275,709,769278542392
160,569257,19,569259942338
161,851593,229,851596789346
162,861440,496,861443818887
163,929627,535,929631023448
164,614171,725,614174077080
165,348945,95,348947281402
166,5438,204,5439250881
167,426265,523,426267513362
168,713715,692,713718375712
169,73449,661,73450454914
170,366621,795,366623334430
171,1063703,484,1063707425676
172,440129,132,440131554954
173,615469,408,615472080974
174,24304,613,24305307479
175,1027530,135,1027534317157
176,1009850,125,1009854264117
177,338249,880,338251249314
178,370944,836,370946347399
179,1144330,231,1144334667557
180,1081085,316,1081089477822
181,820883,19,820886697216
182,821440,723,821443698887
183,220436,32,220437895875
184,1033812,396,1033816336003
185,731007,632,731010427588
186,409054,829,409056461729
187,87951,340,87952498420
188,1064633,403,1064637428466
189,631641,981,631644129490
190,848695,432,848698780652
191,1015577,822,1015581281298
192,726186,791,726189413125
193,1052724,500,1052728392739
194,658316,687,658319209515
195,836249,784,836252743314
196,231113,908,231114927906
197,902169,193,902172941074
198,41467,499,41468358968
199,692974,482,692977313489
200,141232,9,141233658263
201,407705,613,407707457682
202,67954,564,67955438429
203,1229676,168,1229680923595
204,790879,80,790882607204
205,1153414,115,1153418694809
206,696371,664,696374323680
207,1253299,583,1253303994464
208,954851,572,954855099120
209,41473,440,41474358986
210,1137679,300,1137683647604
211,543089,230,543091863834
212,457107,695,457109605888
213,496799,308,496801724964
214,69312,927,69313442503
215,259837,999,259839014078
216,383742,897,383744385793
217,661160,240,661163218047
218,631627,844,631630129448
219,567756,889,567758937835
220,190221,834,190222805230
221,982108,204,982112180891
222,659788,720,659791213931
223,871103,138,871106847876
224,751015,925,751018487612
225,965905,971,965909132282
226,1050751,514,1050755386820
227,554933,704,554935899366
228,1097125,580,1097129525942
229,303616,476,303618145415
230,252822,532,252823993033
231,1040491,964,1040495356040
232,786495,208,786498594052
233,1209759,348,1209763863844
234,1078098,492,1078102468861
235,1206906,918,1206910855285
236,45861,66,45862372150
237,239925,481,239926954342
238,669329,826,669332242554
239,153490,225,153491695037
240,934321,575,934325037530
241,903337,20,903340944578
242,489047,760,489049701708
243,823689,899,823692705634
244,393010,445,393012413597
245,484363,696,484365687656
246,355247,161,355249300308
247,174368,320,174369757671
248,1274589,980,1274594058334
249,1105797,322,1105801551958
250,5831,255,5832252060
251,760578,45,760581516301
252,146795,0,146796674952
253,687032,226,687035295663
254,1041706,412,1041710359685
255,842275,924,842278761392
256,580303,67,580305975476
257,328824,861,328826221039
258,980123,282,980127174936
259,795457,438,795460620938
260,479300,905,479302672467
261,827227,108,827230716248
262,609907,737,609910064288
263,1167120,374,1167124735927
264,954910,930,954914099297
265,413503,553,413505475076
266,482031,947,482033680660
267,66534,290,66535434169
268,959385,348,959389112722
269,39876,559,39877354195
270,930926,829,930930027345
271,575563,481,575565961256
272,324161,46,324163207050
273,81831,256,81832480060
274,640969,565,640972157474
275,831005,501,831008727582
276,304992,892,304994149543
277,45293,45,45294370446
278,699373,97,699376332686
279,896273,551,896276923386
280,414231,295,414233477260
281,229501,393,229502923070
282,330619,893,330621226424
283,1279755,348,1279760073832
284,945480,690,945484071007
285,998838,923,998842231081
286,954528,711,954532098151
287,754159,568,754162497044
288,664302,416,664305227473
289,782652,903,782655582523
290,652258,462,652261191341
291,346633,225,346635274466
292,779788,600,779791573931
293,787364,385,787367596659
294,1089351,391,1089355502620
295,18210,925,18211289197
296,819999,884,820002694564
297,47062,11,47063375753
298,130085,86,130086624822
299,177793,575,177794767946
300,3403,873,3404244776
301,60516,435,60517416115
302,131293,606,131294628446
303,1262970,517,1262975023477
304,1087072,650,1087076495783
305,509757,536,509759763838
306,385018,93,385020389621
307,1101889,6,1101893540234
308,568323,479,568325939536
309,268543,450,268545040196
310,624229,300,624232107254
311,875231,536,875234860260
312,1101456,898,1101460538935
313,325622,404,325624211433
314,1016911,343,1016915285300
315,652571,772,652574192280
316,173341,718,173342754590
317,122421,528,122422601830
318,400114,562,400116434909
319,423343,178,423345504596
320,30936,272,30937327375
321,696213,424,696216323206
322,126946,559,126947615405
323,134506,639,134507638085
324,799236,781,799239632275
325,1239838,502,1239842954081
326,535850,817,535852842117
327,940143,241,940147054996
328,336080,736,336082242807
329,440002,886,440004554573
330,60445,150,60446415902
331,676393,882,676396263746
332,1197758,13,1197762827841
333,406565,814,406567454262
334,469240,867,469242642287
335,596947,871,596950025408
336,1249812,69,1249816984003
337,276398,294,276400063761
338,1094970,552,1094974519477
339,698521,865,698524330130
340,719571,91,719574393280
341,381271,600,381273378380
342,448279,976,448281579404
343,409703,748,409705463676
344,323435,809,323437204872
345,1153051,937,1153055693720
346,1128823,246,1128827621036
347,513368,323,513370774671
348,982212,223,982216181203
349,666879,950,666882235204
350,670823,868,670826247036
351,673854,144,673857256129
352,44449,874,44450367914
353,587072,240,587074995783
354,68464,482,68465439959
355,1097044,499,1097048525699
356,1148926,181,1148930681345
357,609558,640,609561063241
358,710560,934,710563366247
359,114337,645,114338577578
360,399735,13,399737433772
361,536792,731,536794844943
362,284587,246,284589088328
363,892484,874,892487912019
364,336555,840,336557244232
365,682788,360,682791282931
366,234323,708,234324937536
367,839033,176,839036751666
368,1205584,832,1205588851319
369,1210569,552,1210573866274
370,260435,653,260437015872
371,14269,544,14270277374
372,160453,489,160454715926
373,284173,569,284175087086
374,310910,448,310912167297
375,827210,632,827213716197
376,725136,445,725139409975
377,984938,755,984942189381
378,57947,806,57948408408
379,306164,867,306166153059
380,213829,769,213830876054
381,285347,27,285349090608
382,861685,155,861688819622
383,1277076,79,1277081065795
384,256096,288,256098002855
385,503583,457,503585745316
386,231141,871,231142927990
387,772124,530,772127550939
388,434471,187,434473537980
389,274398,256,274400057761
390,865244,996,865247830299
391,1152050,794,1152054690717
392,200347,195,200348835608
393,479318,20,479320672521
394,288960,974,288962101447
395,233354,300,233355934629
396,437200,847,437202546167
397,349144,627,349146281999
398,1047034,114,1047038375669
399,1081866,534,1081870480165
400,254294,826,254295997449
401,369883,9,369885344216
402,1042481,502,1042485362010
403,1022173,801,1022177301086
404,1248454,324,1248458979929
405,194183,30,194184817116
406,110495,523,110496566052
407,173178,163,173179754101
408,1124382,781,1124386607713
409,847591,296,847594777340
410,1027090,268,1027094315837
411,1159517,561,1159521713118
412,1270123,301,1270128044936
413,1030580,260,1030584326307
414,834077,559,834080736798
415,1065166,476,1065170430065
416,875073,737,875076859786
417,733669,677,733672435574
418,787461,226,787464596950
419,954527,7,954531098148
420,470722,490,470724646733
421,831247,947,831250728308
422,1084849,187,1084853489114
423,906290,857,906293953437
424,876316,726,876319863515
425,984872,333,984876189183
426,579125,689,579127971942
427,1251109,291,1251113987894
428,534783,923,534785838916
429,491655,169,491657709532
430,828076,520,828079718795
431,494357,214,494359717638
432,1245678,894,1245682971601
433,462496,948,462498622055
434,626506,308,626509114085
435,493278,984,493280714401
436,259308,907,259310012491
437,868055,357,868058838732
438,1231350,363,1231354928617
439,235450,792,235451940917
440,73221,297,73222454230
441,265499,812,265501031064
442,765992,875,765995532543
443,1106524,157,1106528554139
444,923893,523,923897006246
445,631614,735,631617129409
446,406213,984,406215453206
447,477072,566,477074665783
448,731378,795,731381428701
449,910955,517,910958967432
450,408558,94,408560460241
451,1120848,680,1120852597111
452,344820,59,344822269027
453,886948,917,886951895411
454,587914,50,587916998309
455,737165,436,737168446062
456,120847,428,120848597108
457,1030904,746,1030908327279
458,662087,73,662090220828
459,650173,943,650176185086
460,331008,796,331010227591
461,501999,415,502001740564
462,1100319,48,1100323535524
463,800944,686,800947637399
464,457752,431,457754607823
465,1158175,446,1158179709092
466,1139610,97,1139614653397
467,1084378,103,1084382487701
468,578806,257,578808970985
469,1236745,406,1236749944802
470,199627,88,199628833448
471,723884,600,723887406219
472,1274689,676,1274694058634
473,487938,676,487940698381
474,780306,230,780309575485
475,6693,300,6694254646
476,136045,400,136046642702
477,220138,847,220139894981
478,54763,916,54764398856
479,545068,972,545070869771
480,737348,886,737351446611
481,744984,206,744987469519
482,1134911,295,1134915639300
483,388031,199,388033398660
484,124936,283,124937609375
485,1112496,533,1112500572055
486,1096187,328,1096191523128
487,1014032,303,1014036276663
488,168728,7,168729740751
489,990608,124,990612206391
490,636949,255,636952145414
491,218396,436,218397889755
492,6214,296,6215253209
493,470244,792,470246645299
494,1006649,832,1006653254514
495,1196889,910,1196893825234
496,667621,872,667624237430
497,1052524,112,1052528392139
498,320415,905,320417195812
499,215081,227,215082879810
500,706678,526,706681354601
501,189082,939,189083801813
502,153886,627,153887696225
503,580069,701,580071974774
504,390558,267,390560406241
505,325964,666,325966212459
506,347976,98,347978278495
507,929457,515,929461022938
508,31805,723,31806329982
509,1126877,500,1126881615198
510,665627,526,665630231448
511,209009,220,209010861594
512,881098,145,881101877861
513,1072833,770,1072837453066
514,911993,51,911996970546
515,910913,462,910916967306
516,682106,180,682109280885
517,761597,164,761600519358
518,858533,239,858536810166
519,1073288,447,1073292454431
520,1113093,59,1113097573846
521,1233634,335,1233638935469
522,195946,458,195947822405
523,793389,805,793392614734
524,521914,418,521916800309
525,54288,913,54289397431
526,174919,592,174920759324
527,1080791,959,1080795476940
528,736370,459,736373443677
529,1145613,816,1145617671406
530,334448,780,334450237911
531,1179323,663,1179327772536
532,1228117,334,1228121918918
533,797407,147,797410626788
534,1249072,870,1249076981783
535,558116,555,558118908915
536,52981,485,52982393510
537,597389,245,597392026734
538,874921,589,874924859330
539,858024,914,858027808639
540,218818,715,218819891021
541,686605,211,686608294382
542,1005477,685,1005481250998
543,889943,508,889946904396
544,1184155,315,1184159787032
545,1157326,385,1157330706545
546,1205680,3,1205684851607
547,717403,942,717406386776
548,737183,100,737186446116
549,846397,968,846400773758
550,1057778,287,1057782407901
551,503665,408,503667745562
552,849590,905,849593783337
553,1110458,413,1110462565941
554,512799,967,512801772964
555,1133250,610,1133254634317
556,1182281,969,1182285781410
557,254198,771,254199997161
558,733208,643,733211434191
559,1213287,726,1213291874428
560,1085989,499,1085993492534
561,518917,800,518919791318
562,576905,581,576907965282
563,622459,898,622462101944
564,250556,780,250557986235
565,257515,905,257517007112
566,595187,24,595190020128
567,961267,982,961271118368
568,398530,540,398532430157
569,81473,352,81474478986
570,1122944,51,1122948603399
571,705756,673,705759351835
572,575135,501,575137959972
573,76854,412,76855465129
574,185989,365,185990792534
575,989594,665,989598203349
576,730488,178,730491426031
577,245371,748,245372970680
578,520288,397,520290795431
579,1277375,379,1277380066692
580,359717,843,359719313718
581,296754,798,296756124829
582,730626,814,730629426445
583,853354,776,853357794629
584,1167471,464,1167475736980
585,219202,76,219203892173
586,898804,751,898807930979
587,1174930,475,1174934759357
588,1199242,828,1199246832293
589,327497,337,327499217058
590,855184,1,855187800119
591,169942,829,169943744393
592,360570,890,360572316277
593,1202892,17,1202896843243
594,1044429,774,1044433367854
595,865886,982,865889832225
596,446307,209,446309573488
597,473218,29,473220654221
598,114449,626,114450577914
599,429311,826,429313522500
600,94900,585,94901519267
601,388668,827,388670400571
602,879195,328,879198872152
603,284588,369,284590088331
604,779499,972,779502573064
605,1075242,637,1075246460293
606,868516,572,868519840115
607,1205421,621,1205425850830
608,1247682,35,1247686977613
609,124088,2,124089606831
610,602744,522,602747042799
611,572754,208,572756952829
612,896190,899,896193923137
613,894316,298,894319917515
614,516870,867,516872785177
615,1256518,666,1256523004121
616,456877,982,456879605198
617,590238,718,590241005281
618,931498,253,931502029061
619,104756,484,104757548835
620,390596,617,390598406355
621,1112252,257,1112256571323
622,662948,855,662951223411
623,327289,952,327291216434
624,310866,362,310868167165
625,539449,854,539451852914
626,991595,457,991599209352
627,1144035,486,1144039666672
628,627787,622,627790117928
629,1278502,675,1278507070073
630,245125,886,245126969942
631,1076537,606,1076541464178
632,205653,31,205654851526
633,837927,981,837930748348
634,231419,519,231420928824
635,333572,2,333574235283
636,296252,351,296254123323
637,287753,516,287755097826
638,334351,452,334353237620
639,691196,610,691199308155
640,33363,124,33364334656
641,1131196,289,1131200628155
642,1032292,877,1032296331443
643,302194,318,302196141149
644,104940,800,104941549387
645,588744,361,588747000799
646,709603,827,709606363376
647,96627,578,96628524448
648,1263367,797,1263372024668
649,661519,775,661522219124
650,827311,825,827314716500
651,1143568,909,1143572665271
652,481211,233,481213678200
653,558112,298,558114908903
654,1070088,264,1070092444831
655,1012038,614,1012042270681
656,91082,948,91083507813
657,256912,376,256914005303
658,268084,351,268086038819
659,801188,867,801191638131
660,383793,783,383795385946
661,74404,594,74405457779
662,178546,391,178547770205
663,1027505,825,1027509317082
664,1043475,559,1043479364992
665,1212194,837,1212198871149
666,607204,444,607207056179
667,1002962,257,1002966243453
668,341453,948,341455258926
669,982165,105,982169181062
670,981469,614,981473178974
671,825255,849,825258710332
672,576760,514,576762964847
673,1044608,936,1044612368391
674,13270,708,13271274377
675,685481,239,685484291010
676,38101,361,38102348870
677,797287,650,797290626428
678,1185986,630,1185990792525
679,124564,125,124565608259
680,371492,253,371494349043
681,1078900,879,1078904471267
682,706951,156,706954355420
683,633860,535,633863136147
684,1205138,829,1205142849981
685,664147,99,664150227008
686,163668,257,163669725571
687,1156841,41,1156845705090
688,989591,840,989595203340
689,334186,667,334188237125
690,50437,452,50438385878
691,742742,374,742745462793
692,832472,86,832475731983
693,408378,861,408380459701
694,1185927,533,1185931792348
695,837152,274,837155746023
696,933630,824,933634035457
697,185155,247,185156790032
698,1111715,458,1111719569712
699,184095,746,184096786852
700,1181847,204,1181851780108
701,1227452,778,1227456916923
702,718560,485,718563390247
703,416522,786,416524484133
704,1047910,501,1047914378297
705,86403,451,86404493776
706,321936,887,321938200375
707,1096387,704,1096391523728
708,1006188,639,1006192253131
709,508597,18,508599760358
710,26233,303,26234313266
711,1230189,152,1230193925134
712,1109388,15,1109392562731
713,1155197,116,1155201700158
714,399686,215,399688433625
715,199995,624,199996834552
716,1053836,57,1053840396075
717,1204279,903,1204283847404
718,958811,340,958815111000
719,519754,582,519756793829
720,557272,947,557274906383
721,550543,594,550545886196
722,1061058,455,1061062417741
723,381386,693,381388378725
724,131356,703,131357628635
725,352982,726,352984293513
726,138528,517,138529650151
727,580104,784,580106974879
728,109560,816,109561563247
729,712906,617,712909373285
730,731707,72,731710429688
731,313467,3,313469174968
732,969278,695,969282142401
733,9242,373,9243262293
734,767815,999,767818538012
735,136009,982,136010642594
736,39219,571,39220352224
737,518910,810,518912791297
738,279915,481,279917074312
739,78209,588,78210469194
740,672522,2,672525252133
741,1164943,695,1164947729396
742,395971,906,395973422480
743,162834,550,162835723069
744,375750,544,375752361817
745,331718,387,331720229721
746,296213,928,296215123206
747,924675,451,924679008592
748,550995,548,550997887552
749,239415,61,239416952812
750,842368,300,842371761671
751,975787,607,975791161928
752,1166599,612,1166603734364
753,1008877,899,1008881261198
754,1089711,474,1089715503700
755,89180,28,89181502107
756,30706,77,30707326685
757,144760,175,144761668847
758,359706,768,359708313685
759,1069885,548,1069889444222
760,90702,919,90703506673
761,254869,982,254870999174
762,277647,757,277649067508
763,231719,953,231720929724
764,1188029,315,1188033798654
765,229606,531,229607923385
766,836646,129,836649744505
767,290952,950,290954107423
768,1018298,272,1018302289461
769,139950,395,139951654417
770,666014,221,666017232609
771,602513,583,602516042106
772,275830,507,275832062057
773,384123,879,384125386936
774,578767,148,578769970868
775,384488,180,384490388031
776,703728,847,703731345751
777,960602,7,960606116373
778,560251,299,560253915320
779,773653,421,773656555526
780,1025764,644,1025768311859
781,1172625,625,1172629752442
782,179304,756,179305772479
783,715980,490,715983382507
784,393889,45,393891416234
785,961866,65,961870120165
786,139567,801,139568653268
787,54566,506,54567398265
788,878533,662,878536870166
789,968307,338,968311139488
790,1218637,736,1218641890478
791,1182038,23,1182042780681
792,624421,742,624424107830
793,1274535,409,1274540058172
794,212579,860,212580872304
795,1177674,616,1177678767589
796,160386,28,160387715725
797,376300,263,376302363467
798,824314,866,824317707509
799,15746,92,15747281805
800,927612,740,927616017403
801,379552,5,379554373223
802,315990,62,315992182537
803,245172,934,245173970083
804,621214,273,621217098209
805,300150,405,300152135017
806,175469,114,175470760974
807,318597,499,318599190358
808,671319,49,671322248524
809,810232,836,810235665263
810,660597,85,660600216358
811,431176,995,431178528095
812,1192582,487,1192586812313
813,960022,399,960026114633
814,219586,974,219587893325
815,735963,905,735966442456
816,1080458,423,1080462475941
817,941959,351,941963060444
818,523371,40,523373804680
819,783487,514,783490585028
820,1005361,595,1005365250650
821,384349,195,384351387614
822,1193289,152,1193293814434
823,950834,940,950838087069
824,1248727,218,1248731980748
825,993409,215,993413214794
826,1087156,168,1087160496035
827,265632,819,265634031463
828,277763,158,277765067856
829,123461,243,123462604950
830,909671,769,909674963580
831,619567,81,619570093268
832,632888,714,632891133231
833,645887,790,645890172228
834,194493,788,194494818046
835,450781,260,450783586910
836,1219836,742,1219840894075
837,343623,539,343625265436
838,1050816,356,1050820387015
839,1093219,77,1093223514224
840,620125,335,620128094942
841,1183075,109,1183079783792
842,859650,511,859653813517
843,563963,434,563965926456
844,172966,844,172967753465
845,443891,27,443893566240
846,1017885,816,1017889288222
847,478390,991,478392669737
848,471822,513,471824650033
849,988085,338,988089198822
850,1222080,408,1222084900807
851,587832,300,587834998063
852,813865,437,813868676162
853,46125,862,46126372942
854,1155881,219,1155885702210
855,718198,375,718201389161
856,786679,885,786682594604
857,579126,551,579128971945
858,263975,867,263977026492
859,835182,65,835185740113
860,56920,39,56921405327
861,1137668,663,1137672647571
862,968895,240,968899141252
863,1201068,890,1201072837771
864,919101,463,919104991870
865,994048,656,994052216711
866,89994,728,89995504549
867,233679,376,233680935604
868,664234,31,664237227269
869,925189,582,925193010134
870,80369,606,80370475674
871,703975,837,703978346492
872,1239016,113,1239020951615
873,590320,428,590323005527
874,547708,767,547710877691
875,1024797,6,1024801308958
876,998012,502,998016228603
877,798454,977,798457629929
878,691028,782,691031307651
879,1095598,9,1095602521361
880,1209692,26,1209696863643
881,1032368,788,1032372331671
882,10753,678,10754266826
883,174813,684,174814759006
884,653022,445,653025193633
885,651384,649,651387188719
886,764522,239,764525528133
887,822078,245,822081700801
888,679455,359,679458272932
889,23331,317,23332304560
890,390,554,391235737
891,699263,84,699266332356
892,491439,462,491441708884
893,679818,39,679821274021
894,1001770,108,1001774239877
895,80026,231,80027474645
896,780922,131,780925577333
897,871353,382,871356848626
898,210229,707,210230865254
899,437018,61,437020545621
900,412191,746,412193471140
901,903305,398,903308944482
902,146349,783,146350673614
903,356264,662,356266303359
904,975468,900,975472160971
905,337656,606,337658247535
906,645115,357,645118169912
907,773772,299,773775555883
908,1241670,809,1241674959577
909,625976,979,625979112495
910,1278981,249,1278986071510
911,477846,646,477848668105
912,357440,750,357442306887
913,629594,924,629597123349
914,1083590,399,1083594485337
915,287700,159,287702097667
916,851796,310,851799789955
917,722675,638,722678402592
918,678850,424,678853271117
919,501429,629,501431738854
920,401212,825,401214438203
921,1136139,668,1136143642984
922,374726,461,374728358745
923,198225,427,198226829242
924,401801,53,401803439970
925,947763,870,947767077856
926,1098603,951,1098607530376
927,923625,520,923629005442
928,474103,270,474105656876
929,1026262,419,1026266313353
930,662410,893,662413221797
931,866003,430,866006832576
932,990065,51,990069204762
933,617755,756,617758087832
934,328252,400,328254219323
935,511201,107,511203768170
936,1149022,533,1149026681633
937,1151098,807,1151102687861
938,972751,45,972755152820
939,837213,596,837216746206
940,795708,339,795711621691
941,637911,931,637914148300
942,762177,563,762180521098
943,1254769,208,1254773998874
944,582286,362,582288981425
945,79878,545,79879474201
946,1043776,483,1043780365895
947,353794,534,353796295949
948,95434,480,95435520869
949,1102906,722,1102910543285
950,424730,424,424732508757
951,901550,791,901553939217
952,1169326,26,1169330742545
953,1050326,636,1050330385545
954,1265403,267,1265408030776
955,1070375,180,1070379445692
956,241302,501,241303958473
957,181412,779,181413778803
958,666669,219,666672234574
959,467344,467,467346636599
960,821223,662,821226698236
961,1171136,689,1171140747975
962,595356,129,595359020635
963,1091372,348,1091376508683
964,1272774,814,1272779052889
965,131387,12,131388628728
966,337460,585,337462246947
967,344163,793,344165267056
968,903867,712,903870946168
969,142122,642,142123660933
970,287766,296,287768097865
971,30042,588,30043324693
972,94919,571,94920519324
973,629666,351,629669123565
974,993906,900,993910216285
975,217985,174,217986888522
976,127904,139,127905618279
977,71116,306,71117447915
978,1224976,332,1224980909495
979,444423,620,444425567836
980,1032539,61,1032543332184
981,834231,368,834234737260
982,698631,525,698634330460
983,965095,933,965099129852
984,840444,328,840447755899
985,1098710,798,1098714530697
986,440869,715,440871557174
987,1188270,294,1188274799377
988,454133,113,454135596966
989,523205,482,523207804182
990,881188,935,881191878131
991,535426,515,535428840845
992,177773,374,177774767886
993,240452,380,240453955923
994,608319,195,608322059524
995,478788,501,478790670931
996,861852,136,861855820123
997,1177704,522,1177708767679
998,365196,129,365198330155
999,752689,946,752692492634
1000,609880,189,609883064207
1001,98229,932,98230529254
1002,219148,636,219149892011
1003,538096,787,538098848855
1004,1045525,102,1045529371142
1005,701964,815,701967340459
1006,646575,382,646578174292
1007,808853,720,808856661126
1008,587382,609,587384996713
1009,1079986,614,1079990474525
1010,210054,585,210055864729
1011,1238928,782,1238932951351
1012,673989,755,673992256534
1013,915536,746,915539981175
1014,217786,298,217787887925
1015,838237,986,838240749278
1016,575141,641,575143959990
1017,716094,492,716097382849
1018,1250708,558,1250712986691
1019,820143,419,820146694996
1020,487955,103,487957698432
1021,1258182,480,1258187009113
1022,463871,873,463873626180
1023,977388,287,977392166731
1024,776229,102,776232563254
1025,322935,89,322937203372
1026,811963,775,811966670456
1027,59931,533,59932414360
1028,960207,654,960211115188
1029,665249,719,665252230314
1030,401171,312,401173438080
1031,666010,871,666013232597
1032,35973,365,35974342486
1033,753765,192,753768495862
1034,1050357,842,1050361385638
1035,1183579,798,1183583785304
1036,881423,398,881426878836
1037,250968,139,250969987471
1038,448869,630,448871581174
1039,909249,644,909252962314
1040,146802,62,146803674973
1041,974142,870,974146156993
1042,46299,388,46300373464
1043,391318,230,391320408521
1044,310816,369,310818167015
1045,740094,316,740097454849
1046,389938,156,389940404381
1047,1164593,58,1164597728346
1048,893977,370,893980916498
1049,1130531,842,1130535626160
1050,1247096,526,1247100975855
1051,136768,114,136769644871
1052,29593,661,29594323346
1053,155016,942,155017699615
1054,390575,764,390577406292
1055,1260695,524,1260700016652
1056,1177206,586,1177210766185
1057,359493,913,359495313046
1058,426219,896,426221513224
1059,796543,485,796546624196
1060,814949,989,814952679414
1061,33192,531,33193334143
1062,237638,566,237639947481
1063,149825,978,149826684042
1064,1080914,82,1080918477309
1065,900180,725,900183935107
1066,207087,956,207088855828
1067,852746,699,852749792805
1068,293999,774,294001116564
1069,307848,439,307850158111
1070,479322,489,479324672533
1071,633197,756,633200134158
1072,735729,712,735732441754
1073,995704,150,995708221679
1074,426937,598,426939515378
1075,468961,310,468963641450
1076,1157855,560,1157859708132
1077,561312,203,561314918503
1078,30935,277,30936327372
1079,1123327,299,1123331604548
1080,257129,551,257131005954
1081,1238729,340,1238733950754
1082,217297,99,217298886458
1083,993559,359,993563215244
1084,1076068,433,1076072462771
1085,73300,325,73301454467
1086,1274365,383,1274370057662
1087,609944,843,609947064399
1088,337796,590,337798247955
1089,777746,201,777749567805
1090,440378,672,440380555701
1091,234773,495,234774938886
1092,156655,112,156656704532
1093,193701,878,193702815670
1094,1026254,392,1026258313329
1095,116991,859,116992585540
1096,129818,728,129819624021
1097,798551,222,798554630220
1098,698681,470,698684330610
1099,749213,406,749216482206
1100,786330,566,786333593557
1101,883460,958,883463884947
1102,141628,581,141629659451
1103,392209,482,392211411194
1104,560305,685,560307915482
1105,629897,848,629900124258
1106,804814,873,804817649009
1107,1249055,977,1249059981732
1108,482179,98,482181681104
1109,311292,349,311294168443
1110,100939,722,100940537384
1111,826658,509,826661714541
1112,278583,604,278585070316
1113,721337,789,721340398578
1114,222760,523,222761902847
1115,6573,143,6574254286
1116,1147401,569,1147405676770
1117,637766,366,637769147865
1118,210325,664,210326865542
1119,927044,14,927048015699
1120,1223878,841,1223882906201
1121,533950,688,533952836417
1122,1266366,947,1266371033665
1123,327810,993,327812217997
1124,940518,173,940522056121
1125,763830,377,763833526057
1126,1083898,27,1083902486261
1127,1241576,92,1241580959295
1128,131436,33,131437628875
1129,1076171,697,1076175463080
1130,768023,63,768026538636
1131,231831,794,231832930060
1132,326094,396,326096212849
1133,1102470,560,1102474541977
1134,440375,610,440377555692
1135,45747,5,45748371808
1136,663162,170,663165224053
1137,771576,691,771579549295
1138,126039,647,126040612684
1139,981731,140,981735179760
1140,79925,164,79926474342
1141,834079,774,834082736804
1142,1037539,183,1037543347184
1143,429797,159,429799523958
1144,1226662,298,1226666914553
1145,104147,742,104148547008
1146,262541,397,262543022190
1147,962972,600,962976123483
1148,1254111,829,1254115996900
1149,578768,876,578770970871
1150,860864,591,860867817159
1151,319035,358,319037191672
1152,205635,907,205636851472
1153,862997,903,863000823558
1154,150552,255,150553686223
1155,401700,690,401702439667
1156,664123,70,664126226936
1157,234117,893,234118936918
1158,1071825,171,1071829450042
1159,1015081,528,1015085279810
1160,1216400,509,1216404883767
1161,1161352,318,1161356718623
1162,1039432,410,1039436352863
1163,866463,828,866466833956
1164,114448,276,114449577911
1165,16589,468,16590284334
1166,1108801,937,1108805560970
1167,78188,90,78189469131
1168,580868,983,580870977171
1169,440751,577,440753556820
1170,244031,302,244032966660
1171,763710,69,763713525697
1172,906412,239,906415953803
1173,288977,607,288979101498
1174,767377,369,767380536698
1175,462634,128,462636622469
1176,280985,517,280987077522
1177,272082,530,272084050813
1178,190591,845,190592806340
1179,107173,459,107174556086
1180,214368,841,214369877671
1181,692453,719,692456311926
1182,1116530,912,1116534584157
1183,320132,98,320134194963
1184,176930,652,176931765357
1185,58818,286,58819411021
1186,1086207,532,1086211493188
1187,650163,666,650166185056
1188,1274580,941,1274585058307
1189,358434,35,358436309869
1190,199703,173,199704833676
1191,1263515,650,1263520025112
1192,203239,273,203240844284
1193,872736,835,872739852775
1194,105032,556,105033549663
1195,29660,200,29661323547
1196,431843,664,431845530096
1197,844265,846,844268767362
1198,975638,150,975642161481
1199,801099,997,801102637864
1200,38606,311,38607350385
1201,252725,757,252726992742
1202,918945,689,918948991402
1203,764168,746,764171527071
1204,960827,749,960831117048
1205,721850,879,721853400117
1206,941615,618,941619059412
1207,1207815,345,1207819858012
1208,1135335,472,1135339640572
1209,418327,728,418329489548
1210,615058,72,615061079741
1211,1204789,6,1204793848934
1212,374028,351,374030356651
1213,336273,514,336275243386
1214,1030119,587,1030123324924
1215,241837,100,241838960078
1216,241096,431,241097957855
1217,1146055,775,1146059672732
1218,1277728,348,1277733067751
1219,486861,644,486863695150
1220,761191,108,761194518140
1221,932436,120,932440031875
1222,64587,266,64588428328
1223,254320,798,254321997527
1224,953529,211,953533095154
1225,1094824,36,1094828519039
1226,1144848,263,1144852669111
1227,282217,693,282219081218
1228,11559,47,11560269244
1229,647882,331,647885178213
1230,426760,810,426762514847
1231,868637,934,868640840478
1232,549948,994,549950884411
1233,526837,784,526839815078
1234,1184365,768,1184369787662
1235,89706,720,89707503685
1236,303867,977,303869146168
1237,562062,551,562064920753
1238,688351,888,688354299620
1239,668327,719,668330239548
1240,377820,291,377822368027
1241,280026,855,280028074645
1242,812352,239,812355671623
1243,227181,254,227182916110
1244,220448,956,220449895911
1245,439024,124,439026551639
1246,258418,931,258420009821
1247,90474,642,90475505989
1248,938641,142,938645050490
1249,676275,831,676278263392
1250,638640,313,638643150487
1251,1096182,800,1096186523113
1252,205312,87,205313850503
1253,1169090,671,1169094741837
1254,672066,457,672069250765
1255,441326,872,441328558545
1256,603984,232,603987046519
1257,800302,448,800305635473
1258,685680,655,685683291607
1259,9419,758,9420262824
1260,58332,669,58333409563
1261,321515,977,321517199112
1262,292640,409,292642112487
1263,1041298,138,1041302358461
1264,1184350,46,1184354787617
1265,1115814,624,1115818582009
1266,684073,65,684076286786
1267,502646,245,502648742505
1268,1177528,257,1177532767151
1269,1279008,304,1279013071591
1270,1211925,211,1211929870342
1271,573590,116,573592955337
1272,76748,265,76749464811
1273,689482,168,689485303013
1274,716083,41,716086382816
1275,166634,110,166635734469
1276,102048,936,102049540711
1277,507408,830,507410756791
1278,1064268,78,1064272427371
1279,1181792,168,1181796779943
1280,839324,592,839327752539
1281,1161115,539,1161119717912
1282,1267768,822,1267773037871
1283,941519,118,941523059124
1284,470899,578,470901647264
1285,678586,834,678589270325
1286,1267620,638,1267625037427
1287,834463,760,834466737956
1288,199846,589,199847834105
1289,489469,61,489471702974
1290,168954,47,168955741429
1291,474020,575,474022656627
1292,1142780,187,1142784662907
1293,649049,245,649052181714
1294,592435,906,592438011872
1295,64559,777,64560428244
1296,540481,113,540483856010
1297,745306,668,745309470485
1298,757816,126,757819508015
1299,1103442,681,1103446544893
1300,488250,763,488252699317
1301,1126099,495,1126103612864
1302,198693,8,198694830646
1303,1097319,149,1097323526524
1304,981558,122,981562179241
1305,261269,532,261271018374
1306,315864,311,315866182159
1307,1166117,102,1166121732918
1308,228335,439,228336919572
1309,411604,871,411606469379
1310,22463,488,22464301956
1311,532599,279,532601832364
1312,1092009,194,1092013510594
1313,1181867,916,1181871780168
1314,508552,830,508554760223
1315,374370,322,374372357677
1316,739997,917,740000454558
1317,471951,675,471953650420
1318,5808,363,5809251991
1319,1177588,852,1177592767331
1320,59827,732,59828414048
1321,1226949,981,1226953915414
1322,684525,162,684528288142
1323,626868,593,626871115171
1324,1228394,850,1228398919749
1325,922787,718,922791002928
1326,1136902,386,1136906645273
1327,12605,81,12606272382
1328,591650,262,591653009517
1329,1022604,110,1022608302379
1330,1261127,640,1261132017948
1331,746488,44,746491474031
1332,624735,223,624738108772
1333,1041120,8,1041124357927
1334,45048,496,45049369711
1335,245937,397,245938972378
1336,329053,562,329055221726
1337,852298,346,852301791461
1338,986973,388,986977195486
1339,239840,954,239841954087
1340,379805,191,379807373982
1341,1270414,112,1270419045809
1342,560281,173,560283915410
1343,372865,900,372867353162
1344,497932,124,497934728363
1345,298743,728,298745130796
1346,425796,680,425798511955
1347,466111,840,466113632900
1348,637587,804,637590147328
1349,1206582,608,1206586854313
1350,1028489,2,1028493320034
1351,405132,681,405134449963
1352,255345,93,255347000602
1353,334929,20,334931239354
1354,479303,84,479305672476
1355,501134,990,501136737969
1356,1260854,82,1260859017129
1357,1233679,380,1233683935604
1358,852997,142,853000793558
1359,826908,73,826911715291
1360,382913,611,382915383306
1361,399000,130,399002431567
1362,1001176,381,1001180238095
1363,319432,950,319434192863
1364,784337,101,784340587578
1365,20515,991,20516296112
1366,347050,207,347052275717
1367,993925,291,993929216342
1368,589884,260,589887004219
1369,564481,988,564483928010
1370,319141,438,319143191990
1371,710397,774,710400365758
1372,590945,520,590948007402
1373,151556,544,151557689235
1374,464817,670,464819629018
1375,1213403,927,1213407874776
1376,153132,431,153133693963
1377,564845,672,564847929102
1378,928300,747,928304019467
1379,1088809,904,1088813500994
1380,694618,331,694621318421
1381,53589,57,53590395334
1382,965234,611,965238130269
1383,63413,641,63414424806
1384,1231164,396,1231168928059
1385,1011951,315,1011955270420
1386,434772,680,434774538883
1387,986956,41,986960195435
1388,555616,587,555618901415
1389,358790,390,358792310937
1390,491691,324,491693709640
1391,759495,837,759498513052
1392,313440,160,313442174887
1393,700654,504,700657336529
1394,210193,318,210194865146
1395,939655,26,939659053532
1396,1149129,479,1149133681954
1397,1251698,701,1251702989661
1398,623908,943,623911106291
1399,350598,416,350600286361
1400,922394,310,922398001749
1401,285981,375,285983092510
1402,1014620,543,1014624278427
1403,575695,911,575697961652
1404,325082,378,325084209813
1405,666448,841,666451233911
1406,858791,504,858794810940
1407,264987,843,264989029528
1408,154554,589,154555698229
1409,760900,96,760903517267
1410,88602,765,88603500373
1411,39443,100,39444352896
1412,1042349,603,1042353361614
1413,227340,761,227341916587
1414,78828,656,78829471051
1415,27381,939,27382316710
1416,1084717,719,1084721488718
1417,813120,904,813123673927
1418,1148676,619,1148680680595
1419,440326,250,440328555545
1420,1036389,21,1036393343734
1421,46742,365,46743374793
1422,58348,784,58349409611
1423,321839,973,321841200084
1424,329144,210,329146221999
1425,468494,952,468496640049
1426,930879,421,930883027204
1427,521377,496,521379798698
1428,314181,635,314183177110
1429,243441,83,243442964890
1430,867165,560,867168836062
1431,504880,801,504882749207
1432,475417,614,475419660818
1433,1019037,643,1019041291678
1434,303710,760,303712145697
1435,427142,962,427144515993
1436,927059,199,927063015744
1437,1223751,362,1223755905820
1438,424733,217,424735508766
1439,1048433,820,1048437379866
1440,249724,94,249725983739
1441,795271,523,795274620380
1442,110596,380,110597566355
1443,1157272,517,1157276706383
1444,50362,74,50363385653
1445,1143832,43,1143836666063
1446,585950,2,585952992417
1447,242804,409,242805962979
1448,583685,652,583687985622
1449,1095407,632,1095411520788
1450,60265,603,60266415362
1451,317769,725,317771187874
1452,430303,882,430305525476
1453,327799,303,327801217964
1454,156639,858,156640704484
1455,978435,498,978439169872
1456,1049297,836,1049301382458
1457,302047,665,302049140708
1458,518524,193,518526790139
1459,575093,651,575095959846
1460,1028522,472,1028526320133
1461,463312,295,463314624503
1462,858709,927,858712810694
1463,371201,255,371203348170
1464,1232439,3,1232443931884
1465,1188208,996,1188212799191
1466,439545,656,439547553202
1467,390647,308,390649406508
1468,600230,527,600233035257
1469,83717,588,83718485718
1470,1263639,587,1263644025484
1471,962249,909,962253121314
1472,140166,734,140167655065
1473,504312,971,504314747503
1474,199521,255,199522833130
1475,1273389,834,1273394054734
1476,289705,964,289707103682
1477,416636,585,416638484475
1478,286789,344,286791094934
1479,237248,207,237249946311
1480,812170,383,812173671077
1481,193160,753,193161814047
1482,566836,854,566838935075
1483,544690,263,544692868637
1484,1115206,13,1115210580185
1485,131513,818,131514629106
1486,716586,399,716589384325
1487,915158,833,915161980041
1488,842240,809,842243761287
1489,594298,46,594301017461
1490,363502,27,363504325073
1491,862803,246,862806822976
1492,969835,480,969839144072
1493,629439,203,629442122884
1494,474774,565,474776658889
1495,900125,279,900128934942
1496,597967,931,597970028468
1497,1176785,790,1176789764922
1498,320163,804,320165195056
1499,958636,283,958640110475
1500,1276960,508,1276965065447
1501,920661,653,920664996550
1502,565327,335,565329930548
1503,26798,668,26799314961
1504,1044990,642,1044994369537
1505,1068086,342,1068090438825
1506,8866,174,8867261165
1507,915788,346,915791981931
1508,853226,532,853229794245
1509,14145,719,14146277002
1510,748269,515,748272479374
1511,810965,684,810968667462
1512,433461,206,433463534950
1513,1281141,523,1281146077990
1514,839771,445,839774753880
1515,284526,513,284528088145
1516,879254,669,879257872329
1517,1175438,698,1175442760881
1518,834360,87,834363737647
1519,1013392,12,1013396274743
1520,682510,644,682513282097
1521,595765,959,595768021862
1522,135863,295,135864642156
1523,837710,235,837713747697
1524,275320,948,275322060527
1525,1126807,680,1126811614988
1526,975527,114,975531161148
1527,471470,829,471472648977
1528,896230,39,896233923257
1529,1216686,7,1216690884625
1530,46083,210,46084372816
1531,816868,317,816871685171
1532,393592,737,393594415343
1533,174949,933,174950759414
1534,817287,282,817290686428
1535,922775,787,922779002892
1536,994022,56,994026216633
1537,514448,307,514450777911
1538,942918,21,942922063321
1539,1122257,494,1122261601338
1540,1266860,544,1266865035147
1541,329877,42,329879224198
1542,640028,958,640031154651
1543,3708,515,3709245691
1544,1031472,890,1031476328983
1545,1115036,552,1115040579675
1546,658428,502,658431209851
1547,953671,948,953675095580
1548,125780,802,125781611907
1549,1054688,698,1054692398631
1550,884958,464,884961889441
1551,1199404,232,1199408832779
1552,583079,56,583081983804
1553,1180824,517,1180828777039
1554,874485,715,874488858022
1555,367562,829,367564337253
1556,597786,458,597789027925
1557,1262213,664,1262218021206
1558,1107022,865,1107026555633
1559,855449,430,855452800914
1560,326521,926,326523214130
1561,1235459,420,1235463940944
1562,518743,508,518745790796
1563,969982,73,969986144513
1564,915105,125,915108979882
1565,589575,90,589578003292
1566,402484,512,402486442019
1567,1137521,571,1137525647130
1568,981547,563,981551179208
1569,251680,624,251681989607
1570,572424,571,572426951839
1571,419135,23,419137491972
1572,561509,988,561511919094
1573,547685,207,547687877622
1574,1108911,261,1108915561300
1575,178589,77,178590770334
1576,874376,508,874379857695
1577,538826,297,538828851045
1578,596457,196,596460023938
1579,303974,146,303976146489
1580,1061387,94,1061391418728
1581,77193,930,77194466146
1582,710474,972,710477365989
1583,57544,849,57545407199
1584,708703,266,708706360676
1585,799644,744,799647633499
1586,758637,688,758640510478
1587,1209339,962,1209343862584
1588,118625,364,118626590442
1589,936685,847,936689044622
1590,789554,730,789557603229
1591,573377,499,573379954698
1592,1144475,786,1144479667992
1593,81572,227,81573479283
1594,787419,553,787422596824
1595,287562,432,287564097253
1596,866706,401,866709834685
1597,1043683,331,1043687365616
1598,695312,340,695315320503
1599,69672,997,69673443583
1600,910153,738,910156965026
1601,964807,701,964811128988
1602,353936,920,353938296375
1603,398521,481,398523430130
1604,1039976,769,1039980354495
1605,999682,219,999686233613
1606,44265,42,44266367362
1607,734250,379,734253437317
1608,1153042,657,1153046693693
1609,489156,779,489158702035
1610,155261,90,155262700350
1611,221379,696,221380898704
1612,287733,118,287735097766
1613,76136,790,76137462975
1614,55321,867,55322400530
1615,839048,914,839051751711
1616,154440,646,154441697887
1617,229561,128,229562923250
1618,1136700,895,1136704644667
1619,150717,792,150718686718
1620,714860,555,714863379147
1621,560525,438,560527916142
1622,763022,99,763025523633
1623,783916,114,783919586315
1624,8199,171,8200259164
1625,1026967,150,1026971315468
1626,369477,576,369479342998
1627,75450,829,75451460917
1628,181805,490,181806779982
1629,19093,800,19094291846
1630,886142,793,886145892993
1631,242806,804,242807962985
1632,1209159,461,1209163862044
1633,830498,36,830501726061
1634,1070982,357,1070986447513
1635,248337,687,248338979578
1636,459011,499,459013611600
1637,1102036,40,1102040540675
1638,84664,276,84665488559
1639,560816,405,560818917015
1640,50008,367,50009384591
1641,977098,39,977102165861
1642,488634,386,488636700469
1643,123904,8,123905606279
1644,1221394,397,1221398898749
1645,150394,860,150395685749
1646,90019,432,90020504624
1647,811694,616,811697669649
1648,1130713,94,1130717626706
1649,275925,667,275927062342
1650,904913,945,904916949306
1651,254271,567,254272997380
1652,448677,980,448679580598
1653,80679,951,80680476604
1654,1200923,921,1200927837336
1655,648447,701,648450179908
1656,249869,608,249870984174
1657,1225147,987,1225151910008
1658,809269,128,809272662374
1659,779902,278,779905574273
1660,206129,604,206130852954
1661,791724,821,791727609739
1662,1157495,342,1157499707052
1663,1092626,571,1092630512445
1664,213592,91,213593875343
1665,1016941,621,1016945285390
1666,1098946,758,1098950531405
1667,973960,644,973964156447
1668,835702,571,835705741673
1669,1235785,80,1235789941922
1670,708603,954,708606360376
1671,649551,80,649554183220
1672,635312,620,635315140503
1673,814329,358,814332677554
1674,320750,898,320752196817
1675,1039979,476,1039983354504
1676,437890,630,437892548237
1677,720343,688,720346395596
1678,878831,942,878834871060
1679,59946,621,59947414405
1680,267265,891,267267036362
1681,128383,723,128384619716
1682,80382,163,80383475713
1683,8353,727,8354259626
1684,49747,300,49748383808
1685,941212,828,941216058203
1686,459301,322,459303612470
1687,238699,885,238700950664
1688,511474,714,511476768989
1689,533581,100,533583835310
1690,779828,117,779831574051
1691,611086,151,611089067825
1692,987687,39,987691197628
1693,1020574,163,1020578296289
1694,662886,132,662889223225
1695,1162613,386,1162617722406
1696,465512,466,465514631103
1697,1147708,236,1147712677691
1698,1035872,604,1035876342183
1699,149970,522,149971684477
1700,412212,5,412214471203
1701,814863,342,814866679156
1702,449736,32,449738583775
1703,112785,299,112786572922
1704,465618,519,465620631421
1705,497453,63,497455726926
1706,1105298,126,1105302550461
1707,996638,917,996642224481
1708,903654,889,903657945529
1709,604155,762,604158047032
1710,853075,576,853078793792
1711,15207,650,15208280188
1712,1185276,608,1185280790395
1713,1165969,847,1165973732474
1714,49958,470,49959384441
1715,1259240,971,1259245012287
1716,272840,139,272842053087
1717,697488,802,697491327031
1718,641254,309,641257158329
1719,966619,820,966623134424
1720,811429,549,811432668854
1721,67015,110,67016435612
1722,353376,116,353378294695
1723,744634,649,744637468469
1724,109274,745,109275562389
1725,490951,245,490953707420
1726,66795,680,66796434952
1727,478716,60,478718670715
1728,1002732,304,1002736242763
1729,222214,329,222215901209
1730,818422,340,818425689833
1731,668119,120,668122238924
1732,668420,749,668423239827
1733,488352,666,488354699623
1734,111973,24,111974570486
1735,251309,533,251310988494
1736,1267160,748,1267165036047
1737,859636,393,859639813475
1738,830193,174,830196725146
1739,419790,515,419792493937
1740,697800,218,697803327967
1741,907967,657,907970958468
1742,75244,311,75245460299
1743,1255376,83,1255381000695
1744,212618,305,212619872421
1745,300572,78,300574136283
1746,913767,858,913770975868
1747,1276250,15,1276255063317
1748,86668,505,86669494571
1749,1223814,753,1223818906009
1750,796429,141,796432623854
1751,635277,851,635280140398
1752,438759,274,438761550844
1753,272994,155,272996053549
1754,271792,270,271794049943
1755,650411,255,650414185800
1756,548314,239,548316879509
1757,738316,383,738319449515
1758,511780,682,511782769907
1759,310484,406,310486166019
1760,614037,122,614040076678
1761,458052,71,458054608723
1762,574858,584,574860959141
1763,789972,934,789975604483
1764,782730,711,782733582757
1765,128638,142,128639620481
1766,503943,313,503945746396
1767,751799,905,751802489964
1768,291175,337,291177108092
1769,1140463,891,1140467655956
1770,178101,238,178102768870
1771,56660,621,56661404547
1772,550105,517,550107884882
1773,1267465,527,1267470036962
1774,1097775,842,1097779527892
1775,30368,320,30369325671
1776,843328,143,843331764551
1777,609858,597,609861064141
1778,406109,124,406111452894
1779,889227,939,889230902248
1780,790791,155,790794606940
1781,953061,787,953065093750
1782,868512,810,868515840103
1783,1086983,344,1086987495516
1784,981486,565,981490179025
1785,123848,773,123849606111
1786,983611,979,983615185400
1787,593765,4,593768015862
1788,1214147,868,1214151877008
1789,629099,66,629102121864
1790,981182,543,981186178113
1791,72850,665,72851453117
1792,1053427,440,1053431394848
1793,1105923,401,1105927552336
1794,27671,950,27672317580
1795,905534,841,905537951169
1796,759155,33,759158512032
1797,1189834,2,1189838804069
1798,935379,83,935383040704
1799,531797,188,531799829958
1800,657582,969,657585207313
1801,848964,292,848967781459
1802,1103309,961,1103313544494
1803,530679,579,530681826604
1804,704178,468,704181347101
1805,1109450,472,1109454562917
1806,703714,313,703717345709
1807,639955,243,639958154432
1808,595047,373,595050019708
1809,1072746,338,1072750452805
1810,243550,402,243551965217
1811,160731,481,160732716760
1812,589729,40,589732003754
1813,712636,457,712639372475
1814,788501,210,788504600070
1815,582522,426,582524982133
1816,408666,938,408668460565
1817,390805,65,390807406982
1818,209409,474,209410862794
1819,326096,181,326098212855
1820,61888,420,61889420231
1821,1108274,680,1108278559389
1822,641766,370,641769159865
1823,699838,78,699841334081
1824,743999,932,744002466564
1825,873032,957,873035853663
1826,168972,446,168973741483
1827,123209,295,123210604194
1828,70555,672,70556446232
1829,1160038,410,1160042714681
1830,1014132,526,1014136276963
1831,1236449,794,1236453943914
1832,530114,456,530116824909
1833,354705,437,354707298682
1834,751513,798,751516489106
1835,293844,666,293846116099
1836,1270961,289,1270966047450
1837,41711,25,41712359700
1838,188946,928,188947801405
1839,1006854,268,1006858255129
1840,982598,755,982602182361
1841,1015221,274,1015225280230
1842,515929,170,515931782354
1843,8517,608,8518260118
1844,819368,522,819371692671
1845,788576,163,788579600295
1846,1233701,672,1233705935670
1847,34900,974,34901339267
1848,283063,66,283065083756
1849,712186,932,712189371125
1850,357900,464,357902308267
1851,1249053,222,1249057981726
1852,668569,373,668572240274
1853,794198,578,794201617161
1854,794589,478,794592618334
1855,788992,217,788995601543
1856,162997,891,162998723558
1857,750604,308,750607486379
1858,766574,685,766577534289
1859,632819,346,632822133024
1860,557503,974,557505907076
1861,200600,701,200601836367
1862,395801,135,395803421970
1863,37423,885,37424346836
1864,707430,212,707433356857
1865,75504,821,75505461079
1866,697887,762,697890328228
1867,855176,269,855179800095
1868,785428,978,785431590851
1869,400149,692,400151435014
1870,858706,382,858709810685
1871,484671,464,484673688580
1872,981640,14,981644179487
1873,709421,711,709424362830
1874,1235760,976,1235764941847
1875,1174089,105,1174093756834
1876,218563,200,218564890256
1877,1050961,284,1050965387450
1878,685131,711,685134289960
1879,1121198,376,1121202598161
1880,595351,958,595354020620
1881,81353,648,81354478626
1882,1143506,926,1143510665085
1883,681037,477,681040277678
1884,323866,838,323868206165
1885,662848,41,662851223111
1886,599314,172,599317032509
1887,847315,534,847318776512
1888,421621,486,421623499430
1889,826063,37,826066712756
1890,745630,582,745633471457
1891,831669,485,831672729574
1892,225813,838,225814912006
1893,368804,903,368806340979
1894,866425,284,866428833842
1895,521070,715,521072797777
1896,946491,942,946495074040
1897,843934,796,843937766369
1898,755918,92,755921502321
1899,103565,975,103566545262
1900,606896,659,606899055255
1901,32362,655,32363331653
1902,1002056,236,1002060240735
1903,249728,666,249729983751
1904,640555,526,640558156232
1905,914819,598,914822979024
1906,1076097,818,1076101462858
1907,1003908,471,1003912246291
1908,1146350,657,1146354673617
1909,30067,147,30068324768
1910,1164572,352,1164576728283
1911,178285,303,178286769422
1912,929693,792,929697023646
1913,943409,482,943413064794
1914,235376,505,235377940695
1915,994256,824,994260217335
1916,570100,872,570102944867
1917,1167851,221,1167855738120
1918,136432,271,136433643863
1919,64513,292,64514428106
1920,616173,458,616176083086
1921,280159,858,280161075044
1922,231421,567,231422928830
1923,910325,953,910328965542
1924,1047563,409,1047567377256
1925,823527,543,823530705148
1926,569536,546,569538943175
1927,799999,933,800002634564
1928,1044776,226,1044780368895
1929,312738,938,312740172781
1930,248984,487,248985981519
1931,1201284,607,1201288838419
1932,243510,11,243511965097
1933,735273,911,735276440386
1934,566203,204,566205933176
1935,330645,89,330647226502
1936,109550,356,109551563217
1937,159854,665,159855714129
1938,397926,728,397928428345
1939,530860,156,530862827147
1940,632012,744,632015130603
1941,887116,8,887119895915
1942,967452,375,967456136923
1943,646434,860,646437173869
1944,428221,488,428223519230
1945,1254800,893,1254804998967
1946,726507,506,726510414088
1947,234870,714,234871939177
1948,1188250,854,1188254799317
1949,786519,260,786522594124
1950,1227394,60,1227398916749
1951,40601,387,40602356370
1952,513181,806,513183774110
1953,664506,727,664509228085
1954,924749,111,924753008814
1955,914260,349,914263977347
1956,738174,491,738177449089
1957,1174855,598,1174859759132
1958,363575,438,363577325292
1959,886524,692,886527894139
1960,861243,859,861246818296
1961,431437,653,431439528878
1962,681371,974,681374278680
1963,904439,669,904442947884
1964,1066657,693,1066661434538
1965,501050,264,501052737717
1966,541074,469,541076857789
1967,820098,839,820101694861
1968,400288,753,400290435431
1969,101038,548,101039537681
1970,350711,252,350713286700
1971,565083,449,565085929816
1972,821303,790,821306698476
1973,849092,10,849095781843
1974,810774,263,810777666889
1975,47164,394,47165376059
1976,763868,627,763871526171
1977,479563,988,479565673256
1978,1036469,601,1036473343974
1979,172702,101,172703752673
1980,449142,670,449144581993
1981,973505,469,973509155082
1982,1001235,824,1001239238272
1983,1112531,770,1112535572160
1984,1081496,51,1081500479055
1985,1153506,880,1153510695085
1986,525395,459,525397810752
1987,99324,963,99325532539
1988,556420,452,556422903827
1989,1165252,286,1165256730323
1990,958745,621,958749110802
1991,1042064,314,1042068360759
1992,947131,65,947135075960
1993,1228472,348,1228476919983
1994,238278,427,238279949401
1995,1077336,23,1077340466575
1996,482418,918,482420681821
1997,1002815,981,1002819243012
1998,300343,87,300345135596
1999,698758,612,698761330841
2000,1199684,20,1199688833619
2001,908278,57,908281959401
2002,262967,199,262969023468
2003,1275275,665,1275280060392
2004,6602,707,6603254373
2005,861612,824,861615819403
2006,430832,841,430834527063
2007,767793,815,767796537946
2008,307349,824,307351156614
2009,143518,618,143519665121
2010,315680,100,315682181607
2011,103641,553,103642545490
2012,1041647,379,1041651359508
2013,572495,620,572497952052
2014,397626,533,397628427445
2015,463973,916,463975626486
2016,301509,21,301511139094
2017,213333,920,213334874566
2018,48984,576,48985381519
2019,1225380,475,1225384910707
2020,312447,232,312449171908
2021,545545,846,545547871202
2022,1170158,775,1170162745041
2023,67271,103,67272436380
2024,1220799,508,1220803896964
2025,684441,358,684444287890
2026,852716,653,852719792715
2027,904893,783,904896949246
2028,922786,717,922790002925
2029,409043,569,409045461696
2030,504316,224,504318747515
2031,44394,55,44395367749
2032,1109768,898,1109772563871
2033,909108,108,909111961891
2034,60823,781,60824417036
2035,976822,970,976826165033
2036,181976,57,181977780495
2037,549560,290,549562883247
2038,1163131,85,1163135723960
2039,374442,709,374444357893
2040,991355,142,991359208632
2041,682564,832,682567282259
2042,372076,688,372078350795
2043,550101,928,550103884870
2044,660879,960,660882217204
2045,454792,692,454794598943
2046,1049239,374,1049243382284
2047,408484,6,408486460019
