size,epoch,fid,cfg,repa,connection,context_tokens
B,200,6.168431128470729,2.9,False,sublayer,32
L,40,31.161552888025938,2.4,False,sublayer,32
L,80,5.677001609688091,2.4,False,sublayer,32
L,120,3.9107968069994286,2.4,False,sublayer,32
L,160,3.315914547407374,2.4,False,sublayer,32
L,200,3.0169986318131805,2.4,False,sublayer,32
H,40,20.17878284297683,2.1,False,sublayer,32
H,80,4.39176777014427,2.1,False,sublayer,32
H,120,3.3678384762249607,2.1,False,sublayer,32
H,160,3.0923778197425804,2.1,False,sublayer,32
H,200,2.5078081811592483,2.1,False,sublayer,32
H,240,2.324804229724691,2.1,False,sublayer,32
H,280,2.261398865945978,2.1,False,sublayer,32
H,320,2.1295267034878975,2.1,False,sublayer,32
H,360,2.0967162195486253,2.1,False,sublayer,32
H,400,2.0568455548333304,2.1,False,sublayer,32
H,440,2.061106027563312,2.1,False,sublayer,32
H,480,2.062329489244746,2.1,False,sublayer,32
H,520,2.06587481017948,2.1,False,sublayer,32
H,560,2.0866885650311247,2.1,False,sublayer,32
H,600,2.104598100341832,2.1,False,sublayer,32
