metric,value
skip/clean_beta_effective_t_0.43,0.3931786715984345
eval/num_samples,50000
eval/inception_score_mean,187.46496173383034
_wandb.runtime,11955
skip/clean_beta_effective_t_0.05,0.6886393427848816
train/grad_norm,0.0920412614941597
train/repa_loss,0
skip/clean_alpha_effective_t_0.38,0.999635934829712
train/loss,0.062050577253103256
train/repa_coeff,0
skip/clean_alpha_effective_t_0.43,0.9994268417358398
skip/clean_alpha_effective_t_0.05,1.002122163772583
eval_50k/checkpoint_step,500400
train/mse_loss,0.062050577253103256
eval_50k/inception_score_std,2.021082092672404
_step,500400
skip/clean_beta_effective_t_0.24,0.5282934904098511
skip/clean_beta_effective_t_0.81,0.22898145020008087
skip/clean_beta_effective_t_0.57,0.3161170780658722
skip/clean_alpha_effective_t_0.33,1.000078201293945
skip/clean_beta_effective_t_0.67,0.2763643264770508
skip/clean_alpha_effective_t_0.19,1.0010966062545776
skip/clean_alpha_effective_t_0.95,0.6089223623275757
skip/clean_beta_effective_t_0.48,0.3649891614913941
eval/metric_sec,215.12292218208313
skip/clean_alpha_effective_t_0.10,1.00155508518219
train/lr,0.0002
skip/clean_beta_effective_t_0.29,0.49167534708976746
train/data_time,0.0002114772796630859
skip/clean_beta_effective_t_0.95,0.12450135499238968
skip/clean_alpha_effective_t_0.62,0.9957336187362672
skip/clean_beta_effective_t_0.10,0.6466882228851318
skip/clean_beta_effective_t_0.14,0.6059243083000183
eval_50k/fid,6.7031203188908535
skip/clean_beta_effective_t_0.86,0.21660539507865903
skip/clean_alpha_effective_t_0.29,1.000553011894226
skip/clean_beta_effective_t_0.52,0.33934250473976135
skip/clean_alpha_effective_t_0.67,0.9938309788703918
skip/clean_alpha_effective_t_0.90,0.9044902324676514
skip/clean_alpha_effective_t_0.57,0.9979308247566224
skip/clean_beta_effective_t_0.38,0.42384788393974304
skip/clean_alpha_effective_t_0.48,0.9994357824325562
eval/checkpoint_step,500400
skip/clean_alpha_effective_t_0.81,0.9849274754524232
skip/clean_alpha_effective_t_0.71,0.9918121099472046
skip/clean_beta_effective_t_0.19,0.5664249658584595
skip/clean_beta_effective_t_0.90,0.19017520546913147
skip/clean_beta_effective_t_0.33,0.4567737579345703
train/step_time,0.19887542724609375
skip/clean_alpha_effective_t_0.76,0.9867610931396484
eval_50k/cfg,2.9
skip/clean_alpha_effective_t_0.24,1.0008981227874756
_timestamp,1788263983.812212
_runtime,119219.433600762
eval/sampling_sec,887.5349869728088
eval_50k/inception_score_mean,187.46496173383034
eval_50k/sample_steps,50
eval/cfg,2.9
eval/fid,6.7031203188908535
eval/sample_steps,50
skip/clean_beta_effective_t_0.62,0.2951542139053345
skip/clean_alpha_effective_t_0.86,0.9855206608772278
train/samples_per_sec,5148.951854835616
skip/clean_alpha_effective_t_0.52,0.9991795420646667
eval/inception_score_std,2.021082092672404
eval_50k/total_sec,1103.86488199234
skip/clean_beta_effective_t_0.76,0.2431553602218628
skip/clean_alpha_effective_t_0.14,1.0012602806091309
eval/total_sec,1103.86488199234
train/total_loss,0.062050577253103256
skip/clean_beta_effective_t_0.71,0.2593034505844116
