train_noise,test_noise,mode,seed,top1,top5,cross_entropy
0.0,0.0,clean,-1,79.372,95.036,1.0317596733760834
0.25,0.0,clean,-1,79.972,95.288,1.1495578310346604
0.25,0.25,matched_noise,424200,79.92399999999999,95.25200000000001,0.9357423120307923
0.25,0.25,matched_noise,424201,79.84400000000001,95.28,0.9357235623264313
0.25,0.25,matched_noise,424202,79.848,95.268,0.9356731321907044
0.5,0.0,clean,-1,80.85,95.71,1.3894568780088425
0.5,0.5,matched_noise,424200,80.384,95.532,0.8395865161800384
0.5,0.5,matched_noise,424201,80.548,95.55799999999999,0.8401093639659881
0.5,0.5,matched_noise,424202,80.522,95.54599999999999,0.8398221322822571
0.75,0.0,clean,-1,82.274,96.392,2.050014736841917
0.75,0.75,matched_noise,424200,80.938,95.78999999999999,0.7593926871013641
0.75,0.75,matched_noise,424201,80.726,95.89,0.7634835140991211
0.75,0.75,matched_noise,424202,80.796,95.86200000000001,0.7575721086502075
