epoch,lr,seconds,loss_t0.0,loss_t0.25,loss_t0.5,loss_t0.75
1,0.01,194.4005800220184,0.9301881538359915,0.8888219663016844,0.8881115353710856,1.0227287763065211
2,0.00998394867526434,192.5878581488505,0.716418073748513,0.6553017504526483,0.6158228490853388,0.6324212274161285
3,0.009935898800057668,192.06950185028836,0.6634569067726147,0.601495642820255,0.5619615642766929,0.5777639887252703
4,0.009856161996258958,192.34085289994255,0.632296207991566,0.5708301667878511,0.5311296706896694,0.5474401098502792
5,0.00974525538763837,192.049690478947,0.6056343247861335,0.5449054731657587,0.5061935391897163,0.5259364000302107
6,0.00960389824611118,192.21573740337044,0.5858355806213172,0.5254605177470079,0.487255295211643,0.5107451817035887
7,0.009433007326983388,192.9483052548021,0.5680024463663655,0.5083837892116141,0.47224063450677056,0.4988843488046483
8,0.009233690923441784,192.6218131822534,0.5480360472739938,0.4910285636311396,0.458036837770134,0.4885262148137763
9,0.009007241678847332,192.78029409516603,0.5305372609096831,0.47639427012571,0.44515483989626714,0.4793725861450775
10,0.008755128203446951,192.10768534895033,0.5142242269735129,0.46208024754622673,0.43427751187731667,0.47218143864650036
11,0.008478985549872517,193.01755942218006,0.4980665060116074,0.44765864025345076,0.423406282088302,0.46500174539603256
12,0.008180604609197117,192.98675033356994,0.4809203594169684,0.4348618804542253,0.4124071190641109,0.4585353813203157
13,0.007861920496319222,192.72005781484768,0.466124253921562,0.4230150959358108,0.4035428844997823,0.4528678845443927
14,0.007525000000000001,192.53112983098254,0.4488020180627338,0.40911523394514177,0.3938604134907686,0.44755951990803433
15,0.007172028178945119,192.21883468003944,0.42965970563563366,0.39446565291165,0.383859623247122,0.44213864697104294
16,0.006805294190860553,192.33166374266148,0.41739906455677006,0.38494327703215625,0.3766645882003566,0.4367324342229798
17,0.006427176446386442,193.26476196106523,0.40172452366051065,0.37283316932701216,0.3672932929504035,0.43234002176257974
18,0.006040127184191421,192.9314691158943,0.3851060462225747,0.36008881714819707,0.3587306641177913,0.42727362036407546
19,0.0056466565672638495,193.03950717905536,0.37066845048218816,0.3494610027383154,0.3518045728760064,0.4231088478110752
20,0.005249316403541606,192.98177311616018,0.3567016632874075,0.33920007999195784,0.3438155392113633,0.4191910011006597
21,0.004850683596458396,193.33482461981475,0.3425959129949217,0.3283239643109754,0.3368519325641311,0.41416516748592985
22,0.004453343432736151,192.69324337877333,0.3300110392005002,0.3186673684954616,0.32953028619280417,0.4104173075459626
23,0.004059872815808582,192.42878154106438,0.31833366555299364,0.3097702560629122,0.323270861845867,0.40659026761244277
24,0.003672823553613561,192.57490082317963,0.30490434244011827,0.3001402584476722,0.31652088161010467,0.4027392866629779
25,0.0032947058091394497,191.89613062189892,0.29332757462154896,0.2910412559596429,0.3103233109628204,0.3990415428578015
26,0.002927971821054881,192.73026906698942,0.283770194729766,0.28365587855191876,0.30465277816705183,0.3955179827591583
27,0.0025749999999999987,192.21320691984147,0.2734353288477759,0.27580571787934377,0.29910240394480075,0.3922208637478766
28,0.0022380795036807794,191.95941291982308,0.2647350832854029,0.2691528348789478,0.29435655772989106,0.3898705130523212
29,0.0019193953908028833,192.11924477061257,0.25701888412414214,0.26303063876123256,0.28944038071024186,0.38677800470197266
30,0.0016210144501274833,192.52575747808442,0.24900911433628672,0.2568882296760988,0.285024764348149,0.384402107697599
31,0.0013448717965530508,191.82703579310328,0.24255622253312922,0.25161619383892664,0.2812457880036311,0.3816863004245775
32,0.0010927583211526703,192.3176665790379,0.236497126688532,0.24687021683357974,0.27772655825172554,0.37943744198876295
33,0.0008663090765582168,192.97255967278033,0.23105373372906315,0.24261870267270583,0.27431606212995624,0.37684825789082294
34,0.0006669926730166116,192.5010738368146,0.22649624007455138,0.23887266830831735,0.27177981915807153,0.37606470242754475
35,0.0004961017538888202,192.68794475216419,0.22250194035387924,0.23570895837760322,0.269142205879611,0.3744003817452327
36,0.00035474461236162987,192.38342352211475,0.2190857848852879,0.2328421585916963,0.267355324237542,0.3730081831416266
37,0.00024383800374104254,193.0547199291177,0.21655909661248707,0.2308226087891892,0.265770146026106,0.37253351024864945
38,0.00016410119994233143,192.44428526610136,0.21456317838741046,0.22925804657599627,0.26452761814982606,0.37102455891691993
39,0.00011605132473566085,192.64340687403455,0.21341159071058893,0.2282909394927339,0.2636381720140174,0.37141661656498676
40,0.0001,192.95677988836542,0.2129433958448025,0.22782931784537525,0.26353071801970157,0.37102786405075944
