point,images,noises,dimensions,between_raw,within,between_corrected,between_raw_per_coordinate,within_per_coordinate,between_corrected_per_coordinate,ratio_raw,ratio_corrected
workspace/b01_attn,2048,128,196608,135248.98429601532,12269.523169251452,135153.12864625553,0.6879119074300909,0.06240602197902146,0.6874243603833797,11.023165483314108,11.015352983314106
workspace/b01_mlp,2048,128,196608,22432.95104262644,1929.7947066299082,22417.87452148089,0.11409988933627542,0.009815443454131613,0.11402320618429002,11.624527192222516,11.616714692222514
workspace/b02_attn,2048,128,196608,78534.00741775177,7601.782594318733,78474.61849123365,0.3994446178067615,0.03866466570189785,0.3991425501059654,10.330998873401738,10.323186373401738
workspace/b02_mlp,2048,128,196608,6017.243359222203,444.9927447016129,6013.766853404222,0.030605282385366837,0.002263350141914942,0.030587599962383128,13.522115654395733,13.514303154395733
workspace/b03_attn,2048,128,196608,84929.8142444332,5052.746494002035,84890.33966244881,0.4319753735577047,0.025699597646087827,0.4317745954510946,16.808643446737502,16.800830946737502
workspace/b03_mlp,2048,128,196608,73927.3466117589,2896.1974889770986,73904.72006887627,0.3760139292997177,0.014730822189214572,0.3758988447513645,25.525658002648544,25.517845502648544
workspace/b04_attn,2048,128,196608,113273.84547948767,9230.765453044218,113201.73012438577,0.5761405714899072,0.04695010097780466,0.5757737738260181,12.271338282366502,12.263525782366502
workspace/b04_mlp,2048,128,196608,49204.19604170226,2687.923879188309,49183.1966363961,0.25026548279674404,0.01367148782953038,0.25015867429807587,18.305650849220026,18.297838349220026
workspace/b05_attn,2048,128,196608,73275.6030275971,2284.64253930839,73257.75425775876,0.3726989900085302,0.011620292863507029,0.37260820647053405,32.07311505710613,32.06530255710613
workspace/b05_mlp,2048,128,196608,45782.88803984747,1687.572975437738,45769.70387597686,0.2328638104240289,0.008583440019926647,0.2327967522988732,27.12942711586851,27.12161461586851
workspace/b06_attn,2048,128,196608,39749.41204288313,1773.7029489436413,39735.55498859451,0.20217596457358364,0.009021519719155076,0.20210548395077774,22.41041098034852,22.40259848034852
workspace/b06_mlp,2048,128,196608,16840.447452051772,442.8303351313547,16836.98784005856,0.08565494512965786,0.0022523515580818412,0.08563734863311034,38.0291188657084,38.0213063657084
workspace/b07_attn,2048,128,196608,57236.10418947836,1287.4127988204668,57226.04627698758,0.2911178801955076,0.006548120111188084,0.291066723007139,44.458237670091776,44.450425170091776
workspace/b07_mlp,2048,128,196608,18577.31876140205,487.68984739882353,18573.508684469245,0.09448912944235255,0.0024805188364604874,0.09446975038894269,38.09248615792871,38.084673657928704
workspace/b08_attn,2048,128,196608,83728.03272106218,1578.1028016158332,83715.70379292456,0.42586279663626186,0.008026645922932094,0.425800088464989,53.05613337441155,53.04832087441155
workspace/b08_mlp,2048,128,196608,34237.67775336889,1181.4694055544333,34228.447523637995,0.17414183427616825,0.006009264147717454,0.1740948869000142,28.97889491882528,28.97108241882528
workspace/b09_attn,2048,128,196608,57592.85255918293,1747.746102698112,57579.1982927556,0.29293239623607853,0.008889496371958985,0.2928629470456726,32.95264253215785,32.94483003215785
workspace/b09_mlp,2048,128,196608,27206.867780233668,738.9667816184949,27201.094602252273,0.1383812855033044,0.003758579414970372,0.13835192160162493,36.817443567144956,36.809631067144956
workspace/b10_attn,2048,128,196608,63104.225485794406,3055.469705561537,63080.35462871971,0.3209646885467245,0.01554092257467416,0.32084327508910987,20.652872247737456,20.64505974773746
workspace/b10_mlp,2048,128,196608,21851.703216138816,437.7927984176603,21848.28295990118,0.11114351001047168,0.0022267293213788877,0.11112611368764841,49.91334552582565,49.90553302582565
workspace/b11_attn,2048,128,196608,134977.99963847856,12695.291800345636,134878.81767128836,0.6865336081872485,0.06457159322278665,0.6860291426151955,10.632130537937199,10.624318037937199
workspace/b11_mlp,2048,128,196608,25666.867882504204,429.361422789702,25663.51349638866,0.1305484409713959,0.0021838451273076477,0.1305313796813388,59.779166269149535,59.771353769149535
workspace/b12_attn,2048,128,196608,53384.23179987433,1311.1246472119055,53373.988638567986,0.2715262440992957,0.006668724808817065,0.2714741446867268,40.71636660434643,40.70855410434643
workspace/b12_mlp,2048,128,196608,33890.83457516804,447.0654032152988,33887.34187670542,0.17237769864485697,0.0022738922282679176,0.1723599338618236,75.80733004930559,75.79951754930559
