model_label,model_display,prediction,t_clean,noise_fraction_input,point,residual_location,within_noise,between_image_raw,finite_k_bias,between_image,noise_conditioned_variance_fraction,per_image_fraction_q25,per_image_fraction_median,per_image_fraction_q75,per_image_fraction_q90,per_image_between_clipped_count
plain_jit_clean,JiT-B clean,clean,0.75,0.25,0,Attn0,0.2658910186910361,17.180770530875524,0.0020770200100882,17.178693510865436,0.0152420379081276,0.012405612738803,0.016869637183845,0.023102140519768,0.0316620588302612,0
plain_jit_clean,JiT-B clean,clean,0.75,0.25,1,MLP0,0.27009365892809,17.019110909137005,0.0021098491289901,17.017001060008013,0.0156240052663234,0.0128977550193667,0.0174722606316208,0.0233769696205854,0.0307295683771371,0
plain_jit_clean,JiT-B clean,clean,0.75,0.25,2,Attn1,0.5356458244204987,17.380892388880063,0.0041842221716197,17.376708166708443,0.0299037091766819,0.0248134690336883,0.0333528127521276,0.0441594552248716,0.0571611084043979,0
plain_jit_clean,JiT-B clean,clean,0.75,0.25,3,MLP1,0.5446056260043406,16.56589528320581,0.0042542120767608,16.56164107112905,0.0318366521684504,0.0263133840635418,0.034895671531558,0.0463123247027397,0.0609463922679424,0
plain_jit_clean,JiT-B clean,clean,0.75,0.25,4,Attn2,0.6215226101412554,17.017338100171624,0.0048550526615782,17.012483047510045,0.0352456850818566,0.0291277235373854,0.0386446807533502,0.0510722938925027,0.0669147178530693,0
plain_jit_clean,JiT-B clean,clean,0.75,0.25,5,MLP2,0.666945318946091,19.17038807793901,0.0052098742556452,19.165178203683364,0.0336295464368741,0.0280831307172775,0.0367145054042339,0.0480376919731497,0.0615773789584636,0
plain_jit_clean,JiT-B clean,clean,0.75,0.25,6,Attn3,0.9542758054230944,21.489585861126997,0.0074543696615415,21.48213149146545,0.0425324693385929,0.0354003719985485,0.0461763050407171,0.0591650139540433,0.0738800041377544,0
plain_jit_clean,JiT-B clean,clean,0.75,0.25,7,MLP3,0.9578372354153544,21.377253350166765,0.0074821899369117,21.369771160229853,0.0428992312316876,0.0356513569131493,0.046636676415801,0.059787867590785,0.0742628678679466,0
plain_jit_clean,JiT-B clean,clean,0.75,0.25,8,Attn4,1.146674389456166,23.062240476649247,0.0089573001137117,23.053283176535537,0.0473833223190272,0.0389088308438658,0.0509617328643798,0.0646953713148832,0.0800508789718151,0
plain_jit_clean,JiT-B clean,clean,0.75,0.25,9,MLP4,1.201268793825875,24.968841307540348,0.0093837668325688,24.959457540707778,0.0459187859872274,0.0379574578255414,0.0488744974136352,0.0620874324813485,0.0765293583273887,0
plain_jit_clean,JiT-B clean,clean,0.75,0.25,10,Attn5,1.563175549810694,28.65724949624629,0.0122108182225221,28.645038678023774,0.0517467049862997,0.0413651717826724,0.0539519544690847,0.0691392514854669,0.0868218623101711,0
plain_jit_clean,JiT-B clean,clean,0.75,0.25,11,MLP5,1.60785099837085,30.461731089009,0.0125598025585705,30.449171286450422,0.0501559684516348,0.0402255039662122,0.0526158958673477,0.0671372767537832,0.0832538902759552,0
plain_jit_clean,JiT-B clean,clean,0.75,0.25,12,Attn6,1.9358369104083977,28.47998737354129,0.0151218797046233,28.46486549383667,0.0636773744457326,0.0499171884730458,0.0657352954149246,0.0846051517874002,0.1056794859468937,0
plain_jit_clean,JiT-B clean,clean,0.75,0.25,13,MLP6,2.0049372696812497,32.256159337197495,0.0156616603622046,32.24049767683529,0.0585461178347566,0.0461921235546469,0.0604525227099657,0.0775501150637865,0.0964725591242313,0
plain_jit_clean,JiT-B clean,clean,0.75,0.25,14,Attn7,2.2790627156500705,27.04266543812643,0.0178030039824387,27.02486243414399,0.0777732915983129,0.0617856951430439,0.0806785896420478,0.1018237248063087,0.1255755886435509,0
plain_jit_clean,JiT-B clean,clean,0.75,0.25,15,MLP7,2.5205948872535373,34.34489820356392,0.0196897437300622,34.32520845983386,0.0684092802512551,0.054424756206572,0.0704759322106838,0.0890158377587795,0.1102526105940342,0
plain_jit_clean,JiT-B clean,clean,0.75,0.25,16,Attn8,3.026588376611471,35.130235777864286,0.023642335312676,35.10659344255161,0.0793688916640708,0.0659815408289432,0.0820412784814834,0.1002453118562698,0.1195226714015007,0
plain_jit_clean,JiT-B clean,clean,0.75,0.25,17,MLP8,3.231047876048251,39.95925731331578,0.0252394801642524,39.93401783315153,0.0748533060928392,0.061943962238729,0.077396273612976,0.0948790591210126,0.1135367162525654,0
plain_jit_clean,JiT-B clean,clean,0.75,0.25,18,Attn9,3.410147098635207,32.15338632598589,0.0266385220383844,32.12674780394751,0.0959607503126945,0.0805498510599136,0.1000810973346233,0.1205530203878879,0.1422701984643936,0
plain_jit_clean,JiT-B clean,clean,0.75,0.25,19,MLP9,4.830474546921323,57.04667319125329,0.0377334756983113,57.00893971555498,0.0781132002062383,0.0660874713212251,0.0814643688499927,0.0975657943636179,0.1145701624453067,0
plain_jit_clean,JiT-B clean,clean,0.75,0.25,20,Attn10,6.039293287700275,59.245603272898,0.0471762192912606,59.198427053606736,0.0925736407726119,0.0798190180212259,0.0960531756281852,0.1128810103982687,0.1296440511941909,0
plain_jit_clean,JiT-B clean,clean,0.75,0.25,21,MLP10,8.087400908960262,105.44841034130962,0.0631751068547187,105.38523523445492,0.0712718165702857,0.0602002469822764,0.0744552835822105,0.0886447802186012,0.1027927406132221,0
plain_jit_clean,JiT-B clean,clean,0.75,0.25,22,Attn11,11.741196661430877,124.53895075639775,0.0917169016397288,124.44723385475804,0.0862128788541636,0.0745490752160549,0.0899280272424221,0.1050903834402561,0.119768214225769,0
plain_jit_clean,JiT-B clean,clean,0.75,0.25,23,MLP11,15.722111520066392,271.1679873966079,0.1228140024765623,271.0451733941313,0.0548253317137292,0.0449114106595516,0.0572704635560512,0.0705157145857811,0.0839312240481376,0
plain_jit_clean,JiT-B clean,clean,0.5,0.5,0,Attn0,1.063341966306325,7.643530711529018,0.0083063450298453,7.635224366499172,0.1222433589195119,0.1015357989817857,0.1337246820330619,0.1754522025585174,0.2273121148347855,0
plain_jit_clean,JiT-B clean,clean,0.5,0.5,1,MLP0,1.0786391482979525,7.828164990153437,0.0084258396756253,7.819739150477812,0.1212174974002118,0.1024692486971616,0.1339456960558891,0.1709529645740986,0.2108087435364724,0
plain_jit_clean,JiT-B clean,clean,0.5,0.5,2,Attn1,1.4928536608058494,8.007356174532253,0.0116614955288512,7.995694679003402,0.1573321447436352,0.1339326649904251,0.1723153218626976,0.2174233272671699,0.2667374074459077,0
plain_jit_clean,JiT-B clean,clean,0.5,0.5,3,MLP1,1.5232781530794457,7.73945943984788,0.0118991578596818,7.7275602819881986,0.1646637938573301,0.1398360133171081,0.1782087832689285,0.225043885409832,0.2784023642539978,0
plain_jit_clean,JiT-B clean,clean,0.5,0.5,4,Attn2,1.6245664672751443,7.961713255217656,0.0126903762182719,7.949022878999385,0.1696925164131182,0.1440894082188606,0.1835274770855903,0.231572538614273,0.2857103765010835,0
plain_jit_clean,JiT-B clean,clean,0.5,0.5,5,MLP2,1.6889721642219229,8.504773171855296,0.0131934843036096,8.491579687551686,0.1659018281929066,0.1416022963821888,0.1795536056160926,0.2247271761298179,0.2742447018623352,0
plain_jit_clean,JiT-B clean,clean,0.5,0.5,6,Attn3,1.797682980017271,8.94000746058047,0.0140426838772978,8.925964776703172,0.1676372649307391,0.1429965682327747,0.1818811073899269,0.2258263975381851,0.273241800069809,0
plain_jit_clean,JiT-B clean,clean,0.5,0.5,7,MLP3,1.809805950964801,8.978189969359851,0.0141373830264593,8.964052586333391,0.1679812246187756,0.143595390021801,0.1821414977312088,0.2255226485431194,0.2723727613687515,0
plain_jit_clean,JiT-B clean,clean,0.5,0.5,8,Attn4,1.939687015794334,9.419304145317795,0.0151519549812044,9.40415219033659,0.1709903482011632,0.1451896019279956,0.1848952323198318,0.2287284284830093,0.2722446352243424,0
plain_jit_clean,JiT-B clean,clean,0.5,0.5,9,MLP4,2.123542678251397,10.781823904995948,0.0165881520057269,10.76523575299022,0.1647590335717199,0.1405771672725677,0.1770116910338401,0.216943010687828,0.2577307939529419,0
plain_jit_clean,JiT-B clean,clean,0.5,0.5,10,Attn5,2.4193124635639838,11.8584159634326,0.0188985713854337,11.839517392047169,0.1696711783549288,0.1427088789641857,0.1799204126000404,0.2215926982462406,0.2615530520677566,0
plain_jit_clean,JiT-B clean,clean,0.5,0.5,11,MLP5,2.5196790189802414,12.826387217659514,0.0196825893826171,12.806704628276895,0.1644014059005479,0.1393131241202354,0.1744477599859237,0.2129211314022541,0.2489087730646133,0
plain_jit_clean,JiT-B clean,clean,0.5,0.5,12,Attn6,2.874616592889652,12.784679774570156,0.0224552006839362,12.76222457388622,0.1838361445403338,0.1536800377070903,0.1925798580050468,0.2371027581393718,0.2793712019920349,0
plain_jit_clean,JiT-B clean,clean,0.5,0.5,13,MLP6,3.060774424913689,14.902520127119372,0.0239093812126808,14.878610745906691,0.1706175766766101,0.1433580927550792,0.1786935701966285,0.2165222540497779,0.2553970247507095,0
plain_jit_clean,JiT-B clean,clean,0.5,0.5,14,Attn7,3.53352292868658,14.116296890449677,0.0276022780503003,14.088694612399374,0.200515225762491,0.1695285886526107,0.2088928371667862,0.2524841055274009,0.2934773832559585,0
plain_jit_clean,JiT-B clean,clean,0.5,0.5,15,MLP7,4.198041420851951,19.515349192018,0.0327931950361235,19.48255599698188,0.1772776820947266,0.1510292254388332,0.183695875108242,0.2191556468605995,0.2568647414445877,0
plain_jit_clean,JiT-B clean,clean,0.5,0.5,16,Attn8,5.270904371514916,21.067964354534343,0.0411739136763369,21.026790440858008,0.2004321827111243,0.1764912083745002,0.2074797675013542,0.2413780391216278,0.274919456243515,0
plain_jit_clean,JiT-B clean,clean,0.5,0.5,17,MLP8,5.8536362160230055,25.483844295591314,0.0457259504751629,25.438118345116152,0.187066410884245,0.163970161229372,0.1928625181317329,0.2232721224427223,0.2546730011701584,0
plain_jit_clean,JiT-B clean,clean,0.5,0.5,18,Attn9,6.299999765411485,22.400406552504617,0.0492127400193075,22.35119381248531,0.2198861191692786,0.1939080543816089,0.2274617552757263,0.261881411075592,0.2960842698812485,0
plain_jit_clean,JiT-B clean,clean,0.5,0.5,19,MLP9,10.123604687309124,45.25565866557315,0.0790810069978228,45.176577658575326,0.1830663888952356,0.1614873893558979,0.18936338275671,0.2179677598178386,0.2452445939183235,0
plain_jit_clean,JiT-B clean,clean,0.5,0.5,20,Attn10,12.654432682436893,48.01658077543397,0.0988506871241002,47.917730088309874,0.2089149883970847,0.1869815476238727,0.2156707867980003,0.2455835714936256,0.2742116332054138,0
plain_jit_clean,JiT-B clean,clean,0.5,0.5,21,MLP10,18.263489598990414,89.16071067165272,0.1426660950711541,89.01804457658157,0.1702388928284828,0.1503224782645702,0.176365315914154,0.2022794969379902,0.2264103442430496,0
plain_jit_clean,JiT-B clean,clean,0.5,0.5,22,Attn11,24.80732366326265,108.25605616081954,0.193783558011803,108.06227260280774,0.1867042902244255,0.1680375449359417,0.1945932358503341,0.2213516980409622,0.2461268335580826,0
plain_jit_clean,JiT-B clean,clean,0.5,0.5,23,MLP11,36.51051934587304,271.9210747297127,0.2852036132450543,271.6358711164676,0.1184843323690824,0.0985807254910469,0.1238513514399528,0.1487157568335533,0.1724619835615158,0
plain_jit_clean,JiT-B clean,clean,0.25,0.75,0,Attn0,2.3924733923049644,1.9275376786426663,0.0186889167369556,1.9088487619057108,0.5562181363148795,0.5040372759103775,0.5814519822597504,0.6572113186120987,0.7255736708641052,0
plain_jit_clean,JiT-B clean,clean,0.25,0.75,1,MLP0,2.4546611818659585,2.35317715862618,0.0191746995360031,2.3340024590901765,0.5125983710511447,0.4633205831050873,0.5385265052318573,0.6105268150568008,0.6741293549537659,0
plain_jit_clean,JiT-B clean,clean,0.25,0.75,2,Attn1,2.7405048936198,2.476162498258392,0.0214075809322736,2.454754917326118,0.5275010285040638,0.4778744205832481,0.5528664588928223,0.6249888092279434,0.6886038303375244,0
plain_jit_clean,JiT-B clean,clean,0.25,0.75,3,MLP1,2.8278136558656115,2.6172542130829344,0.0220895973731949,2.59516461570974,0.5214503017073945,0.4715218022465706,0.5463699996471405,0.6185328811407089,0.683679622411728,0
plain_jit_clean,JiT-B clean,clean,0.25,0.75,4,Attn2,2.880228805035585,2.7464691293029397,0.0224990407391037,2.7239700885638354,0.5139412179544711,0.4632851034402847,0.5392018556594849,0.6124838590621948,0.6771889388561249,0
plain_jit_clean,JiT-B clean,clean,0.25,0.75,5,MLP2,2.9565987231617328,3.2622341872791583,0.0230956078924348,3.239138579386724,0.4771988512078477,0.4286440536379814,0.5039716362953186,0.5765345394611359,0.6392096996307374,0
plain_jit_clean,JiT-B clean,clean,0.25,0.75,6,Attn3,2.788721746299416,3.4683834935972078,0.0217842291106591,3.446599264486548,0.4472458982425183,0.3998939767479896,0.4737508445978164,0.5466041713953018,0.6097149729728699,0
plain_jit_clean,JiT-B clean,clean,0.25,0.75,7,MLP3,2.8111178609833587,3.5596108805404945,0.021959177398028,3.5376517031424664,0.4427815236621251,0.3971256762742996,0.4688586294651031,0.5397013872861862,0.6004533052444458,0
plain_jit_clean,JiT-B clean,clean,0.25,0.75,8,Attn4,2.732336663088063,3.799267930665669,0.0213437744210761,3.777924156244593,0.4196969582192784,0.3740136846899986,0.4451342821121216,0.5167469084262848,0.5774348914623262,0
plain_jit_clean,JiT-B clean,clean,0.25,0.75,9,MLP4,3.115841142775025,4.826252723257232,0.024339537430258,4.801913185826974,0.3935258677475504,0.3501248434185982,0.4162208586931228,0.4837349727749824,0.5409263193607331,0
plain_jit_clean,JiT-B clean,clean,0.25,0.75,10,Attn5,3.162024450633908,5.193289620920255,0.0247003004790709,5.168589320441184,0.3795668047428681,0.3358801454305649,0.4000109583139419,0.4675407186150551,0.5242122173309326,0
plain_jit_clean,JiT-B clean,clean,0.25,0.75,11,MLP5,3.318785303883488,5.699982640525917,0.0259248451462837,5.674057795379634,0.3690473932715929,0.3281198590993881,0.3879546672105789,0.4501677230000496,0.5043016672134399,0
plain_jit_clean,JiT-B clean,clean,0.25,0.75,12,Attn6,3.4465439666819293,5.798582356438459,0.0269228378592411,5.771659518579217,0.3738845613673596,0.3310225158929825,0.3920197188854217,0.4576845988631248,0.5135033130645753,0
plain_jit_clean,JiT-B clean,clean,0.25,0.75,13,MLP6,3.7787248725944655,7.024281647028012,0.0295176843942845,6.994763962633727,0.3507429144251235,0.3106096982955932,0.3660398572683334,0.4252052754163742,0.47838234603405,0
plain_jit_clean,JiT-B clean,clean,0.25,0.75,14,Attn7,4.243568014993798,7.254037783467765,0.0331488281353132,7.220888955332452,0.3701499361005527,0.3290519341826439,0.3853030949831009,0.4460688829421997,0.4983056366443634,0
plain_jit_clean,JiT-B clean,clean,0.25,0.75,15,MLP7,5.415340169769479,10.85155612828,0.0423021806054895,10.809253947674511,0.3337735372958967,0.2959384694695472,0.3449642062187195,0.3964906930923462,0.4457052111625671,0
plain_jit_clean,JiT-B clean,clean,0.25,0.75,16,Attn8,6.79470874380786,12.42446918101119,0.0530771821217824,12.371391998889408,0.3545170107903561,0.3182471096515655,0.3670711666345596,0.4184405878186226,0.4643245249986649,0
plain_jit_clean,JiT-B clean,clean,0.25,0.75,17,MLP8,7.749215949152131,15.446458136634565,0.060533359374528,15.385924777260035,0.3349543467572367,0.2990013808012008,0.3431171327829361,0.391209527850151,0.4400156259536743,0
plain_jit_clean,JiT-B clean,clean,0.25,0.75,18,Attn9,8.504068789130542,14.51297144119786,0.0664299273030932,14.446541513894768,0.3705378060473429,0.3342902138829231,0.3815109729766845,0.4319196045398712,0.4799244076013565,0
plain_jit_clean,JiT-B clean,clean,0.25,0.75,19,MLP9,14.691234049096238,30.52584000825705,0.1147612553559754,30.41107875290108,0.325731279315806,0.2920247241854667,0.3359768092632293,0.3826575726270675,0.4282959997653961,0
plain_jit_clean,JiT-B clean,clean,0.25,0.75,20,Attn10,17.748768862336874,32.13886310212447,0.138645330191995,32.00021777193247,0.3567664401451491,0.3243260681629181,0.3701475262641907,0.4165123999118805,0.4598427146673202,0
plain_jit_clean,JiT-B clean,clean,0.25,0.75,21,MLP10,26.680259688408118,61.25771948576109,0.2084140845372685,61.04930540122383,0.3041193657024209,0.2732993066310882,0.3152882605791092,0.3591087237000465,0.3975650817155838,0
plain_jit_clean,JiT-B clean,clean,0.25,0.75,22,Attn11,32.60744300135411,68.02721828286366,0.2547145515671649,67.7725037312965,0.324840210248367,0.2987826466560364,0.3418999016284942,0.3845479562878608,0.4228329300880432,0
plain_jit_clean,JiT-B clean,clean,0.25,0.75,23,MLP11,53.24943551281467,216.7778701619419,0.4159604323248529,216.36190972961705,0.1975044316660091,0.1654857769608497,0.207540176808834,0.2489585354924202,0.2882697939872742,0
plain_jit_velocity,JiT-B velocity,velocity,0.75,0.25,0,Attn0,0.8019758327063755,2.6626173575971874,0.0062646713692645,2.656352686227923,0.2318969491520454,0.1982584334909916,0.2443029806017875,0.3019179925322532,0.37163605093956,0
plain_jit_velocity,JiT-B velocity,velocity,0.75,0.25,1,MLP0,0.8075259115357767,2.696850923389895,0.0063080260671515,2.6905428973227434,0.230849064343959,0.1971680447459221,0.2423648685216903,0.2993581220507622,0.3677129745483399,0
plain_jit_velocity,JiT-B velocity,velocity,0.75,0.25,2,Attn1,1.0049630240537226,2.5553137554853422,0.0078503152179947,2.5474634402673475,0.282894814050933,0.2446437925100326,0.2987148910760879,0.3614507913589477,0.4298654645681381,0
plain_jit_velocity,JiT-B velocity,velocity,0.75,0.25,3,MLP1,1.006778566603316,2.2835976992066183,0.0078644974127271,2.275733201793891,0.3067098117655518,0.2678410708904266,0.3219787925481796,0.3859195336699486,0.4548438966274262,0
plain_jit_velocity,JiT-B velocity,velocity,0.75,0.25,4,Attn2,23.61456457292661,37.07806226163966,0.1844662651222628,36.8935959965174,0.3902707395281773,0.3379823043942451,0.4091578871011734,0.4890477806329727,0.5674261689186096,0
plain_jit_velocity,JiT-B velocity,velocity,0.75,0.25,5,MLP2,23.90739196445793,44.919966236073016,0.1867536998566388,44.73321253621638,0.3482980975819214,0.3018748536705971,0.3656965345144272,0.4352459982037544,0.50563924908638,0
plain_jit_velocity,JiT-B velocity,velocity,0.75,0.25,6,Attn3,54.21274954685941,179.55032584747573,0.4234854045279745,179.12684044294775,0.2323341253373572,0.1978231891989708,0.2408267185091972,0.2957318872213363,0.3587707310914993,0
plain_jit_velocity,JiT-B velocity,velocity,0.75,0.25,7,MLP3,55.17571579059586,237.69012355031293,0.4310076599509913,237.25911589036195,0.1886769625678235,0.1619378589093685,0.1990195214748382,0.2421621084213256,0.2841427981853485,0
plain_jit_velocity,JiT-B velocity,velocity,0.75,0.25,8,Attn4,58.58733115950599,239.59546698108167,0.4576576514506469,239.137809329631,0.196783284956225,0.1690442338585853,0.2064607962965965,0.2493106052279472,0.2935843646526337,0
plain_jit_velocity,JiT-B velocity,velocity,0.75,0.25,9,MLP4,62.86324269603938,366.2610018661893,0.4910591325028024,365.7699427336864,0.1466597660491823,0.1276480965316295,0.1560419052839279,0.1862840019166469,0.2153812006115914,0
plain_jit_velocity,JiT-B velocity,velocity,0.75,0.25,10,Attn5,60.6925340606831,279.8168468358423,0.4741025414381554,279.34274429440416,0.1784889331315322,0.1538780033588409,0.1867897734045982,0.22519426420331,0.2638880312442779,0
plain_jit_velocity,JiT-B velocity,velocity,0.75,0.25,11,MLP5,66.30838951608166,376.2239063838251,0.5179710564863442,375.7059353273388,0.1500141189758291,0.1296620033681392,0.1581597477197647,0.1890920400619506,0.2180483371019363,0
plain_jit_velocity,JiT-B velocity,velocity,0.75,0.25,12,Attn6,68.04030364751816,405.9771317212689,0.5314999839561665,405.4456317373128,0.1437007914336835,0.1242388729006052,0.1533925309777259,0.1846346259117126,0.2145108550786972,0
plain_jit_velocity,JiT-B velocity,velocity,0.75,0.25,13,MLP6,71.96251693647355,501.468630136742,0.5621385347620533,500.90649160198,0.1256177518139264,0.1096844188868999,0.137165293097496,0.1643348038196563,0.1895044729113578,0
plain_jit_velocity,JiT-B velocity,velocity,0.75,0.25,14,Attn7,70.60020275460556,432.8028427337562,0.5514967544202558,432.251345979336,0.1403996923791122,0.1212971098721027,0.1483211517333984,0.1765848584473133,0.2032586559653282,0
plain_jit_velocity,JiT-B velocity,velocity,0.75,0.25,15,MLP7,69.60771365044639,422.67903402331217,0.5437438798053802,422.1352901435068,0.1415530330139947,0.1221117805689573,0.1489996910095214,0.1778991408646106,0.2048919007182121,0
plain_jit_velocity,JiT-B velocity,velocity,0.75,0.25,16,Attn8,68.10549253597856,386.6873842327976,0.5320092099782947,386.15537502281927,0.1499259509232615,0.13007727637887,0.1560203656554222,0.1854225248098373,0.2136138767004013,0
plain_jit_velocity,JiT-B velocity,velocity,0.75,0.25,17,MLP8,69.32272457843646,411.27591312483264,0.5415176744670611,410.7343954503656,0.1444051586491984,0.1255346536636352,0.1500850170850753,0.1778289228677749,0.2046171382069588,0
plain_jit_velocity,JiT-B velocity,velocity,0.75,0.25,18,Attn9,69.56516553089023,380.3831099806168,0.5434115131983965,379.8396984674184,0.1547939755524142,0.1340879276394844,0.1606125384569168,0.1913175135850906,0.2205061763525009,0
plain_jit_velocity,JiT-B velocity,velocity,0.75,0.25,19,MLP9,64.84493049513549,368.39959224815976,0.5065391785484836,367.89305306961126,0.1498480211072881,0.1278490796685218,0.1558058261871338,0.1892242543399334,0.2229624554514885,0
plain_jit_velocity,JiT-B velocity,velocity,0.75,0.25,20,Attn10,63.41473530139774,271.1217945610928,0.4953671425378312,270.6264274185549,0.1898410806172478,0.1622788310050964,0.1968574747443199,0.2371110171079635,0.2769295394420624,0
plain_jit_velocity,JiT-B velocity,velocity,0.75,0.25,21,MLP10,57.58693928318098,186.253281779138,0.4498430439648966,185.80343873517307,0.2366031876528757,0.2018051594495773,0.244947150349617,0.2954444587230682,0.3482852309942245,0
plain_jit_velocity,JiT-B velocity,velocity,0.75,0.25,22,Attn11,58.444816421251744,144.27842894919493,0.4565443909706812,143.82188455822424,0.2889492740932287,0.2497217580676078,0.2971787601709366,0.3531761392951011,0.4070413321256638,0
plain_jit_velocity,JiT-B velocity,velocity,0.75,0.25,23,MLP11,56.55476719001308,164.8373349027403,0.4417801838430377,164.39555471889727,0.2559614609356782,0.2215228974819183,0.2636486738920212,0.3137997314333915,0.3638723701238632,0
plain_jit_velocity,JiT-B velocity,velocity,0.5,0.5,0,Attn0,3.20781846891623,1.2052630170745595,0.0250580225743225,1.180204994500237,0.7310394977739381,0.6901258826255798,0.7442810535430908,0.7956626862287521,0.8418453454971313,0
plain_jit_velocity,JiT-B velocity,velocity,0.5,0.5,1,MLP0,3.254271861544112,2.11311611938033,0.0254208954028204,2.087695223977509,0.6091898002075289,0.5598556399345398,0.6265644729137421,0.6923362612724304,0.7546532809734345,0
plain_jit_velocity,JiT-B velocity,velocity,0.5,0.5,2,Attn1,4.226850663369987,2.7066016354113898,0.033018239768661,2.6735833956427286,0.6125485190093602,0.5634282976388931,0.6357251107692719,0.7036266922950745,0.7636197924613953,0
plain_jit_velocity,JiT-B velocity,velocity,0.5,0.5,3,MLP1,4.237647641799413,2.751730042334337,0.0331025808658399,2.7186274614684973,0.6091834464408482,0.5600744336843491,0.6317381858825684,0.6997043639421463,0.7606513738632203,0
plain_jit_velocity,JiT-B velocity,velocity,0.5,0.5,4,Attn2,133.71768387407064,56.84118525420015,1.0445418821454169,55.79664337205473,0.7055808698854165,0.6585134416818619,0.7210178077220917,0.7787307053804398,0.8259037971496582,0
plain_jit_velocity,JiT-B velocity,velocity,0.5,0.5,5,MLP2,135.70933648757637,83.86323425924553,1.0600997688004856,82.80313449044505,0.6210599142473034,0.5734677016735077,0.6415227949619293,0.7047900557518005,0.7564885020256044,0
plain_jit_velocity,JiT-B velocity,velocity,0.5,0.5,6,Attn3,315.32834392786026,442.5600984024108,2.4632019663935694,440.0968964360172,0.4174183321912452,0.3720608875155449,0.4324704706668854,0.5060431361198425,0.5774885058403016,0
plain_jit_velocity,JiT-B velocity,velocity,0.5,0.5,7,MLP3,320.5103196464479,582.4472325525705,2.503681209777884,579.9435513427926,0.3559430749010325,0.3150424733757972,0.3731215000152588,0.4380558207631111,0.4986689269542694,0
plain_jit_velocity,JiT-B velocity,velocity,0.5,0.5,8,Attn4,339.04934469237924,636.2961694473476,2.6484996627571853,633.6476697845903,0.3485662438006864,0.3086454346776008,0.3636054098606109,0.4276556521654129,0.4877275288105011,0
plain_jit_velocity,JiT-B velocity,velocity,0.5,0.5,9,MLP4,370.4238018617034,1040.3641912850628,2.8935826883785367,1037.4706085966843,0.263104817456516,0.2328996174037456,0.2766412049531936,0.3251151144504547,0.3697334259748459,0
plain_jit_velocity,JiT-B velocity,velocity,0.5,0.5,10,Attn5,357.673985209316,821.8855257964656,2.793986904954441,819.0915388915112,0.3039466893650004,0.2685671746730804,0.3170235306024551,0.3726866617798805,0.4277318507432938,0
plain_jit_velocity,JiT-B velocity,velocity,0.5,0.5,11,MLP5,399.8360946960747,1152.8104121221843,3.1233381763988,1149.6870739457856,0.2580381518570817,0.2279031500220298,0.270163357257843,0.3156199976801872,0.359557181596756,0
plain_jit_velocity,JiT-B velocity,velocity,0.5,0.5,12,Attn6,408.3436488732696,1203.3635555324884,3.1897953299722204,1200.1737602025162,0.2538633691928107,0.2240803018212318,0.2668195962905884,0.3132453486323356,0.3580239266157151,0
plain_jit_velocity,JiT-B velocity,velocity,0.5,0.5,13,MLP6,440.5750975646079,1452.6927840262254,3.441572784568504,1449.2512112416568,0.2331299418955085,0.2064180448651313,0.2466011196374893,0.28973538428545,0.3309350550174713,0
plain_jit_velocity,JiT-B velocity,velocity,0.5,0.5,14,Attn7,434.0488737821579,1362.4534525032054,3.390592885160117,1359.0628596180454,0.2420645995992057,0.2140623331069946,0.2540640383958816,0.297531746327877,0.3392296850681305,0
plain_jit_velocity,JiT-B velocity,velocity,0.5,0.5,15,MLP7,429.3277855217457,1378.4069381633124,3.3537138855062665,1375.053224277806,0.2379363245290636,0.2100452855229377,0.2493212893605232,0.2932443395256996,0.3360090732574463,0
plain_jit_velocity,JiT-B velocity,velocity,0.5,0.5,16,Attn8,422.68306205421686,1342.0816233554715,3.301808320318308,1338.7798150351534,0.2399613795736959,0.2118329890072345,0.250116765499115,0.2931029424071312,0.3360024839639663,0
plain_jit_velocity,JiT-B velocity,velocity,0.5,0.5,17,MLP8,428.830245833844,1451.0021578714998,3.349827331185356,1447.6523305403143,0.2285287650591742,0.2020404413342476,0.2380044013261795,0.2786496356129646,0.3190765410661698,0
plain_jit_velocity,JiT-B velocity,velocity,0.5,0.5,18,Attn9,423.55707094073296,1368.9239627449724,3.308635681224388,1365.615327063748,0.2367335151230475,0.2087054774165153,0.2459530085325241,0.2882613465189934,0.3296054631471634,0
plain_jit_velocity,JiT-B velocity,velocity,0.5,0.5,19,MLP9,381.7061490416527,1233.520518431401,2.981715266037156,1230.5388031653636,0.2367544389077675,0.2067997530102729,0.2469117194414138,0.2944100573658943,0.342204612493515,0
plain_jit_velocity,JiT-B velocity,velocity,0.5,0.5,20,Attn10,376.8291282989085,958.2059268645464,2.94361819257389,955.2623086719726,0.2828853319227107,0.2483367957174778,0.2942354083061218,0.3474240750074386,0.4008524149656295,0
plain_jit_velocity,JiT-B velocity,velocity,0.5,0.5,21,MLP10,335.657673291862,618.540843249832,2.622005464490549,615.9188377853415,0.3527385022481176,0.3104904443025589,0.3670100718736648,0.433178998529911,0.5008330047130585,0
plain_jit_velocity,JiT-B velocity,velocity,0.5,0.5,22,Attn11,338.83043056726456,522.4464190572209,2.646789604927505,519.7996294522934,0.3946174800350533,0.349892258644104,0.4083750545978546,0.4738029241561889,0.5374838292598725,0
plain_jit_velocity,JiT-B velocity,velocity,0.5,0.5,23,MLP11,332.287695242092,609.8766524702545,2.5956807248382336,607.2809717454163,0.3536598302149531,0.3119992464780807,0.3659981191158294,0.4289504587650299,0.4911295592784881,0
plain_jit_velocity,JiT-B velocity,velocity,0.25,0.75,0,Attn0,7.2174818040803075,0.3514081683731906,0.0563796934673517,0.2950284749058389,0.9607283765413156,0.952514871954918,0.9632523655891418,0.972289815545082,0.9795428454875946,0
plain_jit_velocity,JiT-B velocity,velocity,0.25,0.75,1,MLP0,7.384491586533841,1.88728391208456,0.0576842981198298,1.8295996139647304,0.8014346098651888,0.7651514410972595,0.8226589560508728,0.8693414926528931,0.904473841190338,0
plain_jit_velocity,JiT-B velocity,velocity,0.25,0.75,2,Attn1,9.87427309481427,2.746373143267764,0.0771333417125927,2.669239801555171,0.7872015739444291,0.7493481934070587,0.8150341212749481,0.8658489733934402,0.9024288594722748,0
plain_jit_velocity,JiT-B velocity,velocity,0.25,0.75,3,MLP1,9.92092433408834,3.2798760841741537,0.0774977600293327,3.2023783241448207,0.7559777132674947,0.7130896747112274,0.7838822901248932,0.8417264521121979,0.8854749381542206,0
plain_jit_velocity,JiT-B velocity,velocity,0.25,0.75,4,Attn2,384.509102858603,53.52042981705551,3.0036106696270157,50.51681914742849,0.8838763011765353,0.862266942858696,0.8936416804790497,0.9199299514293672,0.9395695805549622,0
plain_jit_velocity,JiT-B velocity,velocity,0.25,0.75,5,MLP2,392.8603531718254,96.93475807483406,3.068846848326132,93.86591122650792,0.807148456756201,0.7741214334964752,0.8296872675418854,0.8720089495182037,0.9006164908409119,0
plain_jit_velocity,JiT-B velocity,velocity,0.25,0.75,6,Attn3,944.7209446281196,686.9703034459061,7.37973142380612,679.5905720221,0.5816131542158834,0.5312148332595825,0.6109312176704407,0.6857828795909882,0.751637887954712,0
plain_jit_velocity,JiT-B velocity,velocity,0.25,0.75,7,MLP3,961.7611519247292,897.6151848454891,7.51284179250284,890.1023430529863,0.5193477567504524,0.4670224636793136,0.5477470755577087,0.6268481910228729,0.6947619378566742,0
plain_jit_velocity,JiT-B velocity,velocity,0.25,0.75,8,Attn4,1014.2049984782934,1033.1300249467715,7.922509329353048,1025.2075156174185,0.4973025277958531,0.4470550939440727,0.5229648649692535,0.600691556930542,0.6679987490177155,0
plain_jit_velocity,JiT-B velocity,velocity,0.25,0.75,9,MLP4,1121.8798770159483,1666.706706492011,8.763616631162293,1657.943089860849,0.4035796129407511,0.3615482673048973,0.4233595579862594,0.4902986735105514,0.5509341597557068,0
plain_jit_velocity,JiT-B velocity,velocity,0.25,0.75,10,Attn5,1090.7640445828438,1424.21607027807,8.520553864648889,1415.695516413421,0.4351811860668073,0.3888419419527054,0.4560444355010986,0.5274467766284943,0.594450044631958,0
plain_jit_velocity,JiT-B velocity,velocity,0.25,0.75,11,MLP5,1261.8289611637592,2072.7265841227368,9.85683538521991,2062.869748737517,0.3795318226598728,0.3391678556799888,0.3973617255687713,0.4602483958005905,0.5205733478069307,0
plain_jit_velocity,JiT-B velocity,velocity,0.25,0.75,12,Attn6,1271.7793259620669,2108.985764647226,9.93456312079934,2099.0512015264267,0.3772896072914208,0.3369152620434761,0.3955699801445007,0.459860160946846,0.5198425889015198,0
plain_jit_velocity,JiT-B velocity,velocity,0.25,0.75,13,MLP6,1398.343538865447,2489.451647904134,10.923225333067776,2478.528422571066,0.3606886048275149,0.3221848011016845,0.3776839524507522,0.4383386000990867,0.4952670007944107,0
plain_jit_velocity,JiT-B velocity,velocity,0.25,0.75,14,Attn7,1372.544404014945,2391.420166364488,10.721694196020522,2380.698472168467,0.3656955995905744,0.326523520052433,0.383626326918602,0.4459961503744125,0.5034640491008759,0
plain_jit_velocity,JiT-B velocity,velocity,0.25,0.75,15,MLP7,1361.3668197095394,2464.290859196344,10.634379978409612,2453.6564792179347,0.3568436449896029,0.3175197243690491,0.3748957961797714,0.4376447573304176,0.4963311553001404,0
plain_jit_velocity,JiT-B velocity,velocity,0.25,0.75,16,Attn8,1342.4919806718826,2473.583003064571,10.486938298877137,2463.096064765694,0.3527686036015807,0.3132149577140808,0.3701061904430389,0.4324435517191887,0.4907982885837555,0
plain_jit_velocity,JiT-B velocity,velocity,0.25,0.75,17,MLP8,1346.5597884356976,2686.412117764727,10.51871416766815,2675.8934035970588,0.3347608347818239,0.2971985414624214,0.3517084717750549,0.410333901643753,0.4658432275056839,0
plain_jit_velocity,JiT-B velocity,velocity,0.25,0.75,18,Attn9,1325.4280410557983,2622.3580027015328,10.353642544067426,2612.0043601574653,0.3366224244630553,0.2983467876911163,0.352856770157814,0.4123792350292206,0.4693983614444733,0
plain_jit_velocity,JiT-B velocity,velocity,0.25,0.75,19,MLP9,1146.9904045760632,2097.276965770112,8.959768680460485,2088.3171970896515,0.3545228292931186,0.3126849085092544,0.3721998184919357,0.4406519830226898,0.5035229325294495,0
plain_jit_velocity,JiT-B velocity,velocity,0.25,0.75,20,Attn10,1127.190402276814,1722.4061696559163,8.805100045251258,1713.6010696106653,0.396787449353995,0.3522456735372543,0.4167621582746506,0.4851349219679832,0.5506178498268128,0
plain_jit_velocity,JiT-B velocity,velocity,0.25,0.75,21,MLP10,973.901670910418,1007.244535292446,7.6076780189773885,999.6368572734686,0.4934799381933696,0.4434417188167572,0.5168933868408203,0.594662070274353,0.6665921986103058,0
plain_jit_velocity,JiT-B velocity,velocity,0.25,0.75,22,Attn11,978.8892602697016,908.5991183588357,7.646638804310918,900.9524795545248,0.5207296122498227,0.4715842604637146,0.542210727930069,0.6176091134548187,0.6859405934810638,0
plain_jit_velocity,JiT-B velocity,velocity,0.25,0.75,23,MLP11,974.1002627238632,1047.7349900003749,7.609229328128016,1040.1257606722468,0.4836102063071699,0.4351877123117447,0.5056649148464203,0.5810740739107132,0.6522752404212951,0
deco_b_velocity,DeCO-B velocity,velocity,0.75,0.25,0,Attn0,0.1605910330745246,10.758040266252948,0.001254464294351,10.756785801958596,0.0147096720669381,0.0119746262207627,0.0162563901394605,0.0222440850920975,0.0304992482066154,0
deco_b_velocity,DeCO-B velocity,velocity,0.75,0.25,1,MLP0,0.1658174077929288,8.987110591985335,0.0012952903625792,8.985815301622756,0.0181188879687366,0.0148200406692922,0.0197430988773703,0.0267928899265825,0.0363505825400352,0
deco_b_velocity,DeCO-B velocity,velocity,0.75,0.25,2,Attn1,0.2086534606351051,8.249131350105126,0.0016299061737653,8.24750144393136,0.0246747443713961,0.0202650623396039,0.0270665362477302,0.0364828715100884,0.0488736629486084,0
deco_b_velocity,DeCO-B velocity,velocity,0.75,0.25,3,MLP1,0.2193999653281935,8.618365263496667,0.0017138529930145,8.616651410503652,0.0248300916321391,0.0204870961606502,0.0270677208900451,0.0360467191785573,0.0477803084999323,0
deco_b_velocity,DeCO-B velocity,velocity,0.75,0.25,4,Attn2,0.2677173018091707,8.779596482371675,0.0020912861052693,8.777505196266405,0.0295976469198108,0.0248231482692062,0.0324503611773252,0.0426081698387861,0.0550889786332845,0
deco_b_velocity,DeCO-B velocity,velocity,0.75,0.25,5,MLP2,0.2795897608266386,9.007263243279588,0.002184028368884,9.005079214910703,0.0301130564328423,0.0252537513151764,0.0327493026852607,0.042776527814567,0.0548017021268606,0
deco_b_velocity,DeCO-B velocity,velocity,0.75,0.25,6,Attn3,0.3514435256038268,9.08021567147764,0.0027453173811158,9.077470354096524,0.0372729595463221,0.0312986811622977,0.0403222870081663,0.052070714533329,0.0656964838504791,0
deco_b_velocity,DeCO-B velocity,velocity,0.75,0.25,7,MLP3,0.3602423892061779,9.15146829179572,0.0028140501117589,9.148654241683962,0.0378847728805792,0.0318729784339666,0.0409601144492626,0.0523787457495927,0.0655898563563823,0
deco_b_velocity,DeCO-B velocity,velocity,0.75,0.25,8,Attn4,0.3904544357301347,8.50395610973629,0.0030500529127745,8.500906056823515,0.0439139135183117,0.0368467643857002,0.0475240554660558,0.0608153333887457,0.0762841872870922,0
deco_b_velocity,DeCO-B velocity,velocity,0.75,0.25,9,MLP4,0.4268496476906875,9.458689241488932,0.0033343557970375,9.455354885691897,0.0431937677720358,0.0365834785625338,0.0465880017727613,0.0592734469100832,0.0731049455702305,0
deco_b_velocity,DeCO-B velocity,velocity,0.75,0.25,10,Attn5,0.5198823295868351,9.084580905037733,0.0040610849014718,9.08051982013626,0.0541521408664979,0.0454332390800118,0.0581191517412662,0.0740350019186735,0.092218005657196,0
deco_b_velocity,DeCO-B velocity,velocity,0.75,0.25,11,MLP5,0.5810042960547435,10.27395615536798,0.0045385419740528,10.269417613393928,0.0535467008475309,0.0452820137143135,0.0574488919228315,0.0726971626281738,0.0900134161114692,0
deco_b_velocity,DeCO-B velocity,velocity,0.75,0.25,12,Attn6,0.6200068169528095,9.236553949961417,0.0048432119728664,9.23171073798855,0.0629338806654917,0.0535216890275478,0.0672620572149753,0.0844662152230739,0.1038469441235065,0
deco_b_velocity,DeCO-B velocity,velocity,0.75,0.25,13,MLP6,0.6962928068714973,10.931639464840735,0.0054391235171169,10.92620034132362,0.0599090744122853,0.0514365714043378,0.0642417408525943,0.0795024968683719,0.0966407939791679,0
deco_b_velocity,DeCO-B velocity,velocity,0.75,0.25,14,Attn7,0.714382780406595,9.375506397180946,0.0055804341834167,9.36992596299753,0.0708410262501982,0.0607188697904348,0.0750908404588699,0.0926618408411741,0.1122998498380184,0
deco_b_velocity,DeCO-B velocity,velocity,0.75,0.25,15,MLP7,0.8181191419535025,11.025719410351,0.0063907755772982,11.019328634773702,0.069112798416053,0.0594630120322108,0.0734851323068142,0.0896045360714197,0.1075149036943912,0
deco_b_velocity,DeCO-B velocity,velocity,0.75,0.25,16,Attn8,0.726854919372272,9.161367970585603,0.0056778608747275,9.155690109710877,0.0735493657993184,0.0629347953945398,0.0786810591816902,0.096369732171297,0.116417371481657,0
deco_b_velocity,DeCO-B velocity,velocity,0.75,0.25,17,MLP8,0.8786548635289364,12.364035260368304,0.0068636531707434,12.35717160719756,0.0663845862192471,0.0568513572216033,0.070525012910366,0.0862785093486309,0.1023300565779209,0
deco_b_velocity,DeCO-B velocity,velocity,0.75,0.25,18,Attn9,0.731209937021049,11.294954683493096,0.0057118802968401,11.289242803196256,0.0608304822475289,0.0515888854861259,0.064349316060543,0.0790718384087085,0.0946616142988205,0
deco_b_velocity,DeCO-B velocity,velocity,0.75,0.25,19,MLP9,0.794487681134342,11.995382983045957,0.0062061773263658,11.989176805719593,0.0621486649584203,0.052958651445806,0.0658082328736782,0.0807076208293438,0.0960307508707046,0
deco_b_velocity,DeCO-B velocity,velocity,0.75,0.25,20,Attn10,0.7051847837283276,10.027769900705648,0.0055085836062609,10.022261317099389,0.0657365021553374,0.052653425373137,0.0687668956816196,0.0873661134392023,0.1062018811702728,0
deco_b_velocity,DeCO-B velocity,velocity,0.75,0.25,21,MLP10,0.8285115529561153,12.127236621736316,0.0064719563772807,12.120764665359037,0.0639813020425256,0.0509893996641039,0.0665474124252796,0.0842575877904892,0.1023163571953773,0
deco_b_velocity,DeCO-B velocity,velocity,0.75,0.25,22,Attn11,0.6989432967266112,11.32018105480836,0.0054598279414059,11.314721226866952,0.0581790256714727,0.0449224347248673,0.0599988549947738,0.0773630142211914,0.0954696640372276,0
deco_b_velocity,DeCO-B velocity,velocity,0.75,0.25,23,MLP11,0.7429685327324478,13.168936593854797,0.0058037331119646,13.163132860742833,0.0534275216115601,0.0410342225804924,0.054982628673315,0.070864288136363,0.0873059436678886,0
deco_b_velocity,DeCO-B velocity,velocity,0.5,0.5,0,Attn0,0.642243063011847,4.785429815201003,0.0050169114390659,4.780412903761937,0.1184369923054422,0.0983310919255018,0.1295086964964866,0.1699913889169693,0.2206669822335243,0
deco_b_velocity,DeCO-B velocity,velocity,0.5,0.5,1,MLP0,0.6467457037506392,4.129926366395843,0.0050520840257849,4.124874282370058,0.1355400693332329,0.1133241057395935,0.1463498473167419,0.1898352727293968,0.2428563669323921,0
deco_b_velocity,DeCO-B velocity,velocity,0.5,0.5,2,Attn1,0.702168337214971,3.9388207801261834,0.0054850204945829,3.9333357596316,0.1514761550297496,0.1273334510624408,0.1643729135394096,0.211382869631052,0.2667529791593552,0
deco_b_velocity,DeCO-B velocity,velocity,0.5,0.5,3,MLP1,0.7285949818688096,4.022561799627362,0.0056914534535288,4.0168703461738335,0.1535349921457191,0.129234954714775,0.1660271808505058,0.2125347293913364,0.267753878235817,0
deco_b_velocity,DeCO-B velocity,velocity,0.5,0.5,4,Attn2,0.7182313835437526,3.946951460432439,0.0056104977251118,3.941340962707328,0.1541410520477517,0.1307556703686714,0.1671680361032486,0.2120656929910183,0.2647888273000717,0
deco_b_velocity,DeCO-B velocity,velocity,0.5,0.5,5,MLP2,0.7575143312933506,4.153715073449858,0.0059173582912672,4.147797715158591,0.1544273481727361,0.1312776356935501,0.1660270243883133,0.2083178870379924,0.258077996969223,0
deco_b_velocity,DeCO-B velocity,velocity,0.5,0.5,6,Attn3,0.7568587500718422,4.158902566168055,0.0059122371881851,4.15299032897987,0.1541511231579488,0.1312705837190151,0.1659109964966774,0.2070182003080845,0.2530560046434403,0
deco_b_velocity,DeCO-B velocity,velocity,0.5,0.5,7,MLP3,0.7855431926946039,4.259040072601927,0.0061363070405592,4.252903765561368,0.155909787123474,0.1330789998173713,0.1666808798909187,0.2065902650356292,0.2508987873792648,0
deco_b_velocity,DeCO-B velocity,velocity,0.5,0.5,8,Attn4,0.7903883984836284,4.098255749614642,0.0061741555900377,4.092081594024605,0.1618828993719198,0.1382818706333637,0.1732866615056991,0.2146776989102363,0.2591241121292115,0
deco_b_velocity,DeCO-B velocity,velocity,0.5,0.5,9,MLP4,0.8865243684340385,4.554666456662701,0.0069251261728698,4.54774133048983,0.1631359998848776,0.1404723860323429,0.1737127751111984,0.2120825760066509,0.253402242064476,0
deco_b_velocity,DeCO-B velocity,velocity,0.5,0.5,10,Attn5,1.0202733148253174,4.466130350785891,0.0079699122636167,4.458160438522274,0.1862344897758196,0.1604760736227035,0.1970972418785095,0.2404748946428299,0.2850999176502228,0
deco_b_velocity,DeCO-B velocity,velocity,0.5,0.5,11,MLP5,1.1910715382400667,5.5333313063416085,0.0093041104981655,5.524027195843443,0.1773721557055596,0.1541920788586139,0.1868364363908767,0.2252502627670765,0.265171492099762,0
deco_b_velocity,DeCO-B velocity,velocity,0.5,0.5,12,Attn6,1.2982510493602604,5.2323699054231465,0.010141348214445,5.222228557208702,0.1991036131839683,0.1743110679090023,0.2087141871452331,0.2479949779808521,0.2901824176311492,0
deco_b_velocity,DeCO-B velocity,velocity,0.5,0.5,13,MLP6,1.5003013233508682,6.583966893767777,0.0117196732898397,6.572247220477937,0.1858522516408772,0.1641417220234871,0.1948553845286369,0.2294322475790977,0.2652385413646698,0
deco_b_velocity,DeCO-B velocity,velocity,0.5,0.5,14,Attn7,1.509912324108882,5.750701442375996,0.0117947500674971,5.738906692308499,0.2082976993478771,0.1839413568377494,0.2172361835837364,0.2540686950087547,0.2926693022251129,0
deco_b_velocity,DeCO-B velocity,velocity,0.5,0.5,15,MLP7,1.7785047461293289,7.241885137266165,0.0138928722148373,7.227992265051328,0.1974690874733534,0.1749740168452263,0.2052496969699859,0.2389694601297378,0.2732697784900665,0
deco_b_velocity,DeCO-B velocity,velocity,0.5,0.5,16,Attn8,1.5603662808571244,5.828528164753766,0.01218887348795,5.816339291265816,0.2115261705379501,0.187041774392128,0.220852717757225,0.2583200335502624,0.2969669103622436,0
deco_b_velocity,DeCO-B velocity,velocity,0.5,0.5,17,MLP8,1.9752532884813263,8.097862362689705,0.0154297825679307,8.082432580121774,0.1963924221025275,0.1747010573744774,0.2052684798836708,0.2379585094749927,0.271154135465622,0
deco_b_velocity,DeCO-B velocity,velocity,0.5,0.5,18,Attn9,1.5298271467836455,6.636771407132873,0.0119503156273888,6.624821091505484,0.1876018562763423,0.1649304702877998,0.1964332014322281,0.2308888547122478,0.2650145143270493,0
deco_b_velocity,DeCO-B velocity,velocity,0.5,0.5,19,MLP9,1.7364541667193407,7.525389213442036,0.0135643921657544,7.5118248212762815,0.1877597084790888,0.166666492819786,0.1967267915606498,0.2293707095086574,0.2611347615718841,0
deco_b_velocity,DeCO-B velocity,velocity,0.5,0.5,20,Attn10,1.2911413194487975,6.335596546844749,0.0100858102298785,6.32551073661487,0.1695155968718449,0.1425638981163501,0.1767854690551757,0.2142604328691959,0.2498401656746864,0
deco_b_velocity,DeCO-B velocity,velocity,0.5,0.5,21,MLP10,1.5774858548866175,8.07569293850749,0.0123226038335574,8.063370334673934,0.1636250789213901,0.1374260522425174,0.1700453758239746,0.2051708213984966,0.2378393292427063,0
deco_b_velocity,DeCO-B velocity,velocity,0.5,0.5,22,Attn11,1.2034299683218703,7.192929697866085,0.0094006489472622,7.183529048918823,0.1434882376136611,0.1171924006193876,0.1484751254320144,0.1834079325199127,0.2160299807786941,0
deco_b_velocity,DeCO-B velocity,velocity,0.5,0.5,23,MLP11,1.3118168449145742,8.90105205601554,0.0102473180548622,8.890804737960678,0.128576448147054,0.104010172188282,0.1337316557765007,0.1644868664443493,0.1949950069189071,0
deco_b_velocity,DeCO-B velocity,velocity,0.25,0.75,0,Attn0,1.4449918787722709,1.2063676596356918,0.0112876210012661,1.1950800386344256,0.5473304985538671,0.4953601211309433,0.5723499953746796,0.6483594328165054,0.7182536005973816,0
deco_b_velocity,DeCO-B velocity,velocity,0.25,0.75,1,MLP0,1.4632025203463854,1.2059823647668264,0.0114298742715427,1.1945524904952836,0.550540781365327,0.499069981276989,0.5731302201747894,0.6468683779239655,0.7150203227996826,0
deco_b_velocity,DeCO-B velocity,velocity,0.25,0.75,2,Attn1,1.4307981771125924,1.234724823953742,0.0111767462432186,1.2235480777105234,0.539039763374029,0.4878366217017174,0.5636663734912872,0.6377249509096146,0.704755163192749,0
deco_b_velocity,DeCO-B velocity,velocity,0.25,0.75,3,MLP1,1.480844167876057,1.4038911603671709,0.0115676828184821,1.3923234775486883,0.5154047207214536,0.464835561811924,0.5394512712955475,0.6132427304983139,0.6818407595157624,0
deco_b_velocity,DeCO-B velocity,velocity,0.25,0.75,4,Attn2,1.329358200004208,1.4391262715594146,0.0103843431627602,1.4287419283966545,0.4819832994152266,0.4326243177056312,0.5069056749343872,0.581257700920105,0.6501769542694092,0
deco_b_velocity,DeCO-B velocity,velocity,0.25,0.75,5,MLP2,1.4181661053589778,1.6536415677133265,0.0110780702295259,1.6425634974838006,0.4633424997888731,0.4161408394575119,0.4842514991760254,0.5539208203554153,0.618585592508316,0
deco_b_velocity,DeCO-B velocity,velocity,0.25,0.75,6,Attn3,1.237251521073631,1.685262684053641,0.0096648475733891,1.6755978364802522,0.4247564392113415,0.3779604583978653,0.445646196603775,0.5159611999988556,0.5802830755710602,0
deco_b_velocity,DeCO-B velocity,velocity,0.25,0.75,7,MLP3,1.2997362199239433,1.8315366949388328,0.0101529496931047,1.8213837452457284,0.4164326377801651,0.3719193711876869,0.4355553984642029,0.5014267265796661,0.5627990484237672,0
deco_b_velocity,DeCO-B velocity,velocity,0.25,0.75,8,Attn4,1.2215263033867814,1.807944180381132,0.0095420093069468,1.7984021710741849,0.4044884882926952,0.359944686293602,0.4236567169427871,0.4913248419761657,0.5516393542289734,0
deco_b_velocity,DeCO-B velocity,velocity,0.25,0.75,9,MLP4,1.3979402135155397,2.080035833299297,0.0109200747384126,2.0691157585608844,0.4032067047011968,0.3610158637166023,0.4199304133653641,0.4824106693267822,0.5400942027568817,0
deco_b_velocity,DeCO-B velocity,velocity,0.25,0.75,10,Attn5,1.509613983289455,2.110876759471443,0.0117924195643653,2.099084339907077,0.4183264568239832,0.3751974180340767,0.4344368875026703,0.4978012368083,0.5548040747642518,0
deco_b_velocity,DeCO-B velocity,velocity,0.25,0.75,11,MLP5,1.855192443646956,2.9087453742435105,0.0144919217166063,2.8942534525269044,0.3906123965200854,0.3504436686635017,0.403871938586235,0.4604963436722755,0.5136274039745331,0
deco_b_velocity,DeCO-B velocity,velocity,0.25,0.75,12,Attn6,2.0275214841385605,2.915964820617931,0.0158380779996671,2.900126742618264,0.4114582435347646,0.3712262585759163,0.4241690188646316,0.4805834367871284,0.5327207207679749,0
deco_b_velocity,DeCO-B velocity,velocity,0.25,0.75,13,MLP6,2.4156607529439498,3.970325648802446,0.0188700458787573,3.951455602923689,0.3793963574605934,0.3422025665640831,0.3908207416534424,0.4429854974150657,0.4943638116121292,0
deco_b_velocity,DeCO-B velocity,velocity,0.25,0.75,14,Attn7,2.3766519349446757,3.4935875414309936,0.0185653266898458,3.475022214741148,0.4061490565178305,0.3680862709879875,0.4180070906877517,0.4712567329406738,0.5236447989940644,0
deco_b_velocity,DeCO-B velocity,velocity,0.25,0.75,15,MLP7,2.8539754139637807,4.635919840901752,0.02229396115854,4.613625879743212,0.3821810112396933,0.3456502631306648,0.3927689492702484,0.4449764639139175,0.4948624730110168,0
deco_b_velocity,DeCO-B velocity,velocity,0.25,0.75,16,Attn8,2.456327267849701,3.551905615926277,0.0191877142438477,3.532717901682429,0.4101367076584583,0.373113751411438,0.4227448850870132,0.4767724797129631,0.5284083724021912,0
deco_b_velocity,DeCO-B velocity,velocity,0.25,0.75,17,MLP8,3.219525135020376,5.095756028815231,0.0251494697389143,5.0706065590763165,0.3883563318195491,0.3532938882708549,0.4013342261314392,0.4518982768058777,0.5019342184066773,0
deco_b_velocity,DeCO-B velocity,velocity,0.25,0.75,18,Attn9,2.330686625035014,3.756247875188594,0.0182062665421121,3.738041608646482,0.384048607103492,0.3479792103171348,0.3981232643127441,0.4522566422820091,0.5035593867301941,0
deco_b_velocity,DeCO-B velocity,velocity,0.25,0.75,19,MLP9,2.7644150138366967,4.574060617465098,0.0215943559440006,4.552466261521097,0.3778132936428598,0.3434445112943649,0.3924868255853653,0.4440073519945144,0.4921861857175827,0
deco_b_velocity,DeCO-B velocity,velocity,0.25,0.75,20,Attn10,1.75495281413896,3.650658604027114,0.0137088952070352,3.636949708820079,0.3254793288020819,0.2882768660783767,0.3418020904064178,0.3988677561283111,0.4498309820890426,0
deco_b_velocity,DeCO-B velocity,velocity,0.25,0.75,21,MLP10,2.1693914371426217,4.948893542666189,0.0169463017097808,4.931947240956409,0.3054904906638462,0.2685226276516914,0.3199772089719772,0.3747819438576698,0.4239049673080445,0
deco_b_velocity,DeCO-B velocity,velocity,0.25,0.75,22,Attn11,1.5045120001814212,4.178288524128559,0.011752565186964,4.166535958941594,0.265296998196094,0.2294055745005607,0.2802811712026596,0.3352017477154732,0.3840094566345215,0
deco_b_velocity,DeCO-B velocity,velocity,0.25,0.75,23,MLP11,1.6920961842188262,5.905714765543814,0.0132178877305378,5.892496877813276,0.2230965023936922,0.1883459910750389,0.2377665340900421,0.2872755602002144,0.333024463057518,0
pixeldit_b_velocity,PixelDiT-B velocity,velocity,0.75,0.25,0,Attn0,0.2566475600688136,30.055462685928827,0.0020048143048512,30.053457871623976,0.0084673925218504,0.006903191213496,0.0094817201606929,0.0131807951256632,0.0181038385257124,0
pixeldit_b_velocity,PixelDiT-B velocity,velocity,0.75,0.25,1,MLP0,0.2603552673099329,21.82817261840187,0.0020337772317272,21.826138841170145,0.011787985274221,0.009629177628085,0.0129978018812835,0.0177934532985091,0.0241215240210294,0
pixeldit_b_velocity,PixelDiT-B velocity,velocity,0.75,0.25,2,Attn1,0.4326548788631044,23.55245513467328,0.0033797036292721,23.54907543104401,0.0180410201128969,0.0146153704263269,0.0200044186785817,0.0272083934396505,0.0361377365887165,0
pixeldit_b_velocity,PixelDiT-B velocity,velocity,0.75,0.25,3,MLP1,0.4956324908744136,29.65629504544636,0.0038716561629794,29.65242338928338,0.0164399486601926,0.0134266186505556,0.0179255492985248,0.024112703744322,0.0319309707731008,0
pixeldit_b_velocity,PixelDiT-B velocity,velocity,0.75,0.25,4,Attn2,0.737613824334403,32.464936050121004,0.0057619045592528,32.459174145561754,0.0222194335489112,0.0184729765169322,0.0241236202418804,0.0315813096240162,0.0404536966234445,0
pixeldit_b_velocity,PixelDiT-B velocity,velocity,0.75,0.25,5,MLP2,0.8219898913666839,39.51327898290412,0.0064210121156544,39.50685797078847,0.0203821813649688,0.0169820925220847,0.0219917213544249,0.0285865915939211,0.036285825073719,0
pixeldit_b_velocity,PixelDiT-B velocity,velocity,0.75,0.25,6,Attn3,1.0241770823631668,46.823851883412,0.0080004067245833,46.81585147668742,0.0214083710485036,0.0179736190475523,0.0230445461347699,0.0297059104777872,0.0371523886919021,0
pixeldit_b_velocity,PixelDiT-B velocity,velocity,0.75,0.25,7,MLP3,1.065702804349712,52.06304690495772,0.0083247868255886,52.05472211813213,0.020062015804747,0.0168654713779687,0.021526007913053,0.0276105324737727,0.0344523046165704,0
pixeldit_b_velocity,PixelDiT-B velocity,velocity,0.75,0.25,8,Attn4,1.584301172522828,56.77094691256337,0.0123758420029969,56.75857107056037,0.0271550081717249,0.0224917135201394,0.0287952646613121,0.0367709752172231,0.0459284286946058,0
pixeldit_b_velocity,PixelDiT-B velocity,velocity,0.75,0.25,9,MLP4,1.715837625095446,61.32755626555888,0.0134033450957839,61.3141529204631,0.0272225588207129,0.0225848001427948,0.0288660731166601,0.0366757810115814,0.0456127654761076,0
pixeldit_b_velocity,PixelDiT-B velocity,velocity,0.75,0.25,10,Attn5,1.8780316552874865,57.43745091864012,0.0146703312763784,57.42278058736374,0.0316695772665444,0.0261909919790923,0.0335649903863668,0.0425022477284073,0.0526648309081792,0
pixeldit_b_velocity,PixelDiT-B velocity,velocity,0.75,0.25,11,MLP5,2.1703207479440607,68.56575468213059,0.0169535610641572,68.54880112106643,0.0306893056727151,0.0255837929435074,0.0324491448700428,0.04092354234308,0.0504513688385486,0
pixeldit_b_velocity,PixelDiT-B velocity,velocity,0.75,0.25,12,Attn6,2.5291754754725844,69.55926719473229,0.0197567713924369,69.53951042333985,0.0350939585470402,0.0292248683981597,0.0370076354593038,0.0465567493811249,0.0572579849511385,0
pixeldit_b_velocity,PixelDiT-B velocity,velocity,0.75,0.25,13,MLP6,2.625259991109488,74.94385092075761,0.0205073400375154,74.9233435807201,0.033853091741076,0.028263472020626,0.0356469992548227,0.0446388842537999,0.0548299141228199,0
pixeldit_b_velocity,PixelDiT-B velocity,velocity,0.75,0.25,14,Attn7,3.3832065985770896,71.60896095164075,0.0264280750741433,71.58253287656662,0.0451300370311007,0.0372340586036443,0.0472602192312479,0.0591816008090972,0.072238639742136,0
pixeldit_b_velocity,PixelDiT-B velocity,velocity,0.75,0.25,15,MLP7,3.792680645987275,82.50259361769719,0.0296267005646531,82.47296691713254,0.043965132739683,0.0364478835836052,0.0459944400936365,0.0574861299246549,0.0701008014380932,0
pixeldit_b_velocity,PixelDiT-B velocity,velocity,0.75,0.25,16,Attn8,4.350902432313887,79.50284329379133,0.0339872759085493,79.46885601788279,0.0519078378745158,0.0434158742427825,0.0544090643525123,0.0670802779495716,0.0806592166423797,0
pixeldit_b_velocity,PixelDiT-B velocity,velocity,0.75,0.25,17,MLP8,5.333024438063148,96.09433610270744,0.041659167453933,96.0526769352535,0.0526013467957004,0.0440946798771619,0.0551877561956644,0.0678139440715313,0.0809773996472358,0
pixeldit_b_velocity,PixelDiT-B velocity,velocity,0.75,0.25,18,Attn9,6.664992134144995,101.55474162647752,0.0520638948161903,101.50267773166132,0.0616172294587989,0.0526282787322998,0.0644924528896808,0.0779503118246793,0.0910974867641926,0
pixeldit_b_velocity,PixelDiT-B velocity,velocity,0.75,0.25,19,MLP9,7.446802974300226,113.21639045295376,0.0581710464119845,113.15821940654176,0.0617453803108214,0.0520337224006652,0.0644951984286308,0.0783967692404985,0.0926135376095771,0
pixeldit_b_velocity,PixelDiT-B velocity,velocity,0.75,0.25,20,Attn10,8.225149119534763,110.1612978396514,0.0642511333829014,110.0970467062685,0.0695148451406701,0.0592679567635059,0.0727190896868705,0.0875313952565193,0.1020908407866955,0
pixeldit_b_velocity,PixelDiT-B velocity,velocity,0.75,0.25,21,MLP10,10.322684648825089,172.86844092763616,0.08063612933972,172.78780479829643,0.0563740760018342,0.0475057968869805,0.0594213511794805,0.0721416473388671,0.0852843604981899,0
pixeldit_b_velocity,PixelDiT-B velocity,velocity,0.75,0.25,22,Attn11,11.959716229204789,189.36194388814803,0.0934238773664631,189.2685200107816,0.0594335887084034,0.050140949897468,0.0624356474727392,0.0752208177000284,0.0884562253952026,0
pixeldit_b_velocity,PixelDiT-B velocity,velocity,0.75,0.25,23,MLP11,16.294524645607453,405.5772057011836,0.1272854341241556,405.4499202670594,0.0386360148714742,0.0316050797700881,0.0414202101528644,0.0516141774132847,0.0622983828186988,0
pixeldit_b_velocity,PixelDiT-B velocity,velocity,0.5,0.5,0,Attn0,1.026248282258166,13.364895233635432,0.0080165859985128,13.356878647636918,0.0713508465342905,0.0588553342968225,0.079277366399765,0.1072933189570903,0.1422779187560081,0
pixeldit_b_velocity,PixelDiT-B velocity,velocity,0.5,0.5,1,MLP0,1.0483274322759826,11.299453070957446,0.0081890583017087,11.291264012655738,0.0849564134237657,0.0701046008616685,0.093344897031784,0.1240936405956745,0.1614928990602493,0
pixeldit_b_velocity,PixelDiT-B velocity,velocity,0.5,0.5,2,Attn1,1.346356033172924,11.951965313115958,0.0105171225239938,11.941448190591965,0.1013226873680906,0.0844962503761053,0.111686848104,0.1469670943915844,0.1868052393198013,0
pixeldit_b_velocity,PixelDiT-B velocity,velocity,0.5,0.5,3,MLP1,1.479785897041438,14.583620286331806,0.0115594160868324,14.572060870244972,0.0921878908075072,0.076521260663867,0.1006659939885139,0.1317446939647197,0.1701023951172829,0
pixeldit_b_velocity,PixelDiT-B velocity,velocity,0.5,0.5,4,Attn2,1.6974272674851818,16.539864662928654,0.013259531734439,16.526605131194216,0.0931422437335101,0.0787405148148536,0.1022360436618328,0.1309951394796371,0.1641429334878921,0
pixeldit_b_velocity,PixelDiT-B velocity,velocity,0.5,0.5,5,MLP2,1.945510910998564,21.49041720235352,0.0151974486083881,21.47521975374513,0.0830678999236873,0.0702657625079155,0.0901994444429874,0.1153585780411958,0.1442358165979385,0
pixeldit_b_velocity,PixelDiT-B velocity,velocity,0.5,0.5,6,Attn3,2.116331297365832,24.09807652208888,0.0165318199698672,24.08154470211901,0.0807825526545529,0.0684301666915416,0.0876712575554847,0.1115583553910255,0.1376285821199417,0
pixeldit_b_velocity,PixelDiT-B velocity,velocity,0.5,0.5,7,MLP3,2.197310448245844,26.74437487887516,0.0171643923583809,26.72721048651678,0.0759670472400125,0.064262805506587,0.0821873545646667,0.1045794896781444,0.1282797574996948,0
pixeldit_b_velocity,PixelDiT-B velocity,velocity,0.5,0.5,8,Attn4,2.7314738468267024,28.574558875040143,0.0213370344918799,28.553221840548265,0.0873102258728058,0.073401179164648,0.0936676897108554,0.1183703560382127,0.144888786971569,0
pixeldit_b_velocity,PixelDiT-B velocity,velocity,0.5,0.5,9,MLP4,2.9367947240243666,31.16624605636434,0.0229409080357395,31.1433051483286,0.0861733015755274,0.0728835109621286,0.0925514549016952,0.1159839890897274,0.1407670438289642,0
pixeldit_b_velocity,PixelDiT-B velocity,velocity,0.5,0.5,10,Attn5,2.9868083242035937,30.09449680514118,0.0233315915904537,30.071165213550724,0.0903506175535069,0.0758670419454574,0.096667356789112,0.1214481238275766,0.1466551154851913,0
pixeldit_b_velocity,PixelDiT-B velocity,velocity,0.5,0.5,11,MLP5,3.5880165081180166,37.02870446858488,0.0280279571704813,37.0006765114144,0.0883994098157179,0.0746682360768318,0.0942711383104324,0.1172103732824325,0.1407311931252479,0
pixeldit_b_velocity,PixelDiT-B velocity,velocity,0.5,0.5,12,Attn6,4.110468436556403,38.03815928938253,0.0321091146124205,38.00605017477011,0.0975975358858593,0.0822830144315958,0.1034857742488384,0.1286878511309623,0.1545109182596206,0
pixeldit_b_velocity,PixelDiT-B velocity,velocity,0.5,0.5,13,MLP6,4.3045751074678265,41.21645108103306,0.0336253878643693,41.18282569316869,0.0946322505067731,0.0801056642085313,0.1005383692681789,0.1243171449750661,0.1486315473914146,0
pixeldit_b_velocity,PixelDiT-B velocity,velocity,0.5,0.5,14,Attn7,5.327713480422972,40.96334303887009,0.041617680662293,40.9217253582078,0.1151952026707163,0.0965251717716455,0.1215137168765068,0.1493427567183971,0.1772219941020012,0
pixeldit_b_velocity,PixelDiT-B velocity,velocity,0.5,0.5,15,MLP7,6.24558910887572,48.69188517753008,0.0487877086551676,48.64309746887491,0.1137864557941052,0.096187924966216,0.1197545751929283,0.1458679065108299,0.1720596492290497,0
pixeldit_b_velocity,PixelDiT-B velocity,velocity,0.5,0.5,16,Attn8,7.410491091228323,49.48184570129968,0.0578873944551956,49.42395830684449,0.1303873120917329,0.1108550243079662,0.1367322281002998,0.1645866855978965,0.1921803280711174,0
pixeldit_b_velocity,PixelDiT-B velocity,velocity,0.5,0.5,17,MLP8,9.797067659645109,63.66675311835368,0.0765302478791743,63.5902228704745,0.1334981519126148,0.1143365167081356,0.1390525549650192,0.1655059270560741,0.1911477729678154,0
pixeldit_b_velocity,PixelDiT-B velocity,velocity,0.5,0.5,18,Attn9,12.68889943661634,69.52042342346756,0.0991199257710689,69.4213034976965,0.1545349905756207,0.1343685202300548,0.1606578975915908,0.1869380660355091,0.2132161498069763,0
pixeldit_b_velocity,PixelDiT-B velocity,velocity,0.5,0.5,19,MLP9,14.527038844360504,81.1151979800178,0.1134786369077271,81.00171934311007,0.1520697967815293,0.1312168836593628,0.1572108343243599,0.184290062636137,0.2109331130981445,0
pixeldit_b_velocity,PixelDiT-B velocity,velocity,0.5,0.5,20,Attn10,16.743722445622552,81.24042238380356,0.1307943635483687,81.10962802025519,0.1711103642941814,0.149399384856224,0.1771722957491874,0.2053504139184951,0.2327822715044022,0
pixeldit_b_velocity,PixelDiT-B velocity,velocity,0.5,0.5,21,MLP10,22.20785188418813,136.0389320237117,0.1734776637872552,135.86545435992446,0.1404908419508386,0.1206824723631143,0.1463327929377555,0.1726707108318805,0.1972030609846115,0
pixeldit_b_velocity,PixelDiT-B velocity,velocity,0.5,0.5,22,Attn11,25.814231426571496,147.74110911064415,0.2016490646505805,147.5394600459936,0.1489107685408409,0.1291803307831287,0.1552411913871765,0.18228505179286,0.2073496371507645,0
pixeldit_b_velocity,PixelDiT-B velocity,velocity,0.5,0.5,23,MLP11,38.28752950369381,375.9603252990466,0.2990848104140815,375.6612404886325,0.0924934008244632,0.0764284785836935,0.0985768809914588,0.1206324007362127,0.1422873765230179,0
pixeldit_b_velocity,PixelDiT-B velocity,velocity,0.25,0.75,0,Attn0,2.308891820575809,3.356756711000356,0.0180360154174198,3.3387206955829365,0.4088261745949622,0.3601339980959892,0.4366280734539032,0.5194490849971771,0.5988253355026245,0
pixeldit_b_velocity,PixelDiT-B velocity,velocity,0.25,0.75,1,MLP0,2.4271984455990605,4.201254470480687,0.0189601730994242,4.182294297381263,0.367229156606139,0.3200220018625259,0.3910287618637085,0.4697407186031341,0.5477034747600555,0
pixeldit_b_velocity,PixelDiT-B velocity,velocity,0.25,0.75,2,Attn1,2.5299686502257828,4.469189065287496,0.0197629673137658,4.44942609797373,0.3624911244457756,0.3168702498078346,0.388342946767807,0.4646745920181274,0.5380975484848023,0
pixeldit_b_velocity,PixelDiT-B velocity,velocity,0.25,0.75,3,MLP1,2.773159808537457,6.526983895520405,0.0216626663129141,6.505321229207491,0.2988807971106711,0.2575218230485916,0.3232651501893997,0.396839439868927,0.4692312210798264,0
pixeldit_b_velocity,PixelDiT-B velocity,velocity,0.25,0.75,4,Attn2,2.7774385156226344,7.320697710021022,0.021696089631524,7.299001620389498,0.2756368795063211,0.2387036047875881,0.3009186387062073,0.3702418655157089,0.4369221031665802,0
pixeldit_b_velocity,PixelDiT-B velocity,velocity,0.25,0.75,5,MLP2,3.2426505328621715,10.320191106986384,0.0253301148554554,10.294860992130928,0.2395307680348456,0.2053682133555412,0.2594719976186752,0.3224792703986168,0.3845514506101609,0
pixeldit_b_velocity,PixelDiT-B velocity,velocity,0.25,0.75,6,Attn3,3.1974813651759177,11.24130781919462,0.0249772738095817,11.216330545385038,0.2218345421056267,0.1903726384043693,0.2407689988613128,0.3001750409603119,0.3583208739757538,0
pixeldit_b_velocity,PixelDiT-B velocity,velocity,0.25,0.75,7,MLP3,3.31036274615326,12.502549304288657,0.0258590519463933,12.476690252342264,0.2096884546133297,0.1797734424471855,0.2276385948061943,0.2840505316853523,0.3391211271286011,0
pixeldit_b_velocity,PixelDiT-B velocity,velocity,0.25,0.75,8,Attn4,3.579782423010329,12.969896472730488,0.027963636233213,12.941932836497276,0.21667135444368,0.1852152943611145,0.23444764316082,0.2921789437532425,0.346991628408432,0
pixeldit_b_velocity,PixelDiT-B velocity,velocity,0.25,0.75,9,MLP4,3.84195673186332,14.19722184088926,0.0300116229922222,14.16721021789704,0.2133333952970236,0.1833279095590114,0.2306847050786018,0.2855638191103935,0.3364334911108017,0
pixeldit_b_velocity,PixelDiT-B velocity,velocity,0.25,0.75,10,Attn5,3.617908107873518,14.115570023835554,0.0282614567867202,14.087308567048831,0.2043413630174839,0.1750805526971817,0.2211195677518844,0.2739970609545707,0.3240683913230896,0
pixeldit_b_velocity,PixelDiT-B velocity,velocity,0.25,0.75,11,MLP5,4.464661031146534,17.604323673326242,0.0348759064732754,17.569447766852967,0.2026249880163923,0.1742124259471893,0.2172955721616745,0.2677554562687874,0.3136801362037659,0
pixeldit_b_velocity,PixelDiT-B velocity,velocity,0.25,0.75,12,Attn6,4.929101116053062,18.15624780034581,0.0385039017120271,18.11774389863378,0.2138731402459616,0.1838993914425373,0.228635087609291,0.2812139615416527,0.3284991323947906,0
pixeldit_b_velocity,PixelDiT-B velocity,velocity,0.25,0.75,13,MLP6,5.213218180084368,19.76316034024239,0.0407232953196249,19.722437044922764,0.2090668215069081,0.1801045648753643,0.223001591861248,0.2729174867272377,0.318471422791481,0
pixeldit_b_velocity,PixelDiT-B velocity,velocity,0.25,0.75,14,Attn7,5.939315835101297,19.840270015307624,0.0463952407887599,19.793874774518866,0.2308037089221624,0.1982828341424465,0.2455130442976951,0.297557882964611,0.3461347669363022,0
pixeldit_b_velocity,PixelDiT-B velocity,velocity,0.25,0.75,15,MLP7,7.357913325773552,24.37126340350143,0.0574766808046447,24.313786722696783,0.2323182309289684,0.2009846568107605,0.2452940419316291,0.2941354736685753,0.3400451242923737,0
pixeldit_b_velocity,PixelDiT-B velocity,velocity,0.25,0.75,16,Attn8,8.771690492227208,25.75789573985613,0.0685204666345911,25.689375273221543,0.2545391530235798,0.2198778204619884,0.2672584950923919,0.3172773793339729,0.3641197919845582,0
pixeldit_b_velocity,PixelDiT-B velocity,velocity,0.25,0.75,17,MLP8,12.628802460210864,35.70036782968091,0.0986504754558441,35.601717354225066,0.2618425534039325,0.2272006198763847,0.2721110135316849,0.3187371641397476,0.3649470895528793,0
pixeldit_b_velocity,PixelDiT-B velocity,velocity,0.25,0.75,18,Attn9,16.17381474195281,39.52910483458052,0.1263425031197886,39.40276233146073,0.2910185476264238,0.2546984255313873,0.301264226436615,0.3490781560540199,0.3969719171524047,0
pixeldit_b_velocity,PixelDiT-B velocity,velocity,0.25,0.75,19,MLP9,18.867935279326048,47.2589243397315,0.1473877505044552,47.11153658922704,0.2859667521576331,0.2489498443901538,0.2945722043514251,0.342021182179451,0.3898387938737869,0
pixeldit_b_velocity,PixelDiT-B velocity,velocity,0.25,0.75,20,Attn10,22.07786414900329,48.05463284340112,0.1724622585720882,47.88217058482903,0.3155782331012272,0.2793291360139847,0.3262849599123001,0.3746497705578804,0.4217668354511261,0
pixeldit_b_velocity,PixelDiT-B velocity,velocity,0.25,0.75,21,MLP10,30.65212117461488,84.1984907872036,0.2394404645359711,83.95905032266762,0.2674444451982733,0.2331863977015018,0.2782538086175918,0.3252807185053825,0.3708689928054809,0
pixeldit_b_velocity,PixelDiT-B velocity,velocity,0.25,0.75,22,Attn11,34.61530613899231,88.60861528117341,0.2703990674824581,88.33821621369096,0.2815316346912032,0.2484404742717743,0.2944608181715011,0.3417832478880882,0.3851372182369232,0
pixeldit_b_velocity,PixelDiT-B velocity,velocity,0.25,0.75,23,MLP11,59.16964291920885,309.46671224617666,0.4622064067375562,309.0045058394391,0.1607110198222982,0.1331356018781662,0.1732910200953483,0.2118151783943176,0.2507031679153442,0
dip_b_velocity,DiP-B velocity,velocity,0.75,0.25,0,Attn0,0.1506623333116294,16.816452579821625,0.0011769057961993,16.815275674025425,0.0088802831441724,0.0072067609289661,0.0099536934867501,0.0139340055175125,0.0194111678749322,0
dip_b_velocity,DiP-B velocity,velocity,0.75,0.25,1,MLP0,0.1508756543225899,16.06443448420604,0.0011785721631587,16.06325591204288,0.0093051948977375,0.0075451886514201,0.0104053639806807,0.0145937164779752,0.0201640170067548,0
dip_b_velocity,DiP-B velocity,velocity,0.75,0.25,2,Attn1,0.2621825825153792,13.382045214497529,0.0020480513891062,13.379997163108422,0.0192185257344584,0.0158537048846483,0.0214900616556406,0.0293649029918015,0.0393653970211744,0
dip_b_velocity,DiP-B velocity,velocity,0.75,0.25,3,MLP1,0.2708717835703282,10.616282528325,0.0021159274856801,10.61416660083932,0.0248847798238627,0.0206314017996191,0.0273010712116956,0.0365631999447941,0.049172130972147,0
dip_b_velocity,DiP-B velocity,velocity,0.75,0.25,4,Attn2,2.13004210460349,11.604128238237138,0.0166389225757667,11.58748931566137,0.1552788209004417,0.1313174553215503,0.1660143360495567,0.2107816375792026,0.2655416548252106,0
dip_b_velocity,DiP-B velocity,velocity,0.75,0.25,5,MLP2,2.139566090423614,11.897773785934346,0.0167133196322057,11.88106046630214,0.1526013179059572,0.1292063109576702,0.1625766232609748,0.2057922668755054,0.2583950817584991,0
dip_b_velocity,DiP-B velocity,velocity,0.75,0.25,6,Attn3,3.313667892565718,13.272814933068323,0.0258848702507074,13.246930062817617,0.2000934930908426,0.1714722551405429,0.211562268435955,0.2619871646165848,0.3180208086967468,0
dip_b_velocity,DiP-B velocity,velocity,0.75,0.25,7,MLP3,3.322419289703248,13.210055231964033,0.0259532321948617,13.18410199976917,0.2012791933223526,0.172867652028799,0.2125931233167648,0.2631166726350784,0.318995064496994,0
dip_b_velocity,DiP-B velocity,velocity,0.75,0.25,8,Attn4,3.803473355917959,14.96468706826538,0.0297110083182563,14.934976059947122,0.2029769524418447,0.1742982417345047,0.2148459702730178,0.263894110918045,0.3177083462476731,0
dip_b_velocity,DiP-B velocity,velocity,0.75,0.25,9,MLP4,3.859671606682241,15.985548506900749,0.0301500035575239,15.955398503343222,0.1947846555803723,0.167724322527647,0.2065717205405235,0.2523733675479889,0.3024580866098404,0
dip_b_velocity,DiP-B velocity,velocity,0.75,0.25,10,Attn5,4.267447634891141,16.21609034186101,0.033335364892381,16.182754976968628,0.2086750784765478,0.1808593869209289,0.2203653305768966,0.2659041807055473,0.3158335208892823,0
dip_b_velocity,DiP-B velocity,velocity,0.75,0.25,11,MLP5,4.437929194042226,20.559679310153403,0.0346670894893645,20.52501222066404,0.1777806998107897,0.1542031876742839,0.187919981777668,0.2262903936207294,0.2643973290920258,0
dip_b_velocity,DiP-B velocity,velocity,0.75,0.25,12,Attn6,4.623229649907444,20.04437430216332,0.0361145725845259,20.008259729578796,0.1876959033487351,0.1630866415798664,0.1986022219061851,0.2386688217520713,0.2780240833759308,0
dip_b_velocity,DiP-B velocity,velocity,0.75,0.25,13,MLP6,4.753383783885511,22.15995274156867,0.0371312776315748,22.122821463937097,0.1768621626474075,0.1540065743029117,0.1869319602847099,0.2238966487348079,0.2602286189794541,0
dip_b_velocity,DiP-B velocity,velocity,0.75,0.25,14,Attn7,4.790946211171104,17.62139502660658,0.0374246982724213,17.58397032833416,0.214121299747071,0.1880333423614502,0.2236463129520416,0.2659622505307197,0.3109350532293319,0
dip_b_velocity,DiP-B velocity,velocity,0.75,0.25,15,MLP7,5.1968268799828365,24.7289150647702,0.0405952539195436,24.688319810850658,0.1738933033772536,0.152663629502058,0.1834025755524635,0.2169652245938778,0.2501109212636948,0
dip_b_velocity,DiP-B velocity,velocity,0.75,0.25,16,Attn8,5.301026942091994,21.876130772330303,0.0414092175318484,21.834721554798453,0.1953521548410375,0.1724396795034408,0.2044343426823616,0.2423486858606338,0.2811038732528687,0
dip_b_velocity,DiP-B velocity,velocity,0.75,0.25,17,MLP8,5.839758329209872,28.625160892132698,0.0456175427194195,28.57954334941328,0.1696652181888042,0.1494699046015739,0.1777114197611808,0.2096619792282581,0.2404560521245002,0
dip_b_velocity,DiP-B velocity,velocity,0.75,0.25,18,Attn9,6.016485022963025,27.67220800628612,0.0469980514746571,27.62520995481146,0.1788401276136008,0.1582309789955616,0.1873224005103111,0.220190193504095,0.2537603497505188,0
dip_b_velocity,DiP-B velocity,velocity,0.75,0.25,19,MLP9,6.012973775446881,28.797581783306725,0.0469706232020238,28.7506111601047,0.1729675977490345,0.152875155210495,0.1805611923336982,0.2127819135785102,0.24550401866436,0
dip_b_velocity,DiP-B velocity,velocity,0.75,0.25,20,Attn10,7.0065762546728365,24.240419195478093,0.0547321949978115,24.18568700048028,0.2246254527079023,0.1973411291837692,0.2335328906774521,0.277011439204216,0.3240511357784271,0
dip_b_velocity,DiP-B velocity,velocity,0.75,0.25,21,MLP10,7.660052375169471,35.24615268040934,0.0598368539857989,35.18631582642354,0.1787795021302336,0.1562612615525722,0.1868092790246009,0.2238570190966129,0.2638807594776154,0
dip_b_velocity,DiP-B velocity,velocity,0.75,0.25,22,Attn11,12.63942914828658,31.29610996982096,0.0987334863220361,31.19737648349892,0.2883291555149697,0.2521129623055458,0.3000737279653549,0.3568432480096817,0.4179565131664276,0
dip_b_velocity,DiP-B velocity,velocity,0.75,0.25,23,MLP11,12.78739322978072,41.79435996052853,0.0998893145991648,41.69447064592936,0.2347091732939369,0.2047054283320903,0.2505858391523361,0.3051849082112312,0.3629744648933412,0
dip_b_velocity,DiP-B velocity,velocity,0.5,0.5,0,Attn0,0.602463851639186,7.478288577320019,0.0047061742866292,7.47358240303339,0.0745988609575653,0.0613091308623552,0.0829503275454044,0.1128085274249315,0.1512072324752807,0
dip_b_velocity,DiP-B velocity,velocity,0.5,0.5,1,MLP0,0.6039688394084806,7.144504668178655,0.0047179305683087,7.139786737610346,0.0779943056571776,0.064061289653182,0.0863510593771934,0.1172690540552139,0.1554455876350403,0
dip_b_velocity,DiP-B velocity,velocity,0.5,0.5,2,Attn1,0.6915195011606556,6.305936949288739,0.00540183661843,6.3005351126703095,0.0989007579821763,0.0824211854487657,0.10976118221879,0.146176341921091,0.1892491683363914,0
dip_b_velocity,DiP-B velocity,velocity,0.5,0.5,3,MLP1,0.7242570058224373,5.595105306131495,0.0056575671526828,5.589447738978811,0.1147118902604363,0.0959639232605695,0.1251661032438278,0.1633861660957336,0.2100850999355318,0
dip_b_velocity,DiP-B velocity,velocity,0.5,0.5,4,Attn2,1.4582468971202616,5.795882683430791,0.0113911631911392,5.784491520239651,0.2013391638755075,0.1718466244637966,0.2170955315232277,0.2733334600925445,0.3385314017534256,0
dip_b_velocity,DiP-B velocity,velocity,0.5,0.5,5,MLP2,1.4783779024000978,5.820344214644618,0.0115484174714653,5.808795797173152,0.2028739760226484,0.1733316555619239,0.2176699712872505,0.2724777236580848,0.3365801453590393,0
dip_b_velocity,DiP-B velocity,velocity,0.5,0.5,6,Attn3,2.043118859422975,6.137723367304228,0.0159599176192603,6.121763449684968,0.250232493509903,0.2159992344677448,0.267016276717186,0.3268162384629249,0.3959290474653244,0
dip_b_velocity,DiP-B velocity,velocity,0.5,0.5,7,MLP3,2.0648526444856543,6.168848844559886,0.0161296920881099,6.152719152471776,0.2512728450088102,0.2175874933600425,0.2679488360881805,0.326837383210659,0.3935438603162766,0
dip_b_velocity,DiP-B velocity,velocity,0.5,0.5,8,Attn4,2.2604432453226764,6.415370701353552,0.0176575571274166,6.397713144226136,0.2610767400842099,0.226780641824007,0.2775125503540039,0.3375450745224952,0.4020457595586776,0
dip_b_velocity,DiP-B velocity,velocity,0.5,0.5,9,MLP4,2.340040273818886,6.838062856940216,0.0182793330029015,6.819783523937315,0.2554678261815587,0.2226716428995132,0.270972803235054,0.3282210454344749,0.3875155657529831,0
dip_b_velocity,DiP-B velocity,velocity,0.5,0.5,10,Attn5,2.533591724059079,6.898272155266038,0.019791269122856,6.878480886143182,0.2691853143284062,0.2362853437662124,0.2851072698831558,0.341974139213562,0.401824188232422,0
dip_b_velocity,DiP-B velocity,velocity,0.5,0.5,11,MLP5,2.770126241841353,8.68079538159405,0.0216389694661355,8.659156412127915,0.2423709628774749,0.2137091755867004,0.2556273937225342,0.3039791360497474,0.3532265096902848,0
dip_b_velocity,DiP-B velocity,velocity,0.5,0.5,12,Attn6,2.969267741631484,8.489405390568313,0.0231945725171122,8.4662108180512,0.259653999273807,0.2293946593999862,0.2727545499801636,0.3242725804448128,0.3738210737705231,0
dip_b_velocity,DiP-B velocity,velocity,0.5,0.5,13,MLP6,3.156890594516881,9.81098413994332,0.0246601971241834,9.786323942819136,0.24390313437288,0.2158912047743797,0.2560504674911499,0.302554540336132,0.3468849688768387,0
dip_b_velocity,DiP-B velocity,velocity,0.5,0.5,14,Attn7,3.2326144177059177,8.511589820475558,0.0252517172769824,8.486338103198577,0.2758449965506317,0.2466253563761711,0.2871947586536407,0.3339345380663872,0.3828959941864014,0
dip_b_velocity,DiP-B velocity,velocity,0.5,0.5,15,MLP7,3.734300830576103,11.626085254779026,0.0291706639320839,11.596914590846945,0.2435750022374602,0.2187193185091018,0.254257395863533,0.2945560067892074,0.3345004707574844,0
dip_b_velocity,DiP-B velocity,velocity,0.5,0.5,16,Attn8,3.7554838534269943,10.299195998181167,0.0293361360964017,10.269859862084768,0.2677641225486333,0.240570593625307,0.2782831490039825,0.3214676454663276,0.366722047328949,0
dip_b_velocity,DiP-B velocity,velocity,0.5,0.5,17,MLP8,4.570023760548793,14.493884729625618,0.0356989523150016,14.458185777310616,0.2401709814817868,0.2168197333812713,0.2496266514062881,0.2872242331504822,0.3236045002937317,0
dip_b_velocity,DiP-B velocity,velocity,0.5,0.5,18,Attn9,4.593997935357038,13.37163480431724,0.0358862276921362,13.335748576625102,0.2562221352257796,0.2316905744373798,0.265579879283905,0.3055331483483314,0.3456043124198913,0
dip_b_velocity,DiP-B velocity,velocity,0.5,0.5,19,MLP9,4.604731274273945,13.977376237162638,0.0359700716663149,13.941406165496325,0.2482851908775126,0.2244734987616539,0.2584698796272278,0.2961906939744949,0.3342199355363845,0
dip_b_velocity,DiP-B velocity,velocity,0.5,0.5,20,Attn10,4.624601698917104,11.891894848551154,0.036125290408926,11.855769558142228,0.2806127135598457,0.2525843158364296,0.2923104465007782,0.3390183299779892,0.385566657781601,0
dip_b_velocity,DiP-B velocity,velocity,0.5,0.5,21,MLP10,5.413578917185077,19.397833307887243,0.0422884224993352,19.355544885387907,0.218561583378364,0.1938210651278495,0.2292789071798324,0.2706402093172073,0.312170296907425,0
dip_b_velocity,DiP-B velocity,velocity,0.5,0.5,22,Attn11,6.126712209079415,18.244226791152958,0.0478590962453551,18.1963676949076,0.2518888328807048,0.2235559225082397,0.2645278722047806,0.3144367262721061,0.3661825299263,0
dip_b_velocity,DiP-B velocity,velocity,0.5,0.5,23,MLP11,6.401406673365273,26.045293276196347,0.0500048847785329,25.99528839141781,0.1975944354991919,0.173653207719326,0.2135267257690429,0.2591376155614853,0.3041221290826797,0
dip_b_velocity,DiP-B velocity,velocity,0.25,0.75,0,Attn0,1.3554572148859734,1.878594409939762,0.0105882168265638,1.8680061931131984,0.4204971620035594,0.3700775280594826,0.4488482028245926,0.5335261970758438,0.6156601130962372,0
dip_b_velocity,DiP-B velocity,velocity,0.25,0.75,1,MLP0,1.3679934846586548,1.861059363665157,0.0106861444786444,1.8503732191865123,0.4250583014745443,0.3739572837948799,0.4505078345537185,0.5334625095129013,0.6123878836631775,0
dip_b_velocity,DiP-B velocity,velocity,0.25,0.75,2,Attn1,1.3397161776665598,1.921411284712848,0.01046525498511,1.9109460297277376,0.4121363870472609,0.363210842013359,0.4393841922283172,0.5220604836940765,0.5983036696910858,0
dip_b_velocity,DiP-B velocity,velocity,0.25,0.75,3,MLP1,1.452785277768271,2.2853098275322945,0.0113484994985579,2.2739613280337365,0.3898266856959079,0.3410883173346519,0.4150476902723312,0.4958700090646744,0.5737712740898132,0
dip_b_velocity,DiP-B velocity,velocity,0.25,0.75,4,Attn2,1.4381683494430035,2.341121612751088,0.0112343186858059,2.3298872940652817,0.3816738619347942,0.3338565230369568,0.4072851538658142,0.4883091077208519,0.5649411678314209,0
dip_b_velocity,DiP-B velocity,velocity,0.25,0.75,5,MLP2,1.47969594609458,2.403485963216918,0.011558713430844,2.391927249786074,0.3821900715103043,0.3349459394812584,0.4061915129423141,0.4835943505167961,0.5598161101341248,0
dip_b_velocity,DiP-B velocity,velocity,0.25,0.75,6,Attn3,1.5158062064292608,2.4642826086451763,0.0118407904022808,2.4524418182428955,0.3819837361487735,0.3355986028909683,0.4062933176755905,0.4837683364748955,0.5591442167758942,0
dip_b_velocity,DiP-B velocity,velocity,0.25,0.75,7,MLP3,1.5555845236958703,2.54258160012152,0.0121515205703667,2.530430079551153,0.3807094870536433,0.3353262692689895,0.4038822948932647,0.4786523506045341,0.5508426368236542,0
dip_b_velocity,DiP-B velocity,velocity,0.25,0.75,8,Attn4,1.4755010763183236,2.5328857554909154,0.0115259450112565,2.521359810479659,0.3691649817465617,0.3247670829296112,0.3923734575510025,0.4667621478438377,0.537649005651474,0
dip_b_velocity,DiP-B velocity,velocity,0.25,0.75,9,MLP4,1.5756735960021615,2.718599166771113,0.0123084472893273,2.706290719481786,0.3679791516020794,0.3250507116317749,0.3902284950017929,0.4603143855929374,0.5274114191532137,0
dip_b_velocity,DiP-B velocity,velocity,0.25,0.75,10,Attn5,1.567359576394665,2.684233496609889,0.0122435019400107,2.671989994669879,0.3697169931662618,0.3265988156199455,0.392109602689743,0.4628237262368202,0.5290102481842042,0
dip_b_velocity,DiP-B velocity,velocity,0.25,0.75,11,MLP5,1.855841559619876,3.3777307321317185,0.0144969923160995,3.363233739815619,0.3555881939125513,0.3168058842420578,0.3741189837455749,0.436747744679451,0.4977013111114502,0
dip_b_velocity,DiP-B velocity,velocity,0.25,0.75,12,Attn6,2.0188255840184866,3.3767349252238312,0.0157701495730356,3.360964775650796,0.3752610137289052,0.3356943875551224,0.3933790475130081,0.4576638862490654,0.5163469791412354,0
dip_b_velocity,DiP-B velocity,velocity,0.25,0.75,13,MLP6,2.256948927519261,4.108383123864734,0.0176302611020186,4.090752862762716,0.3555537109469351,0.3180651292204857,0.3706776052713394,0.4300745576620102,0.4859706550836564,0
dip_b_velocity,DiP-B velocity,velocity,0.25,0.75,14,Attn7,2.354270209631068,3.875807098199896,0.0183904908057099,3.857416607394186,0.3790065853253233,0.3406013026833534,0.3928197920322418,0.4515066593885422,0.5078668475151062,0
dip_b_velocity,DiP-B velocity,velocity,0.25,0.75,15,MLP7,2.88813053049671,5.196433072499972,0.0225607654335961,5.173872307066376,0.3582398305592398,0.3227900937199592,0.3713378757238388,0.4248839914798736,0.4775041759014131,0
dip_b_velocity,DiP-B velocity,velocity,0.25,0.75,16,Attn8,2.834822925608023,4.632679270925939,0.0221443506084969,4.610534920317442,0.3807503929659209,0.3438292592763901,0.394351378083229,0.4497114047408104,0.5033833265304566,0
dip_b_velocity,DiP-B velocity,velocity,0.25,0.75,17,MLP8,3.922358822746901,6.970825617366576,0.0306396876498411,6.940185929716735,0.3610902336542554,0.3262287527322769,0.3733206838369369,0.4238017499446869,0.4744365245103836,0
dip_b_velocity,DiP-B velocity,velocity,0.25,0.75,18,Attn9,3.729958455689484,6.111108913200954,0.0291367432694936,6.08197216993146,0.3801452128034624,0.3453133329749107,0.393706277012825,0.4456435292959213,0.4967587918043137,0
dip_b_velocity,DiP-B velocity,velocity,0.25,0.75,19,MLP9,3.74789674647036,6.485356493151005,0.029276869058932,6.456079624092073,0.3672976700811176,0.3342258632183075,0.3809265941381454,0.4312853589653969,0.4814422279596329,0
dip_b_velocity,DiP-B velocity,velocity,0.25,0.75,20,Attn10,3.1360997825977392,5.364487822033769,0.0244977887337284,5.33999003330004,0.3699936941106571,0.3371839597821235,0.3867155164480209,0.4434701055288315,0.4965022474527359,0
dip_b_velocity,DiP-B velocity,velocity,0.25,0.75,21,MLP10,3.973705701384461,10.845228242852622,0.0310407861709977,10.814187456681625,0.268713444093082,0.2360858470201492,0.2854584157466888,0.3409976065158844,0.3922539263963699,0
dip_b_velocity,DiP-B velocity,velocity,0.25,0.75,22,Attn11,3.2566644825565163,11.023891640033025,0.0254395854726986,10.998452054560325,0.2284558301629423,0.1994525827467441,0.2451545670628547,0.2994197309017181,0.3505734413862229,0
dip_b_velocity,DiP-B velocity,velocity,0.25,0.75,23,MLP11,3.723707343189744,17.87065983426118,0.0290879124146148,17.841571921846565,0.1726714176721548,0.147815428674221,0.1888948008418083,0.2371446453034877,0.2837338924407959,0
hyperdit_b_velocity,HyperDiT-B velocity,velocity,0.75,0.25,0,Attn0,0.2011941147284233,14.395013914400456,0.0015716371476559,14.3934422772528,0.0137854831956598,0.0112169405911117,0.0151377511210739,0.0206730929203331,0.0282899098470807,0
hyperdit_b_velocity,HyperDiT-B velocity,velocity,0.75,0.25,1,MLP0,0.2092339606278983,9.488922230562189,0.001634440776351,9.487287789785835,0.0215782489859284,0.0178132490254938,0.0234449803829193,0.0312553038820624,0.0418421741575002,0
hyperdit_b_velocity,HyperDiT-B velocity,velocity,0.75,0.25,2,Attn1,0.4645979333290597,10.408719715372628,0.0036292282790168,10.405090487093611,0.0427425253934733,0.0354265151545405,0.04666543379426,0.0612326115369796,0.0795539051294327,0
hyperdit_b_velocity,HyperDiT-B velocity,velocity,0.75,0.25,3,MLP1,0.4932775536872213,12.70889850987374,0.0038532604620476,12.705045249411691,0.0373742604303784,0.0312351775355637,0.0408186092972755,0.053176824003458,0.0670853324234485,0
hyperdit_b_velocity,HyperDiT-B velocity,velocity,0.75,0.25,4,Attn2,0.6238360390307207,11.574371842388366,0.0048731241185194,11.569498718269848,0.0511620529943384,0.0430188737809658,0.0553081035614013,0.0706992000341415,0.0881812356412411,0
hyperdit_b_velocity,HyperDiT-B velocity,velocity,0.75,0.25,5,MLP2,0.6398434976435965,10.53532569465611,0.0049981671230303,10.53032752753308,0.0572814414570233,0.0485454592853784,0.0616272632032632,0.0771782547235488,0.0942800097167492,0
hyperdit_b_velocity,HyperDiT-B velocity,velocity,0.75,0.25,6,Attn3,0.882498374208808,9.169508264257312,0.0068936769324725,9.16261458732484,0.0878535042451201,0.0752375219017267,0.0935321524739265,0.1151682678610086,0.1380644828081131,0
hyperdit_b_velocity,HyperDiT-B velocity,velocity,0.75,0.25,7,MLP3,0.9801181445000112,10.517885658226692,0.0076562382904048,10.510229419936287,0.0852992600096422,0.0733589008450508,0.0902551189064979,0.1097352560609579,0.1310549408197403,0
hyperdit_b_velocity,HyperDiT-B velocity,velocity,0.75,0.25,8,Attn4,1.6162424209105666,10.30881964732688,0.0126253525444778,10.296194294782405,0.1356768946173198,0.1177170034497976,0.1417512819170951,0.1692359857261181,0.1970433756709099,0
hyperdit_b_velocity,HyperDiT-B velocity,velocity,0.75,0.25,9,MLP4,2.027881312867976,13.008431370111817,0.0158408888184562,12.99259048129336,0.1350078306898616,0.1173527389764785,0.1407051235437393,0.1663335971534252,0.192860859632492,0
hyperdit_b_velocity,HyperDiT-B velocity,velocity,0.75,0.25,10,Attn5,3.134167691168841,17.00986382275807,0.0244826961120261,16.985381126646043,0.1557772353420613,0.136590801179409,0.1620901226997375,0.1904932782053947,0.218973396718502,0
hyperdit_b_velocity,HyperDiT-B velocity,velocity,0.75,0.25,11,MLP5,3.613160636887187,21.995173640527216,0.0282243716971807,21.966949268830035,0.1412488316197435,0.1235612817108631,0.1462009474635124,0.1713183857500553,0.1966834276914596,0
hyperdit_b_velocity,HyperDiT-B velocity,velocity,0.75,0.25,12,Attn6,5.66588417388266,26.903168085893,0.0442593167002419,26.858908769192755,0.174202005952783,0.1539430916309356,0.1805812716484069,0.2085645757615566,0.2372230961918831,0
hyperdit_b_velocity,HyperDiT-B velocity,velocity,0.75,0.25,13,MLP6,8.028859593323432,52.949499374735375,0.0627178086556551,52.88678156607972,0.1318029235268759,0.1163124144077301,0.1350368037819862,0.1547428891062736,0.1745264843106269,0
hyperdit_b_velocity,HyperDiT-B velocity,velocity,0.75,0.25,14,Attn7,21.73891013127286,119.80170250003783,0.1698145035603103,119.63188799647752,0.1537722812573243,0.1356941647827625,0.1571167111396789,0.1808101870119571,0.2042025715112686,0
hyperdit_b_velocity,HyperDiT-B velocity,velocity,0.75,0.25,15,MLP7,26.84334261086769,168.04486449411615,0.2096880143409893,167.83517647977516,0.1378854880150868,0.1212408281862735,0.1408509314060211,0.1615614108741283,0.1817516475915909,0
hyperdit_b_velocity,HyperDiT-B velocity,velocity,0.5,0.5,0,Attn0,0.8046105685571092,6.403298962689331,0.0062852527304184,6.397013709958912,0.1117262630539382,0.092626467347145,0.1215524971485138,0.1596323736011982,0.2076058149337768,0
hyperdit_b_velocity,HyperDiT-B velocity,velocity,0.5,0.5,1,MLP0,0.8618757844451466,4.823222320177092,0.0067325826171781,4.816489737559914,0.1517823713716854,0.1280732564628124,0.1624715998768806,0.2063474506139755,0.2611014515161515,0
hyperdit_b_velocity,HyperDiT-B velocity,velocity,0.5,0.5,2,Attn1,1.2721852961694822,5.234549791896426,0.0099377343758814,5.224612057520544,0.1958172968788862,0.166997991502285,0.2087926939129829,0.2595608681440353,0.3181222140789032,0
hyperdit_b_velocity,HyperDiT-B velocity,velocity,0.5,0.5,3,MLP1,1.3200033389148302,5.813646581028679,0.0103112672319902,5.803335313796689,0.1853068347961201,0.1588655821979046,0.1978654935956001,0.2448856122791767,0.2949670135974884,0
hyperdit_b_velocity,HyperDiT-B velocity,velocity,0.5,0.5,4,Attn2,1.5033143657929031,6.079221859044857,0.0117432098104569,6.0674786492344,0.1985676220191157,0.1718057543039322,0.2104580253362655,0.2571073025465011,0.3041265279054642,0
hyperdit_b_velocity,HyperDiT-B velocity,velocity,0.5,0.5,5,MLP2,1.5612750931759365,5.963717484178699,0.0121959727174797,5.951521511461219,0.2078154348291905,0.1817849017679691,0.2183583006262779,0.2608731314539909,0.301945835351944,0
hyperdit_b_velocity,HyperDiT-B velocity,velocity,0.5,0.5,6,Attn3,1.9069970632262996,5.923446902726472,0.0148965959023348,5.908550306824137,0.2440004484566246,0.2159288190305233,0.2551686018705368,0.299413613975048,0.3421053886413575,0
hyperdit_b_velocity,HyperDiT-B velocity,velocity,0.5,0.5,7,MLP3,2.2001415395061485,7.117883011243546,0.0171865075589131,7.100696503684633,0.2365530427784289,0.2109019756317138,0.246060200035572,0.2840352952480316,0.3232689380645752,0
hyperdit_b_velocity,HyperDiT-B velocity,velocity,0.5,0.5,8,Attn4,3.2764231807668693,7.843747116565833,0.0255939314591039,7.818153185106729,0.2953175563192295,0.2666416391730308,0.3045264482498169,0.3464402928948402,0.3874481528997421,0
hyperdit_b_velocity,HyperDiT-B velocity,velocity,0.5,0.5,9,MLP4,4.518591475120047,11.631006741740345,0.0352971866347392,11.595709555105604,0.2804087789252856,0.2541984990239143,0.2883901000022888,0.3252650499343872,0.3610297381877899,0
hyperdit_b_velocity,HyperDiT-B velocity,velocity,0.5,0.5,10,Attn5,7.010048341326183,16.112110400217247,0.0547593173635509,16.057351082853696,0.3038941760369423,0.2761422842741012,0.3120854645967483,0.3511453494429588,0.3888776868581772,0
hyperdit_b_velocity,HyperDiT-B velocity,velocity,0.5,0.5,11,MLP5,8.43045306467684,22.88718558113456,0.0658548746612243,22.821330706473336,0.2697591000376542,0.2435543239116668,0.2769777178764343,0.3120745718479156,0.3459926158189774,0
hyperdit_b_velocity,HyperDiT-B velocity,velocity,0.5,0.5,12,Attn6,13.324118591845036,29.67248796637445,0.1040819696290995,29.56840599674535,0.3106396445451782,0.2834691479802131,0.3195480704307556,0.3555224537849426,0.3905710309743881,0
hyperdit_b_velocity,HyperDiT-B velocity,velocity,0.5,0.5,13,MLP6,19.438064884277992,65.44393945258143,0.151841344325181,65.29209810825625,0.2294113949242694,0.2056512311100959,0.2324398159980774,0.2619279101490974,0.2883511334657669,0
hyperdit_b_velocity,HyperDiT-B velocity,velocity,0.5,0.5,14,Attn7,50.20489343884401,145.32061666473876,0.3921778508735383,144.92843881386523,0.2572850720031045,0.2309163771569728,0.2600734233856201,0.2937237843871116,0.3236166924238206,0
hyperdit_b_velocity,HyperDiT-B velocity,velocity,0.5,0.5,15,MLP7,61.02713762130588,203.1741369984389,0.476716312652699,202.6974206857862,0.23140483394134,0.2061817683279514,0.2341823577880859,0.2647508308291435,0.2912888139486313,0
hyperdit_b_velocity,HyperDiT-B velocity,velocity,0.25,0.75,0,Attn0,1.8103339734079784,1.613316513420466,0.0141415076982352,1.599175005722231,0.5309661844239542,0.4788156151771545,0.55458864569664,0.6309114545583725,0.7022522509098054,0
hyperdit_b_velocity,HyperDiT-B velocity,velocity,0.25,0.75,1,MLP0,2.079686113225762,2.1114705736691923,0.0162455644163438,2.0952250092528484,0.4981390147513055,0.4471899718046188,0.5174170136451721,0.5915105640888214,0.6627377331256867,0
hyperdit_b_velocity,HyperDiT-B velocity,velocity,0.25,0.75,2,Attn1,2.4201761805452406,2.4088996680050143,0.0189053183506451,2.389994349654369,0.5031372932312255,0.4528875425457954,0.5222110152244568,0.5951093882322311,0.6612066566944123,0
hyperdit_b_velocity,HyperDiT-B velocity,velocity,0.25,0.75,3,MLP1,2.5204865077976137,2.709747741935582,0.0196888971189215,2.6900588448166607,0.4837279665041234,0.4360291585326195,0.5019073188304901,0.5706911236047745,0.6337935864925385,0
hyperdit_b_velocity,HyperDiT-B velocity,velocity,0.25,0.75,4,Attn2,2.694126637856243,3.053091600836966,0.0210452950388722,3.032046305798094,0.470493410584435,0.4243978932499885,0.4883323013782501,0.5550746917724609,0.6144751727581025,0
hyperdit_b_velocity,HyperDiT-B velocity,velocity,0.25,0.75,5,MLP2,2.8345435165101662,3.5602907363505896,0.0221421679913852,3.538148568359204,0.4447953045213339,0.4024461135268211,0.459446519613266,0.5191666334867477,0.572603189945221,0
hyperdit_b_velocity,HyperDiT-B velocity,velocity,0.25,0.75,6,Attn3,3.1841515961568803,3.8575086776133904,0.0248731477013788,3.832635529912012,0.4537905367439556,0.412394255399704,0.4686461538076401,0.5270516574382782,0.5776755630970002,0
hyperdit_b_velocity,HyperDiT-B velocity,velocity,0.25,0.75,7,MLP3,3.7878050939762034,5.060833048695612,0.0295886149642554,5.031244433731357,0.4295026444829155,0.3910351023077965,0.4414399266242981,0.4939482063055038,0.5428906917572022,0
hyperdit_b_velocity,HyperDiT-B velocity,velocity,0.25,0.75,8,Attn4,4.90980129656964,5.714793893573567,0.0383531402780551,5.676440753295512,0.4637907647910035,0.4266939535737037,0.4756828248500824,0.5277150720357895,0.5741029381752015,0
hyperdit_b_velocity,HyperDiT-B velocity,velocity,0.25,0.75,9,MLP4,7.369988399499562,9.770801126986536,0.0575710058024415,9.713230121184097,0.4314168545333704,0.3975409567356109,0.4407956004142761,0.487893559038639,0.53157759308815,0
hyperdit_b_velocity,HyperDiT-B velocity,velocity,0.25,0.75,10,Attn5,10.81494870298775,13.196361281433528,0.0844814728032805,13.111879808630244,0.4520009284864646,0.4173577949404716,0.4624665975570678,0.5113154649734497,0.5566865146160126,0
hyperdit_b_velocity,HyperDiT-B velocity,velocity,0.25,0.75,11,MLP5,13.538737696188036,19.76209695939157,0.1057584767050516,19.65633848268652,0.4078537920272684,0.3727433010935783,0.4194256365299225,0.4659850969910621,0.5106535196304322,0
hyperdit_b_velocity,HyperDiT-B velocity,velocity,0.25,0.75,12,Attn6,21.01872460870072,26.18095690285004,0.1641887409876514,26.016768161862387,0.4468694462547476,0.4125875979661941,0.4597442597150802,0.5059755891561508,0.5499065935611726,0
hyperdit_b_velocity,HyperDiT-B velocity,velocity,0.25,0.75,13,MLP6,31.431539910146967,63.06922620551602,0.2455289300956857,62.823697275420336,0.3334726095725095,0.2986712083220482,0.3392758220434189,0.3829179778695106,0.4251190543174744,0
hyperdit_b_velocity,HyperDiT-B velocity,velocity,0.25,0.75,14,Attn7,76.19093382940628,132.82862075059492,0.5951690092055004,132.23345174138942,0.3655567155481738,0.3283097371459007,0.3737566620111465,0.4215083196759224,0.4668989688158035,0
hyperdit_b_velocity,HyperDiT-B velocity,velocity,0.25,0.75,15,MLP7,92.1721870219335,185.29639555136956,0.7200073088614056,184.57638824250813,0.3330538808875897,0.2972436845302582,0.3401438593864441,0.3851949498057365,0.4270392239093781,0
