model_display,t_clean,point,residual_location,estimate,bootstrap_low,bootstrap_high
JiT-B clean,0.75,0,Attn0,0.0152420379081276,0.015071681002154946,0.015399646246805787
JiT-B clean,0.75,1,MLP0,0.0156240052663234,0.015458524785935878,0.015776445996016263
JiT-B clean,0.75,2,Attn1,0.0299037091766819,0.029602827737107873,0.03019003439694643
JiT-B clean,0.75,3,MLP1,0.0318366521684504,0.031524316407740116,0.032133301999419925
JiT-B clean,0.75,4,Attn2,0.0352456850818566,0.0349041105248034,0.035574861150234935
JiT-B clean,0.75,5,MLP2,0.0336295464368741,0.0332880518399179,0.03393527548760176
JiT-B clean,0.75,6,Attn3,0.0425324693385929,0.04213776048272848,0.04293760908767581
JiT-B clean,0.75,7,MLP3,0.0428992312316876,0.042500239424407484,0.043306637462228535
JiT-B clean,0.75,8,Attn4,0.0473833223190272,0.04693284798413515,0.047811759263277055
JiT-B clean,0.75,9,MLP4,0.0459187859872274,0.045498264767229554,0.04631911814212799
JiT-B clean,0.75,10,Attn5,0.0517467049862997,0.051244904194027184,0.05219899248331785
JiT-B clean,0.75,11,MLP5,0.0501559684516348,0.04968258896842599,0.05059423418715596
JiT-B clean,0.75,12,Attn6,0.0636773744457326,0.06307564452290534,0.06423256937414408
JiT-B clean,0.75,13,MLP6,0.0585461178347566,0.05800218246877194,0.059049698524177074
JiT-B clean,0.75,14,Attn7,0.0777732915983129,0.07707963157445193,0.07842456214129925
JiT-B clean,0.75,15,MLP7,0.0684092802512551,0.06780546009540558,0.06899598781019449
JiT-B clean,0.75,16,Attn8,0.0793688916640708,0.07876336760818958,0.07991738151758909
JiT-B clean,0.75,17,MLP8,0.0748533060928392,0.07424145638942718,0.07540671490132808
JiT-B clean,0.75,18,Attn9,0.0959607503126945,0.09528495352715254,0.0966339211910963
JiT-B clean,0.75,19,MLP9,0.0781132002062383,0.07754164692014456,0.07863054759800434
JiT-B clean,0.75,20,Attn10,0.0925736407726119,0.0919759776443243,0.09312210101634263
JiT-B clean,0.75,21,MLP10,0.0712718165702857,0.07078042514622211,0.0717032503336668
JiT-B clean,0.75,22,Attn11,0.0862128788541636,0.08568222895264625,0.08669728357344866
JiT-B clean,0.75,23,MLP11,0.0548253317137292,0.05434901714324951,0.055239191837608816
JiT-B velocity,0.75,0,Attn0,0.2318969491520454,0.23016653247177601,0.23355508483946325
JiT-B velocity,0.75,1,MLP0,0.230849064343959,0.2291867334395647,0.23247192800045013
JiT-B velocity,0.75,2,Attn1,0.282894814050933,0.280967927724123,0.28475102707743644
JiT-B velocity,0.75,3,MLP1,0.3067098117655518,0.30471625104546546,0.3086353562772274
JiT-B velocity,0.75,4,Attn2,0.3902707395281773,0.38799752965569495,0.3928045883774757
JiT-B velocity,0.75,5,MLP2,0.3482980975819214,0.34604875072836877,0.3503864467144012
JiT-B velocity,0.75,6,Attn3,0.2323341253373572,0.23085552752017974,0.2338262114673853
JiT-B velocity,0.75,7,MLP3,0.1886769625678235,0.18750304132699966,0.1898562978953123
JiT-B velocity,0.75,8,Attn4,0.196783284956225,0.19557297341525554,0.19792775474488736
JiT-B velocity,0.75,9,MLP4,0.1466597660491823,0.1456917054951191,0.1477757766842842
JiT-B velocity,0.75,10,Attn5,0.1784889331315322,0.17741843163967133,0.1795725177973509
JiT-B velocity,0.75,11,MLP5,0.1500141189758291,0.14910681098699569,0.15096385776996613
JiT-B velocity,0.75,12,Attn6,0.1437007914336835,0.14271134957671167,0.14477752856910228
JiT-B velocity,0.75,13,MLP6,0.1256177518139264,0.12459414470940829,0.12674386650323868
JiT-B velocity,0.75,14,Attn7,0.1403996923791122,0.13956301398575305,0.14131278693675994
JiT-B velocity,0.75,15,MLP7,0.1415530330139947,0.14070192128419876,0.14244359359145164
JiT-B velocity,0.75,16,Attn8,0.1499259509232615,0.1490773916244507,0.1507930215448141
JiT-B velocity,0.75,17,MLP8,0.1444051586491984,0.1436022613197565,0.14523540027439594
JiT-B velocity,0.75,18,Attn9,0.1547939755524142,0.15393026359379292,0.15568371899425984
JiT-B velocity,0.75,19,MLP9,0.1498480211072881,0.14890012368559838,0.15078102946281433
JiT-B velocity,0.75,20,Attn10,0.1898410806172478,0.1887072805315256,0.19103305377066135
JiT-B velocity,0.75,21,MLP10,0.2366031876528757,0.23518074080348014,0.2380157820880413
JiT-B velocity,0.75,22,Attn11,0.2889492740932287,0.28734671175479887,0.29047415778040886
JiT-B velocity,0.75,23,MLP11,0.2559614609356782,0.2545212127268314,0.25738714188337325
DeCO-B velocity,0.75,0,Attn0,0.0147096720669381,0.014546923036687077,0.014862594637088477
DeCO-B velocity,0.75,1,MLP0,0.0181188879687366,0.017936641722917555,0.018302686559036375
DeCO-B velocity,0.75,2,Attn1,0.0246747443713961,0.024429085897281766,0.024917171383276582
DeCO-B velocity,0.75,3,MLP1,0.0248300916321391,0.02458171029575169,0.025062777427956463
DeCO-B velocity,0.75,4,Attn2,0.0295976469198108,0.02930649141781032,0.02987247984856367
DeCO-B velocity,0.75,5,MLP2,0.0301130564328423,0.029814027529209853,0.030392333446070553
DeCO-B velocity,0.75,6,Attn3,0.0372729595463221,0.036918111704289915,0.037617892306298015
DeCO-B velocity,0.75,7,MLP3,0.0378847728805792,0.037534407991915944,0.03822789527475834
DeCO-B velocity,0.75,8,Attn4,0.0439139135183117,0.043502367474138735,0.04431247459724545
DeCO-B velocity,0.75,9,MLP4,0.0431937677720358,0.042799569014459846,0.04356894316151738
DeCO-B velocity,0.75,10,Attn5,0.0541521408664979,0.053671445418149236,0.054622905887663366
DeCO-B velocity,0.75,11,MLP5,0.0535467008475309,0.053072817530483006,0.05401282841339707
DeCO-B velocity,0.75,12,Attn6,0.0629338806654917,0.06240450842306018,0.06343408077955245
DeCO-B velocity,0.75,13,MLP6,0.0599090744122853,0.059399069752544165,0.06039009848609567
DeCO-B velocity,0.75,14,Attn7,0.0708410262501982,0.07028533890843391,0.07137530017644167
DeCO-B velocity,0.75,15,MLP7,0.069112798416053,0.06856065858155488,0.06965054553002119
DeCO-B velocity,0.75,16,Attn8,0.0735493657993184,0.07294523473829032,0.07413021605461836
DeCO-B velocity,0.75,17,MLP8,0.0663845862192471,0.06583334766328335,0.06688689384609461
DeCO-B velocity,0.75,18,Attn9,0.0608304822475289,0.060337026976048945,0.0612894169986248
DeCO-B velocity,0.75,19,MLP9,0.0621486649584203,0.06162673803046346,0.0626144852489233
DeCO-B velocity,0.75,20,Attn10,0.0657365021553374,0.06514001358300447,0.06628661695867777
DeCO-B velocity,0.75,21,MLP10,0.0639813020425256,0.06340816896408796,0.06451506279408932
DeCO-B velocity,0.75,22,Attn11,0.0581790256714727,0.05762998331338167,0.05868989797309041
DeCO-B velocity,0.75,23,MLP11,0.0534275216115601,0.05293270265683532,0.053898034058511256
PixelDiT-B velocity,0.75,0,Attn0,0.0084673925218504,0.008368264720775186,0.008562950347550214
PixelDiT-B velocity,0.75,1,MLP0,0.011787985274221,0.011660694656893612,0.01190844236407429
PixelDiT-B velocity,0.75,2,Attn1,0.0180410201128969,0.017841469682753085,0.018229809077456593
PixelDiT-B velocity,0.75,3,MLP1,0.0164399486601926,0.016273664496839046,0.016602253913879393
PixelDiT-B velocity,0.75,4,Attn2,0.0222194335489112,0.022007683105766774,0.022423852048814297
PixelDiT-B velocity,0.75,5,MLP2,0.0203821813649688,0.02018931955099106,0.02056872993707657
PixelDiT-B velocity,0.75,6,Attn3,0.0214083710485036,0.021205801982432604,0.021601927187293767
PixelDiT-B velocity,0.75,7,MLP3,0.020062015804747,0.019883747259154917,0.020238288678228855
PixelDiT-B velocity,0.75,8,Attn4,0.0271550081717249,0.02691490640863776,0.027388512855395675
PixelDiT-B velocity,0.75,9,MLP4,0.0272225588207129,0.026983673544600607,0.02745245643891394
PixelDiT-B velocity,0.75,10,Attn5,0.0316695772665444,0.03140567112714052,0.03193231644108892
PixelDiT-B velocity,0.75,11,MLP5,0.0306893056727151,0.03043169332668185,0.030938405776396394
PixelDiT-B velocity,0.75,12,Attn6,0.0350939585470402,0.03480441542342305,0.03537396052852273
PixelDiT-B velocity,0.75,13,MLP6,0.033853091741076,0.03356738295406103,0.034119424410164356
PixelDiT-B velocity,0.75,14,Attn7,0.0451300370311007,0.044756526965647934,0.04550046538934112
PixelDiT-B velocity,0.75,15,MLP7,0.043965132739683,0.043596812151372434,0.044306501373648645
PixelDiT-B velocity,0.75,16,Attn8,0.0519078378745158,0.051511631906032564,0.05229508765041828
PixelDiT-B velocity,0.75,17,MLP8,0.0526013467957004,0.05218304861336946,0.05298843514174223
PixelDiT-B velocity,0.75,18,Attn9,0.0616172294587989,0.06118221646174789,0.06203564191237092
PixelDiT-B velocity,0.75,19,MLP9,0.0617453803108214,0.061272988375276324,0.062171364482492206
PixelDiT-B velocity,0.75,20,Attn10,0.0695148451406701,0.06901960670948029,0.06999232266098261
PixelDiT-B velocity,0.75,21,MLP10,0.0563740760018342,0.055927122477442026,0.05677087604999542
PixelDiT-B velocity,0.75,22,Attn11,0.0594335887084034,0.05898336106911302,0.059822806343436244
PixelDiT-B velocity,0.75,23,MLP11,0.0386360148714742,0.03829301036894321,0.03898401577025652
DiP-B velocity,0.75,0,Attn0,0.0088802831441724,0.008775210473686457,0.00897973517421633
DiP-B velocity,0.75,1,MLP0,0.0093051948977375,0.009195394697599113,0.009408199042081834
DiP-B velocity,0.75,2,Attn1,0.0192185257344584,0.01900444123893976,0.019412976782768966
DiP-B velocity,0.75,3,MLP1,0.0248847798238627,0.024634294537827374,0.02512665153481066
DiP-B velocity,0.75,4,Attn2,0.1552788209004417,0.15400878600776197,0.15653439424932003
DiP-B velocity,0.75,5,MLP2,0.1526013179059572,0.1513793494552374,0.15383120216429233
DiP-B velocity,0.75,6,Attn3,0.2000934930908426,0.19867296405136586,0.20150623545050622
DiP-B velocity,0.75,7,MLP3,0.2012791933223526,0.1998601969331503,0.2026930246502161
DiP-B velocity,0.75,8,Attn4,0.2029769524418447,0.20158866308629514,0.20435451827943324
DiP-B velocity,0.75,9,MLP4,0.1947846555803723,0.19346254244446753,0.19609157592058182
DiP-B velocity,0.75,10,Attn5,0.2086750784765478,0.2073146689683199,0.21002024114131929
DiP-B velocity,0.75,11,MLP5,0.1777806998107897,0.17660097740590572,0.17889158837497235
DiP-B velocity,0.75,12,Attn6,0.1876959033487351,0.18654274418950081,0.18882463984191417
DiP-B velocity,0.75,13,MLP6,0.1768621626474075,0.17577064968645573,0.17792572714388372
DiP-B velocity,0.75,14,Attn7,0.214121299747071,0.21286152638494968,0.21536744125187396
DiP-B velocity,0.75,15,MLP7,0.1738933033772536,0.1728559460490942,0.17492590770125388
DiP-B velocity,0.75,16,Attn8,0.1953521548410375,0.1942256238311529,0.19645476415753366
DiP-B velocity,0.75,17,MLP8,0.1696652181888042,0.16872170455753804,0.17057252675294876
DiP-B velocity,0.75,18,Attn9,0.1788401276136008,0.17786992974579335,0.17978763952851295
DiP-B velocity,0.75,19,MLP9,0.1729675977490345,0.17203144505620002,0.17389593720436097
DiP-B velocity,0.75,20,Attn10,0.2246254527079023,0.223392254114151,0.22586572989821435
DiP-B velocity,0.75,21,MLP10,0.1787795021302336,0.17770534455776216,0.17977751307189466
DiP-B velocity,0.75,22,Attn11,0.2883291555149697,0.28658313900232313,0.2899089202284813
DiP-B velocity,0.75,23,MLP11,0.2347091732939369,0.23287848867475985,0.23638221248984337
HyperDiT-B velocity,0.75,0,Attn0,0.0137854831956598,0.013639731262810529,0.01392682851292193
HyperDiT-B velocity,0.75,1,MLP0,0.0215782489859284,0.02136627151630819,0.02178697125054896
HyperDiT-B velocity,0.75,2,Attn1,0.0427425253934733,0.04232416022568941,0.04313790714368224
HyperDiT-B velocity,0.75,3,MLP1,0.0373742604303784,0.03702122801914811,0.03771825162693858
HyperDiT-B velocity,0.75,4,Attn2,0.0511620529943384,0.050696300156414506,0.05160479051992297
HyperDiT-B velocity,0.75,5,MLP2,0.0572814414570233,0.056797983776777985,0.057754228357225657
HyperDiT-B velocity,0.75,6,Attn3,0.0878535042451201,0.0871654836460948,0.08850621450692416
HyperDiT-B velocity,0.75,7,MLP3,0.0852992600096422,0.08467799667268991,0.08591468818485737
HyperDiT-B velocity,0.75,8,Attn4,0.1356768946173198,0.13483751229941845,0.1365238893777132
HyperDiT-B velocity,0.75,9,MLP4,0.1350078306898616,0.13420950658619404,0.13578366339206696
HyperDiT-B velocity,0.75,10,Attn5,0.1557772353420613,0.1549175564199686,0.156630677357316
HyperDiT-B velocity,0.75,11,MLP5,0.1412488316197435,0.14046625085175038,0.1420047339051962
HyperDiT-B velocity,0.75,12,Attn6,0.174202005952783,0.17332733683288098,0.17504070997238158
HyperDiT-B velocity,0.75,13,MLP6,0.1318029235268759,0.1311736099421978,0.13242118246853352
HyperDiT-B velocity,0.75,14,Attn7,0.1537722812573243,0.15302747897803784,0.15446151196956634
HyperDiT-B velocity,0.75,15,MLP7,0.1378854880150868,0.13723440319299698,0.13857613652944564
JiT-B clean,0.5,0,Attn0,0.1222433589195119,0.12121604103595018,0.12338834758847952
JiT-B clean,0.5,1,MLP0,0.1212174974002118,0.12022981401532888,0.12230679132044316
JiT-B clean,0.5,2,Attn1,0.1573321447436352,0.15610291436314583,0.15870821438729762
JiT-B clean,0.5,3,MLP1,0.1646637938573301,0.1634314190596342,0.16603313535451888
JiT-B clean,0.5,4,Attn2,0.1696925164131182,0.16841266267001628,0.17108758725225925
JiT-B clean,0.5,5,MLP2,0.1659018281929066,0.16467161253094673,0.16718372143805027
JiT-B clean,0.5,6,Attn3,0.1676372649307391,0.16636997945606707,0.16895886100828647
JiT-B clean,0.5,7,MLP3,0.1679812246187756,0.16673379056155682,0.16929392330348492
JiT-B clean,0.5,8,Attn4,0.1709903482011632,0.16975117214024066,0.17231441400945186
JiT-B clean,0.5,9,MLP4,0.1647590335717199,0.16357273906469344,0.16599546782672406
JiT-B clean,0.5,10,Attn5,0.1696711783549288,0.16839013807475567,0.171012581884861
JiT-B clean,0.5,11,MLP5,0.1644014059005479,0.16317218653857707,0.16563479006290435
JiT-B clean,0.5,12,Attn6,0.1838361445403338,0.18246911317110062,0.1852371796965599
JiT-B clean,0.5,13,MLP6,0.1706175766766101,0.169349617138505,0.17188669964671136
JiT-B clean,0.5,14,Attn7,0.200515225762491,0.19912577457726002,0.20193258188664914
JiT-B clean,0.5,15,MLP7,0.1772776820947266,0.17608217224478723,0.17851491495966912
JiT-B clean,0.5,16,Attn8,0.2004321827111243,0.19929765053093434,0.20159456878900528
JiT-B clean,0.5,17,MLP8,0.187066410884245,0.1859653852880001,0.18820849806070328
JiT-B clean,0.5,18,Attn9,0.2198861191692786,0.21872280389070511,0.22105536684393884
JiT-B clean,0.5,19,MLP9,0.1830663888952356,0.1820622928440571,0.18406166024506093
JiT-B clean,0.5,20,Attn10,0.2089149883970847,0.2078685738146305,0.20991279669106006
JiT-B clean,0.5,21,MLP10,0.1702388928284828,0.16931816823780538,0.17111679650843142
JiT-B clean,0.5,22,Attn11,0.1867042902244255,0.18572941832244397,0.18768718130886555
JiT-B clean,0.5,23,MLP11,0.1184843323690824,0.11760447397828103,0.11934074480086565
JiT-B velocity,0.5,0,Attn0,0.7310394977739381,0.7293838426470757,0.732870738208294
JiT-B velocity,0.5,1,MLP0,0.6091898002075289,0.6070929870009423,0.6114442482590675
JiT-B velocity,0.5,2,Attn1,0.6125485190093602,0.6103219121694565,0.6150018811225891
JiT-B velocity,0.5,3,MLP1,0.6091834464408482,0.6069360733032226,0.6116454333066941
JiT-B velocity,0.5,4,Attn2,0.7055808698854165,0.7037428751587868,0.707423922419548
JiT-B velocity,0.5,5,MLP2,0.6210599142473034,0.6188703641295433,0.6231860190629959
JiT-B velocity,0.5,6,Attn3,0.4174183321912452,0.41544616147875785,0.41962374895811083
JiT-B velocity,0.5,7,MLP3,0.3559430749010325,0.35400385558605196,0.35786867290735247
JiT-B velocity,0.5,8,Attn4,0.3485662438006864,0.3467934764921665,0.3504358880221844
JiT-B velocity,0.5,9,MLP4,0.263104817456516,0.26155954897403716,0.2645992673933506
JiT-B velocity,0.5,10,Attn5,0.3039466893650004,0.3023790203034878,0.3056346520781517
JiT-B velocity,0.5,11,MLP5,0.2580381518570817,0.2566827043890953,0.25949993804097177
JiT-B velocity,0.5,12,Attn6,0.2538633691928107,0.25246410965919497,0.2553289636969566
JiT-B velocity,0.5,13,MLP6,0.2331299418955085,0.23180194050073624,0.23456275425851345
JiT-B velocity,0.5,14,Attn7,0.2420645995992057,0.24077606126666068,0.24346816837787627
JiT-B velocity,0.5,15,MLP7,0.2379363245290636,0.2367201153188944,0.239329095184803
JiT-B velocity,0.5,16,Attn8,0.2399613795736959,0.2387940153479576,0.24129658229649067
JiT-B velocity,0.5,17,MLP8,0.2285287650591742,0.2273939572274685,0.22980120852589608
JiT-B velocity,0.5,18,Attn9,0.2367335151230475,0.23559789210557938,0.23803433887660502
JiT-B velocity,0.5,19,MLP9,0.2367544389077675,0.23548359833657742,0.23804745227098464
JiT-B velocity,0.5,20,Attn10,0.2828853319227107,0.2814730331301689,0.28441403061151505
JiT-B velocity,0.5,21,MLP10,0.3527385022481176,0.3509181283414364,0.3547108516097069
JiT-B velocity,0.5,22,Attn11,0.3946174800350533,0.3927558407187462,0.3966174639761448
JiT-B velocity,0.5,23,MLP11,0.3536598302149531,0.351884713023901,0.35559360310435295
DeCO-B velocity,0.5,0,Attn0,0.1184369923054422,0.11745121777057647,0.11954623125493527
DeCO-B velocity,0.5,1,MLP0,0.1355400693332329,0.13448495790362358,0.13676768988370896
DeCO-B velocity,0.5,2,Attn1,0.1514761550297496,0.1503011055290699,0.152826976031065
DeCO-B velocity,0.5,3,MLP1,0.1535349921457191,0.15233726426959038,0.15479558520019054
DeCO-B velocity,0.5,4,Attn2,0.1541410520477517,0.15295174457132815,0.15546067319810392
DeCO-B velocity,0.5,5,MLP2,0.1544273481727361,0.1533035200089216,0.15566184036433697
DeCO-B velocity,0.5,6,Attn3,0.1541511231579488,0.15301179364323617,0.15540523901581765
DeCO-B velocity,0.5,7,MLP3,0.155909787123474,0.15481346026062964,0.15712854377925395
DeCO-B velocity,0.5,8,Attn4,0.1618828993719198,0.16075690761208533,0.16313046179711818
DeCO-B velocity,0.5,9,MLP4,0.1631359998848776,0.16202472560107709,0.16433256305754185
DeCO-B velocity,0.5,10,Attn5,0.1862344897758196,0.18501227386295796,0.18753802143037318
DeCO-B velocity,0.5,11,MLP5,0.1773721557055596,0.17620801143348216,0.17854077853262423
DeCO-B velocity,0.5,12,Attn6,0.1991036131839683,0.19794107787311077,0.20032488815486432
DeCO-B velocity,0.5,13,MLP6,0.1858522516408772,0.18477497436106205,0.1870099600404501
DeCO-B velocity,0.5,14,Attn7,0.2082976993478771,0.20721960589289665,0.20947281643748283
DeCO-B velocity,0.5,15,MLP7,0.1974690874733534,0.19639826342463493,0.19858636148273945
DeCO-B velocity,0.5,16,Attn8,0.2115261705379501,0.21038815453648568,0.2127483993768692
DeCO-B velocity,0.5,17,MLP8,0.1963924221025275,0.1952862821519375,0.1974826365709305
DeCO-B velocity,0.5,18,Attn9,0.1876018562763423,0.1864767536520958,0.18872640505433083
DeCO-B velocity,0.5,19,MLP9,0.1877597084790888,0.18664466254413128,0.18882495909929276
DeCO-B velocity,0.5,20,Attn10,0.1695155968718449,0.1683291882276535,0.17073581777513028
DeCO-B velocity,0.5,21,MLP10,0.1636250789213901,0.16247244663536548,0.16477941535413265
DeCO-B velocity,0.5,22,Attn11,0.1434882376136611,0.1423744957894087,0.1445991825312376
DeCO-B velocity,0.5,23,MLP11,0.128576448147054,0.12757111191749573,0.12957840487360955
PixelDiT-B velocity,0.5,0,Attn0,0.0713508465342905,0.07068599574267864,0.07209191117435694
PixelDiT-B velocity,0.5,1,MLP0,0.0849564134237657,0.08421834073960781,0.08579015713185072
PixelDiT-B velocity,0.5,2,Attn1,0.1013226873680906,0.10044518578797579,0.10229854844510555
PixelDiT-B velocity,0.5,3,MLP1,0.0921878908075072,0.09141730815172196,0.09303895514458418
PixelDiT-B velocity,0.5,4,Attn2,0.0931422437335101,0.0923819076269865,0.0939696030691266
PixelDiT-B velocity,0.5,5,MLP2,0.0830678999236873,0.08243583738803864,0.0837766757234931
PixelDiT-B velocity,0.5,6,Attn3,0.0807825526545529,0.08017669264227152,0.08144845850765706
PixelDiT-B velocity,0.5,7,MLP3,0.0759670472400125,0.07540051471441984,0.0765720248222351
PixelDiT-B velocity,0.5,8,Attn4,0.0873102258728058,0.08665324803441762,0.08802686519920826
PixelDiT-B velocity,0.5,9,MLP4,0.0861733015755274,0.08551419135183096,0.0868658920750022
PixelDiT-B velocity,0.5,10,Attn5,0.0903506175535069,0.08967265374958515,0.09107077177613973
PixelDiT-B velocity,0.5,11,MLP5,0.0883994098157179,0.08773556277155876,0.08910323344171048
PixelDiT-B velocity,0.5,12,Attn6,0.0975975358858593,0.09686598218977452,0.09837741870433092
PixelDiT-B velocity,0.5,13,MLP6,0.0946322505067731,0.09390300307422876,0.09538048915565014
PixelDiT-B velocity,0.5,14,Attn7,0.1151952026707163,0.11430343985557556,0.11609945204108954
PixelDiT-B velocity,0.5,15,MLP7,0.1137864557941052,0.11294472515583039,0.11462262440472841
PixelDiT-B velocity,0.5,16,Attn8,0.1303873120917329,0.12947976104915143,0.1313194140791893
PixelDiT-B velocity,0.5,17,MLP8,0.1334981519126148,0.13263590224087238,0.13438307531177998
PixelDiT-B velocity,0.5,18,Attn9,0.1545349905756207,0.15363730005919934,0.15543396696448325
PixelDiT-B velocity,0.5,19,MLP9,0.1520697967815293,0.15116048343479632,0.15297619476914406
PixelDiT-B velocity,0.5,20,Attn10,0.1711103642941814,0.17015112191438675,0.17209089919924736
PixelDiT-B velocity,0.5,21,MLP10,0.1404908419508386,0.13960422351956367,0.14136361479759216
PixelDiT-B velocity,0.5,22,Attn11,0.1489107685408409,0.14804615043103694,0.1498425755649805
PixelDiT-B velocity,0.5,23,MLP11,0.0924934008244632,0.09174117259681225,0.09320837203413249
DiP-B velocity,0.5,0,Attn0,0.0745988609575653,0.07389259915798903,0.07536622732877732
DiP-B velocity,0.5,1,MLP0,0.0779943056571776,0.0772695042192936,0.07877777572721242
DiP-B velocity,0.5,2,Attn1,0.0989007579821763,0.09800802133977413,0.09988041575998068
DiP-B velocity,0.5,3,MLP1,0.1147118902604363,0.11377013176679611,0.11574888229370117
DiP-B velocity,0.5,4,Attn2,0.2013391638755075,0.19986154288053512,0.2029322411864996
DiP-B velocity,0.5,5,MLP2,0.2028739760226484,0.20142339169979095,0.2044118892401457
DiP-B velocity,0.5,6,Attn3,0.250232493509903,0.2485778283327818,0.2519395276904106
DiP-B velocity,0.5,7,MLP3,0.2512728450088102,0.24963093176484108,0.25297913104295733
DiP-B velocity,0.5,8,Attn4,0.2610767400842099,0.259439405053854,0.2627814866602421
DiP-B velocity,0.5,9,MLP4,0.2554678261815587,0.2538885623216629,0.2570660516619682
DiP-B velocity,0.5,10,Attn5,0.2691853143284062,0.26757277101278304,0.2708449974656105
DiP-B velocity,0.5,11,MLP5,0.2423709628774749,0.24090295769274234,0.2438233971595764
DiP-B velocity,0.5,12,Attn6,0.259653999273807,0.2582029469311237,0.26116803139448164
DiP-B velocity,0.5,13,MLP6,0.24390313437288,0.24251522086560726,0.2453279562294483
DiP-B velocity,0.5,14,Attn7,0.2758449965506317,0.2744522050023079,0.2772789753973484
DiP-B velocity,0.5,15,MLP7,0.2435750022374602,0.24229455254971982,0.24484520070254803
DiP-B velocity,0.5,16,Attn8,0.2677641225486333,0.2664620503783226,0.2691032089293003
DiP-B velocity,0.5,17,MLP8,0.2401709814817868,0.23897654972970486,0.24131502881646155
DiP-B velocity,0.5,18,Attn9,0.2562221352257796,0.25500396490097044,0.2574285909533501
DiP-B velocity,0.5,19,MLP9,0.2482851908775126,0.2471016064286232,0.24942888580262662
DiP-B velocity,0.5,20,Attn10,0.2806127135598457,0.2792441301047802,0.28186504244804383
DiP-B velocity,0.5,21,MLP10,0.218561583378364,0.21732537373900412,0.21969172693789005
DiP-B velocity,0.5,22,Attn11,0.2518888328807048,0.250526537001133,0.25317767933011054
DiP-B velocity,0.5,23,MLP11,0.1975944354991919,0.19610313102602958,0.19902158118784427
HyperDiT-B velocity,0.5,0,Attn0,0.1117262630539382,0.11080872919410467,0.11275936085730791
HyperDiT-B velocity,0.5,1,MLP0,0.1517823713716854,0.15068457648158073,0.1530142854899168
HyperDiT-B velocity,0.5,2,Attn1,0.1958172968788862,0.19447301365435124,0.1971984900534153
HyperDiT-B velocity,0.5,3,MLP1,0.1853068347961201,0.1840187169611454,0.1866232544183731
HyperDiT-B velocity,0.5,4,Attn2,0.1985676220191157,0.19728326313197614,0.19984113574028015
HyperDiT-B velocity,0.5,5,MLP2,0.2078154348291905,0.2065709639340639,0.20908832922577858
HyperDiT-B velocity,0.5,6,Attn3,0.2440004484566246,0.24265836253762246,0.24533543586730958
HyperDiT-B velocity,0.5,7,MLP3,0.2365530427784289,0.23524014018476008,0.23783476129174233
HyperDiT-B velocity,0.5,8,Attn4,0.2953175563192295,0.29396448135375974,0.29673484712839127
HyperDiT-B velocity,0.5,9,MLP4,0.2804087789252856,0.2791186422109604,0.28171909376978876
HyperDiT-B velocity,0.5,10,Attn5,0.3038941760369423,0.3025519706308842,0.3051889806985855
HyperDiT-B velocity,0.5,11,MLP5,0.2697591000376542,0.26861060559749605,0.2709642954170704
HyperDiT-B velocity,0.5,12,Attn6,0.3106396445451782,0.3094070918858051,0.3118415802717209
HyperDiT-B velocity,0.5,13,MLP6,0.2294113949242694,0.228475821390748,0.2302404437214136
HyperDiT-B velocity,0.5,14,Attn7,0.2572850720031045,0.2562959663569927,0.2581749133765697
HyperDiT-B velocity,0.5,15,MLP7,0.23140483394134,0.23047589249908923,0.232247294485569
JiT-B clean,0.25,0,Attn0,0.5562181363148795,0.5533473551273346,0.5589402288198471
JiT-B clean,0.25,1,MLP0,0.5125983710511447,0.5099511966109276,0.5151902943849563
JiT-B clean,0.25,2,Attn1,0.5275010285040638,0.5248547688126564,0.5301118865609169
JiT-B clean,0.25,3,MLP1,0.5214503017073945,0.5188185036182403,0.5240537047386169
JiT-B clean,0.25,4,Attn2,0.5139412179544711,0.5112833037972451,0.5166265532374382
JiT-B clean,0.25,5,MLP2,0.4771988512078477,0.47459169551730157,0.47985995560884476
JiT-B clean,0.25,6,Attn3,0.4472458982425183,0.444692824780941,0.4499114267528057
JiT-B clean,0.25,7,MLP3,0.4427815236621251,0.44029016718268393,0.4453736156225204
JiT-B clean,0.25,8,Attn4,0.4196969582192784,0.41722209826111795,0.42225209027528765
JiT-B clean,0.25,9,MLP4,0.3935258677475504,0.39119125455617904,0.39595668241381643
JiT-B clean,0.25,10,Attn5,0.3795668047428681,0.37724791690707205,0.3819052420556545
JiT-B clean,0.25,11,MLP5,0.3690473932715929,0.3668498881161213,0.37125649824738505
JiT-B clean,0.25,12,Attn6,0.3738845613673596,0.37165056765079496,0.37616730853915215
JiT-B clean,0.25,13,MLP6,0.3507429144251235,0.3486800864338875,0.35277734473347666
JiT-B clean,0.25,14,Attn7,0.3701499361005527,0.3680198103189468,0.3721767909824848
JiT-B clean,0.25,15,MLP7,0.3337735372958967,0.3319717556238174,0.3356248363852501
JiT-B clean,0.25,16,Attn8,0.3545170107903561,0.35266431272029874,0.35638088881969454
JiT-B clean,0.25,17,MLP8,0.3349543467572367,0.33327224776148795,0.336629594117403
JiT-B clean,0.25,18,Attn9,0.3705378060473429,0.368761719763279,0.3723147936165333
JiT-B clean,0.25,19,MLP9,0.325731279315806,0.3241490267217159,0.3273283578455448
JiT-B clean,0.25,20,Attn10,0.3567664401451491,0.3550743378698826,0.3584831193089485
JiT-B clean,0.25,21,MLP10,0.3041193657024209,0.3025586694478989,0.3055603377521038
JiT-B clean,0.25,22,Attn11,0.324840210248367,0.3231950759887695,0.3265527404844761
JiT-B clean,0.25,23,MLP11,0.1975044316660091,0.19613387994468212,0.19901968389749528
JiT-B velocity,0.25,0,Attn0,0.9607283765413156,0.9603352442383766,0.9610600501298905
JiT-B velocity,0.25,1,MLP0,0.8014346098651888,0.7993768602609634,0.8034292489290238
JiT-B velocity,0.25,2,Attn1,0.7872015739444291,0.7848466873168946,0.7895128712058067
JiT-B velocity,0.25,3,MLP1,0.7559777132674947,0.7534840613603592,0.7584256887435913
JiT-B velocity,0.25,4,Attn2,0.8838763011765353,0.8827119052410126,0.8849927172064781
JiT-B velocity,0.25,5,MLP2,0.807148456756201,0.8050541535019875,0.8090810865163803
JiT-B velocity,0.25,6,Attn3,0.5816131542158834,0.5787877634167671,0.5844959527254104
JiT-B velocity,0.25,7,MLP3,0.5193477567504524,0.5166128069162369,0.5222154065966607
JiT-B velocity,0.25,8,Attn4,0.4973025277958531,0.4945345804095268,0.5000438421964646
JiT-B velocity,0.25,9,MLP4,0.4035796129407511,0.4012616671621799,0.40589240863919257
JiT-B velocity,0.25,10,Attn5,0.4351811860668073,0.4326763667166233,0.43758816197514533
JiT-B velocity,0.25,11,MLP5,0.3795318226598728,0.37734741866588595,0.38167673870921137
JiT-B velocity,0.25,12,Attn6,0.3772896072914208,0.3751044809818268,0.37944968193769457
JiT-B velocity,0.25,13,MLP6,0.3606886048275149,0.35851617231965066,0.36266655176877977
JiT-B velocity,0.25,14,Attn7,0.3656955995905744,0.3634953431785107,0.3677635841071606
JiT-B velocity,0.25,15,MLP7,0.3568436449896029,0.35462380945682526,0.3589270770549774
JiT-B velocity,0.25,16,Attn8,0.3527686036015807,0.3505782917141914,0.3548243850469589
JiT-B velocity,0.25,17,MLP8,0.3347608347818239,0.3327138215303421,0.33666776567697526
JiT-B velocity,0.25,18,Attn9,0.3366224244630553,0.3345701538026333,0.3385672263801098
JiT-B velocity,0.25,19,MLP9,0.3545228292931186,0.3523226626217365,0.3566552735865116
JiT-B velocity,0.25,20,Attn10,0.396787449353995,0.3944083496928215,0.3990345403552055
JiT-B velocity,0.25,21,MLP10,0.4934799381933696,0.4907507225871086,0.4962648943066597
JiT-B velocity,0.25,22,Attn11,0.5207296122498227,0.5180563047528267,0.5233881786465645
JiT-B velocity,0.25,23,MLP11,0.4836102063071699,0.4809015356004238,0.486261161416769
DeCO-B velocity,0.25,0,Attn0,0.5473304985538671,0.5444428846240044,0.5500561267137527
DeCO-B velocity,0.25,1,MLP0,0.550540781365327,0.5478128716349602,0.5531443417072296
DeCO-B velocity,0.25,2,Attn1,0.539039763374029,0.5363050475716591,0.5416682004928589
DeCO-B velocity,0.25,3,MLP1,0.5154047207214536,0.5127460017800332,0.5180216133594513
DeCO-B velocity,0.25,4,Attn2,0.4819832994152266,0.47934879586100576,0.48462076112627983
DeCO-B velocity,0.25,5,MLP2,0.4633424997888731,0.46090447157621384,0.46581834703683855
DeCO-B velocity,0.25,6,Attn3,0.4247564392113415,0.4223348513245583,0.4272105783224106
DeCO-B velocity,0.25,7,MLP3,0.4164326377801651,0.4141102209687233,0.41868520230054856
DeCO-B velocity,0.25,8,Attn4,0.4044884882926952,0.4021640010178089,0.40675690919160845
DeCO-B velocity,0.25,9,MLP4,0.4032067047011968,0.40106265917420386,0.40532116070389745
DeCO-B velocity,0.25,10,Attn5,0.4183264568239832,0.41610856875777247,0.42044463828206063
DeCO-B velocity,0.25,11,MLP5,0.3906123965200854,0.3885082446038723,0.3925723485648632
DeCO-B velocity,0.25,12,Attn6,0.4114582435347646,0.40936166793107986,0.41334755420684816
DeCO-B velocity,0.25,13,MLP6,0.3793963574605934,0.3774488501250744,0.3811506606638432
DeCO-B velocity,0.25,14,Attn7,0.4061490565178305,0.40420772731304166,0.40791691839694977
DeCO-B velocity,0.25,15,MLP7,0.3821810112396933,0.38034198358654975,0.383936358243227
DeCO-B velocity,0.25,16,Attn8,0.4101367076584583,0.4081881888210773,0.411973275244236
DeCO-B velocity,0.25,17,MLP8,0.3883563318195491,0.38646698743104935,0.39013399481773375
DeCO-B velocity,0.25,18,Attn9,0.384048607103492,0.3820899322628975,0.3859578542411327
DeCO-B velocity,0.25,19,MLP9,0.3778132936428598,0.3759348660707474,0.3796480163931847
DeCO-B velocity,0.25,20,Attn10,0.3254793288020819,0.32344475761055946,0.32744043618440627
DeCO-B velocity,0.25,21,MLP10,0.3054904906638462,0.3035650074481964,0.30742561146616937
DeCO-B velocity,0.25,22,Attn11,0.265296998196094,0.26342241913080217,0.2672188565135002
DeCO-B velocity,0.25,23,MLP11,0.2230965023936922,0.2214412972331047,0.2248004175722599
PixelDiT-B velocity,0.25,0,Attn0,0.4088261745949622,0.40590243563055994,0.4115047208964825
PixelDiT-B velocity,0.25,1,MLP0,0.367229156606139,0.36449082344770434,0.369814632833004
PixelDiT-B velocity,0.25,2,Attn1,0.3624911244457756,0.3598639711737633,0.36503526493906974
PixelDiT-B velocity,0.25,3,MLP1,0.2988807971106711,0.29651383832097056,0.30122172832489014
PixelDiT-B velocity,0.25,4,Attn2,0.2756368795063211,0.2734722703695297,0.2779149778187275
PixelDiT-B velocity,0.25,5,MLP2,0.2395307680348456,0.23764062896370888,0.2415296643972397
PixelDiT-B velocity,0.25,6,Attn3,0.2218345421056267,0.22006258070468904,0.22369960956275464
PixelDiT-B velocity,0.25,7,MLP3,0.2096884546133297,0.20799050107598305,0.21145990677177906
PixelDiT-B velocity,0.25,8,Attn4,0.21667135444368,0.21495856195688248,0.21850728429853916
PixelDiT-B velocity,0.25,9,MLP4,0.2133333952970236,0.21166991218924522,0.21510252989828588
PixelDiT-B velocity,0.25,10,Attn5,0.2043413630174839,0.20273855924606324,0.20604693740606309
PixelDiT-B velocity,0.25,11,MLP5,0.2026249880163923,0.20109140165150166,0.20421599373221397
PixelDiT-B velocity,0.25,12,Attn6,0.2138731402459616,0.21227338761091233,0.21551274955272676
PixelDiT-B velocity,0.25,13,MLP6,0.2090668215069081,0.20751280151307583,0.21062722951173782
PixelDiT-B velocity,0.25,14,Attn7,0.2308037089221624,0.22910440899431705,0.23248327262699603
PixelDiT-B velocity,0.25,15,MLP7,0.2323182309289684,0.23072203621268272,0.23391706943511964
PixelDiT-B velocity,0.25,16,Attn8,0.2545391530235798,0.2528006464242935,0.2562232494354248
PixelDiT-B velocity,0.25,17,MLP8,0.2618425534039325,0.2602500915527344,0.2634842418134212
PixelDiT-B velocity,0.25,18,Attn9,0.2910185476264238,0.2893636405467987,0.29266852512955666
PixelDiT-B velocity,0.25,19,MLP9,0.2859667521576331,0.28434681743383405,0.28758162409067156
PixelDiT-B velocity,0.25,20,Attn10,0.3155782331012272,0.3138784170150757,0.3172291211783886
PixelDiT-B velocity,0.25,21,MLP10,0.2674444451982733,0.2658281959593296,0.26908379420638084
PixelDiT-B velocity,0.25,22,Attn11,0.2815316346912032,0.27989125475287435,0.28320660889148713
PixelDiT-B velocity,0.25,23,MLP11,0.1607110198222982,0.15945249646902085,0.16213437020778657
DiP-B velocity,0.25,0,Attn0,0.4204971620035594,0.4175118938088417,0.4232885971665382
DiP-B velocity,0.25,1,MLP0,0.4250583014745443,0.42215126305818557,0.4277292862534523
DiP-B velocity,0.25,2,Attn1,0.4121363870472609,0.409295866638422,0.4148319035768509
DiP-B velocity,0.25,3,MLP1,0.3898266856959079,0.3871548354625702,0.39247543215751646
DiP-B velocity,0.25,4,Attn2,0.3816738619347942,0.3790114924311638,0.38432458266615865
DiP-B velocity,0.25,5,MLP2,0.3821900715103043,0.37961348593235017,0.3847788743674755
DiP-B velocity,0.25,6,Attn3,0.3819837361487735,0.3794224292039871,0.3845465391874313
DiP-B velocity,0.25,7,MLP3,0.3807094870536433,0.37819821387529373,0.38317892849445345
DiP-B velocity,0.25,8,Attn4,0.3691649817465617,0.3667332574725151,0.371610526740551
DiP-B velocity,0.25,9,MLP4,0.3679791516020794,0.36566710397601127,0.3703039951622486
DiP-B velocity,0.25,10,Attn5,0.3697169931662618,0.3673589266836643,0.3720925129950047
DiP-B velocity,0.25,11,MLP5,0.3555881939125513,0.35348684415221215,0.35772758051753045
DiP-B velocity,0.25,12,Attn6,0.3752610137289052,0.3730653300881386,0.3774356611073017
DiP-B velocity,0.25,13,MLP6,0.3555537109469351,0.3535020716488361,0.35757614448666575
DiP-B velocity,0.25,14,Attn7,0.3790065853253233,0.3769834369421005,0.3808941215276718
DiP-B velocity,0.25,15,MLP7,0.3582398305592398,0.35626790672540665,0.36005625426769255
DiP-B velocity,0.25,16,Attn8,0.3807503929659209,0.37880037575960157,0.38261918649077414
DiP-B velocity,0.25,17,MLP8,0.3610902336542554,0.3592815943062305,0.3628073543310165
DiP-B velocity,0.25,18,Attn9,0.3801452128034624,0.3782759249210358,0.3819241367280483
DiP-B velocity,0.25,19,MLP9,0.3672976700811176,0.36547161266207695,0.3690399885177612
DiP-B velocity,0.25,20,Attn10,0.3699936941106571,0.3680249571800232,0.37189907804131506
DiP-B velocity,0.25,21,MLP10,0.268713444093082,0.2669369578361511,0.2705019637942314
DiP-B velocity,0.25,22,Attn11,0.2284558301629423,0.22673805803060532,0.23014949187636374
DiP-B velocity,0.25,23,MLP11,0.1726714176721548,0.17122671529650688,0.1742096595466137
HyperDiT-B velocity,0.25,0,Attn0,0.5309661844239542,0.5281618386507034,0.53363968282938
HyperDiT-B velocity,0.25,1,MLP0,0.4981390147513055,0.49561855345964434,0.5005553543567658
HyperDiT-B velocity,0.25,2,Attn1,0.5031372932312255,0.5006434351205826,0.5055540069937706
HyperDiT-B velocity,0.25,3,MLP1,0.4837279665041234,0.48131513223052025,0.4859911881387234
HyperDiT-B velocity,0.25,4,Attn2,0.470493410584435,0.46808033883571626,0.4727039024233818
HyperDiT-B velocity,0.25,5,MLP2,0.4447953045213339,0.4426470510661602,0.4467887431383133
HyperDiT-B velocity,0.25,6,Attn3,0.4537905367439556,0.45158294439315794,0.4557817205786705
HyperDiT-B velocity,0.25,7,MLP3,0.4295026444829155,0.4275458462536335,0.43138245344161985
HyperDiT-B velocity,0.25,8,Attn4,0.4637907647910035,0.4618461407721043,0.46562264636158945
HyperDiT-B velocity,0.25,9,MLP4,0.4314168545333704,0.4296003706753254,0.4329731360077858
HyperDiT-B velocity,0.25,10,Attn5,0.4520009284864646,0.45015661269426344,0.45363172292709353
HyperDiT-B velocity,0.25,11,MLP5,0.4078537920272684,0.40602733567357063,0.40938394218683244
HyperDiT-B velocity,0.25,12,Attn6,0.4468694462547476,0.4450262516736984,0.44841606765985487
HyperDiT-B velocity,0.25,13,MLP6,0.3334726095725095,0.3320225737988949,0.33486116826534273
HyperDiT-B velocity,0.25,14,Attn7,0.3655567155481738,0.36392124369740486,0.36708914712071417
HyperDiT-B velocity,0.25,15,MLP7,0.3330538808875897,0.3315351612865925,0.3345574654638767
