model_display,t,mean_absolute_W,mean_absolute_B,mean_absolute_T,mean_ratio_F
JiT-B clean,0.75,3.1318532870333606,45.85743169958848,48.98928498662184,0.055987666611228
JiT-B velocity,0.75,49.87639462364072,243.25616148666316,293.1325561103038,0.2085615019005186
DeCO-B velocity,0.75,0.5369692777801447,10.078374517249811,10.615343795029956,0.0491267743863574
PixelDiT-B velocity,0.75,3.973807680563368,86.92775344230205,90.90156112286542,0.0360590557287128
DiP-B velocity,0.75,4.614037130213244,20.742821927652084,25.35685905786533,0.1646500019287236
HyperDiT-B velocity,0.75,4.82269051180856,32.38858787748031,37.21127838928887,0.0976531417332887
JiT-B clean,0.5,6.438842806905086,33.423463872565954,39.86230667947104,0.1713971595690712
JiT-B velocity,0.5,297.4938483351422,761.3160961139624,1058.8099444491047,0.3803538681432111
DeCO-B velocity,0.5,1.162454236533146,5.634689333358703,6.7971435698918485,0.1685604681104235
PixelDiT-B velocity,0.5,8.023565391552742,59.962803589020815,67.98636898057356,0.1074882586805104
DiP-B velocity,0.5,3.0314423705452405,10.202925593524382,13.23436796406962,0.2201709276930196
HyperDiT-B velocity,0.5,11.16625835299692,34.25303787026455,45.41929622326147,0.231855616932312
JiT-B clean,0.25,9.12876747665238,21.76075228786412,30.889519764516496,0.3982622580203064
JiT-B velocity,0.25,909.438021004828,1324.5562304373946,2233.994251442223,0.5227801019551598
DeCO-B velocity,0.25,1.860597408238391,2.9540266404811835,4.814624048719574,0.40893198398255
PixelDiT-B velocity,0.25,11.019507749633098,36.5610717528426,47.5805795024757,0.2594076349342009
DiP-B velocity,0.25,2.3259571875369147,4.768201172478078,7.094158360014993,0.3597376687250099
HyperDiT-B velocity,0.25,17.423635692806783,29.876045164638963,47.29968085744575,0.4405354592090235
