t_label,clean_alpha_effective,clean_beta_effective
0.05,1.002122163772583,0.6886393427848816
0.10,1.00155508518219,0.6466882228851318
0.14,1.0012602806091309,0.6059243083000183
0.19,1.0010966062545776,0.5664249658584595
0.24,1.0008981227874756,0.5282934904098511
0.29,1.000553011894226,0.49167534708976746
0.33,1.000078201293945,0.4567737579345703
0.38,0.999635934829712,0.42384788393974304
0.43,0.9994268417358398,0.3931786715984345
0.48,0.9994357824325562,0.3649891614913941
0.52,0.9991795420646667,0.33934250473976135
0.57,0.9979308247566224,0.3161170780658722
0.62,0.9957336187362672,0.2951542139053345
0.67,0.9938309788703918,0.2763643264770508
0.71,0.9918121099472046,0.2593034505844116
0.76,0.9867610931396484,0.2431553602218628
0.81,0.9849274754524232,0.22898145020008087
0.86,0.9855206608772278,0.21660539507865903
0.90,0.9044902324676514,0.19017520546913147
0.95,0.6089223623275757,0.12450135499238968
