step,loss,mse,repa,grad_norm,samples_per_sec,data_sec,step_sec
450400.0,0.0673,0.0673,0.0,0.028,5380.1,0.0,0.19
450500.0,0.0641,0.0641,0.0,0.021,5184.5,0.0,0.198
450600.0,0.06229,0.06229,0.0,0.031,1777.4,0.0,0.576
450700.0,0.06126,0.06126,0.0,0.024,5411.8,0.001,0.189
450800.0,0.06409,0.06409,0.0,0.032,5383.7,0.0,0.19
450900.0,0.06425,0.06425,0.0,0.064,5288.4,0.0,0.194
451000.0,0.06243,0.06243,0.0,0.036,5147.2,0.0,0.199
451100.0,0.06433,0.06433,0.0,0.019,5499.0,0.0,0.186
451200.0,0.06486,0.06486,0.0,0.074,4881.7,0.011,0.21
451300.0,0.06554,0.06554,0.0,0.024,5278.5,0.0,0.194
451400.0,0.06235,0.06235,0.0,0.119,5134.5,0.0,0.199
451500.0,0.06354,0.06354,0.0,0.038,5067.3,0.0,0.202
451600.0,0.06083,0.06083,0.0,0.06,5049.6,0.0,0.203
451700.0,0.0683,0.0683,0.0,0.028,4867.9,0.0,0.21
451800.0,0.06323,0.06323,0.0,0.04,5112.8,0.0,0.2
451900.0,0.06442,0.06442,0.0,0.091,5151.7,0.0,0.199
452000.0,0.06495,0.06495,0.0,0.047,5000.1,0.0,0.205
452100.0,0.06821,0.06821,0.0,0.064,5145.1,0.0,0.199
452200.0,0.06461,0.06461,0.0,0.077,5025.6,0.0,0.204
452300.0,0.06322,0.06322,0.0,0.036,5290.7,0.0,0.194
452400.0,0.05875,0.05875,0.0,0.017,5076.3,0.0,0.202
452500.0,0.06383,0.06383,0.0,0.016,4981.0,0.0,0.206
452600.0,0.0607,0.0607,0.0,0.084,5181.7,0.001,0.198
452700.0,0.06679,0.06679,0.0,0.045,5179.5,0.0,0.198
452800.0,0.06222,0.06222,0.0,0.053,5055.2,0.0,0.203
452900.0,0.06011,0.06011,0.0,0.009,4812.8,0.0,0.213
453000.0,0.06835,0.06835,0.0,0.043,5143.8,0.0,0.199
453100.0,0.06301,0.06301,0.0,0.022,5066.4,0.0,0.202
453200.0,0.06152,0.06152,0.0,0.059,5267.4,0.0,0.194
453300.0,0.0614,0.0614,0.0,0.108,5239.5,0.0,0.195
453400.0,0.0634,0.0634,0.0,0.035,5049.5,0.0,0.203
453500.0,0.06255,0.06255,0.0,0.073,5252.0,0.0,0.195
453600.0,0.0634,0.0634,0.0,0.047,1144.2,0.0,0.895
453700.0,0.06275,0.06275,0.0,0.039,5003.4,0.0,0.205
453800.0,0.06342,0.06342,0.0,0.041,5132.9,0.0,0.199
453900.0,0.06419,0.06419,0.0,0.057,2200.8,0.0,0.465
454000.0,0.06402,0.06402,0.0,0.015,4885.6,0.002,0.21
454100.0,0.06675,0.06675,0.0,0.034,5259.9,0.0,0.195
454200.0,0.06917,0.06917,0.0,0.066,5120.7,0.0,0.2
454300.0,0.0648,0.0648,0.0,0.022,1144.4,0.0,0.895
454400.0,0.05904,0.05904,0.0,0.033,4991.3,0.001,0.205
454500.0,0.06234,0.06234,0.0,0.007,5020.6,0.0,0.204
454600.0,0.06521,0.06521,0.0,0.04,1626.7,0.0,0.629
454700.0,0.06373,0.06373,0.0,0.032,5033.3,0.0,0.203
454800.0,0.06321,0.06321,0.0,0.045,5002.6,0.0,0.205
454900.0,0.06476,0.06476,0.0,0.084,3914.5,0.003,0.262
455000.0,0.06193,0.06193,0.0,0.013,4854.1,0.0,0.211
455100.0,0.06548,0.06548,0.0,0.066,5115.1,0.0,0.2
455200.0,0.05749,0.05749,0.0,0.021,1708.6,0.0,0.599
455300.0,0.06342,0.06342,0.0,0.041,4862.3,0.0,0.211
455400.0,0.0671,0.0671,0.0,0.025,5046.0,0.0,0.203
455500.0,0.06609,0.06609,0.0,0.079,5126.5,0.0,0.2
455600.0,0.06041,0.06041,0.0,0.052,5031.6,0.0,0.204
455700.0,0.06735,0.06735,0.0,0.065,5187.5,0.0,0.197
455800.0,0.06225,0.06225,0.0,0.033,5146.1,0.001,0.199
455900.0,0.06642,0.06642,0.0,0.011,5083.7,0.0,0.201
456000.0,0.06189,0.06189,0.0,0.041,5207.7,0.0,0.197
456100.0,0.06349,0.06349,0.0,0.053,5197.1,0.001,0.197
456200.0,0.05883,0.05883,0.0,0.026,5196.7,0.0,0.197
456300.0,0.06262,0.06262,0.0,0.084,5321.8,0.001,0.192
456400.0,0.06659,0.06659,0.0,0.048,5179.0,0.0,0.198
456500.0,0.0653,0.0653,0.0,0.008,1384.2,0.0,0.74
456600.0,0.06222,0.06222,0.0,0.051,5209.3,0.0,0.197
456700.0,0.06115,0.06115,0.0,0.014,5177.8,0.001,0.198
456800.0,0.06274,0.06274,0.0,0.031,3733.9,0.0,0.274
456900.0,0.06439,0.06439,0.0,0.013,5026.9,0.0,0.204
457000.0,0.06207,0.06207,0.0,0.06,5114.9,0.0,0.2
457100.0,0.06077,0.06077,0.0,0.022,5031.3,0.0,0.204
457200.0,0.06433,0.06433,0.0,0.018,5128.9,0.0,0.2
457300.0,0.06272,0.06272,0.0,0.054,1022.1,0.0,1.002
457400.0,0.06272,0.06272,0.0,0.066,5125.8,0.001,0.2
457500.0,0.06535,0.06535,0.0,0.026,5099.3,0.0,0.201
457600.0,0.06776,0.06776,0.0,0.006,5096.7,0.0,0.201
457700.0,0.06229,0.06229,0.0,0.043,4909.8,0.0,0.209
457800.0,0.06826,0.06826,0.0,0.027,4951.1,0.0,0.207
457900.0,0.05928,0.05928,0.0,0.044,5043.3,0.0,0.203
458000.0,0.06599,0.06599,0.0,0.02,4159.0,0.0,0.246
458100.0,0.06229,0.06229,0.0,0.015,5044.0,0.0,0.203
458200.0,0.06374,0.06374,0.0,0.031,5120.8,0.0,0.2
458300.0,0.06261,0.06261,0.0,0.025,4970.8,0.0,0.206
458400.0,0.06424,0.06424,0.0,0.036,5180.0,0.0,0.198
458500.0,0.06366,0.06366,0.0,0.042,5227.4,0.001,0.196
458600.0,0.06424,0.06424,0.0,0.037,5066.5,0.0,0.202
458700.0,0.06572,0.06572,0.0,0.062,2028.9,0.0,0.505
458800.0,0.0649,0.0649,0.0,0.097,5014.3,0.0,0.204
458900.0,0.06196,0.06196,0.0,0.051,5090.2,0.001,0.201
459000.0,0.0647,0.0647,0.0,0.056,2431.9,0.001,0.421
459100.0,0.0609,0.0609,0.0,0.044,5187.4,0.0,0.197
459200.0,0.06246,0.06246,0.0,0.036,5087.7,0.0,0.201
459300.0,0.06565,0.06565,0.0,0.027,5109.2,0.0,0.2
459400.0,0.0629,0.0629,0.0,0.066,5292.3,0.0,0.193
459500.0,0.06058,0.06058,0.0,0.024,5060.9,0.0,0.202
459600.0,0.06276,0.06276,0.0,0.029,4608.9,0.012,0.222
459700.0,0.06762,0.06762,0.0,0.102,5073.0,0.001,0.202
459800.0,0.0624,0.0624,0.0,0.037,5085.6,0.0,0.201
459900.0,0.05877,0.05877,0.0,0.014,5098.4,0.0,0.201
460000.0,0.06231,0.06231,0.0,0.018,5237.1,0.0,0.196
460100.0,0.06303,0.06303,0.0,0.089,5145.0,0.001,0.199
460200.0,0.06388,0.06388,0.0,0.09,5189.0,0.0,0.197
460300.0,0.06129,0.06129,0.0,0.062,5127.4,0.0,0.2
460400.0,0.06267,0.06267,0.0,0.023,5121.0,0.0,0.2
460500.0,0.06215,0.06215,0.0,0.083,5202.1,0.0,0.197
460600.0,0.0625,0.0625,0.0,0.048,5238.6,0.0,0.195
460700.0,0.0627,0.0627,0.0,0.028,5064.2,0.0,0.202
460800.0,0.06672,0.06672,0.0,0.027,5115.4,0.0,0.2
460900.0,0.06104,0.06104,0.0,0.02,5126.6,0.0,0.2
461000.0,0.06582,0.06582,0.0,0.02,5143.5,0.0,0.199
461100.0,0.06396,0.06396,0.0,0.037,5180.5,0.0,0.198
461200.0,0.06734,0.06734,0.0,0.016,5210.9,0.001,0.197
461300.0,0.06355,0.06355,0.0,0.042,5253.3,0.001,0.195
461400.0,0.06506,0.06506,0.0,0.066,5126.8,0.0,0.2
461500.0,0.06378,0.06378,0.0,0.021,5118.2,0.0,0.2
461600.0,0.06332,0.06332,0.0,0.029,5273.2,0.0,0.194
461700.0,0.06419,0.06419,0.0,0.016,5080.0,0.001,0.202
461800.0,0.06373,0.06373,0.0,0.129,2269.7,0.259,0.451
461900.0,0.06365,0.06365,0.0,0.021,4300.7,0.001,0.238
462000.0,0.06284,0.06284,0.0,0.076,5179.4,0.001,0.198
462100.0,0.06388,0.06388,0.0,0.009,2525.8,0.001,0.405
462200.0,0.06667,0.06667,0.0,0.016,4897.9,0.0,0.209
462300.0,0.06484,0.06484,0.0,0.09,5109.0,0.0,0.2
462400.0,0.06072,0.06072,0.0,0.094,5175.3,0.001,0.198
462500.0,0.07051,0.07051,0.0,0.021,3589.8,0.0,0.285
462600.0,0.05978,0.05978,0.0,0.062,4836.5,0.0,0.212
462700.0,0.0662,0.0662,0.0,0.05,3697.9,0.0,0.277
462800.0,0.06395,0.06395,0.0,0.069,5205.4,0.0,0.197
462900.0,0.06329,0.06329,0.0,0.047,5122.1,0.0,0.2
463000.0,0.06488,0.06488,0.0,0.056,5148.3,0.001,0.199
463100.0,0.06477,0.06477,0.0,0.051,3578.5,0.0,0.286
463200.0,0.06189,0.06189,0.0,0.034,4435.8,0.0,0.231
463300.0,0.06496,0.06496,0.0,0.059,5102.0,0.0,0.201
463400.0,0.06386,0.06386,0.0,0.025,5142.2,0.001,0.199
463500.0,0.06261,0.06261,0.0,0.109,1341.6,0.0,0.763
463600.0,0.06749,0.06749,0.0,0.033,5066.2,0.0,0.202
463700.0,0.06797,0.06797,0.0,0.025,5083.7,0.0,0.201
463800.0,0.06474,0.06474,0.0,0.016,1613.9,0.001,0.634
463900.0,0.06698,0.06698,0.0,0.037,4796.2,0.0,0.214
464000.0,0.06244,0.06244,0.0,0.016,5128.8,0.0,0.2
464100.0,0.06244,0.06244,0.0,0.031,5235.8,0.0,0.196
464200.0,0.06333,0.06333,0.0,0.065,5024.8,0.0,0.204
464300.0,0.06225,0.06225,0.0,0.025,5089.0,0.0,0.201
464400.0,0.06524,0.06524,0.0,0.092,4868.5,0.001,0.21
464500.0,0.06574,0.06574,0.0,0.072,5342.6,0.0,0.192
464600.0,0.06274,0.06274,0.0,0.043,1266.4,0.001,0.809
464700.0,0.06318,0.06318,0.0,0.029,5060.6,0.0,0.202
464800.0,0.06448,0.06448,0.0,0.01,5224.7,0.001,0.196
464900.0,0.0629,0.0629,0.0,0.072,4852.8,0.001,0.211
465000.0,0.06648,0.06648,0.0,0.027,5073.3,0.001,0.202
465100.0,0.06827,0.06827,0.0,0.04,5207.6,0.0,0.197
465200.0,0.06385,0.06385,0.0,0.023,1202.9,0.001,0.851
465300.0,0.06637,0.06637,0.0,0.01,4967.9,0.0,0.206
465400.0,0.06509,0.06509,0.0,0.138,5164.3,0.0,0.198
465500.0,0.05823,0.05823,0.0,0.071,5072.6,0.0,0.202
465600.0,0.05914,0.05914,0.0,0.14,5178.8,0.0,0.198
465700.0,0.06339,0.06339,0.0,0.039,5118.8,0.001,0.2
465800.0,0.06499,0.06499,0.0,0.013,5186.7,0.001,0.197
465900.0,0.06409,0.06409,0.0,0.022,5088.1,0.0,0.201
466000.0,0.0618,0.0618,0.0,0.045,5072.2,0.0,0.202
466100.0,0.06333,0.06333,0.0,0.115,5409.0,0.0,0.189
466200.0,0.06082,0.06082,0.0,0.048,5169.2,0.0,0.198
466300.0,0.06029,0.06029,0.0,0.038,5111.5,0.0,0.2
466400.0,0.06714,0.06714,0.0,0.041,5128.1,0.0,0.2
466500.0,0.06349,0.06349,0.0,0.067,5091.8,0.0,0.201
466600.0,0.06721,0.06721,0.0,0.146,5167.2,0.0,0.198
466700.0,0.06183,0.06183,0.0,0.037,5173.2,0.0,0.198
466800.0,0.06143,0.06143,0.0,0.103,5013.7,0.0,0.204
466900.0,0.06588,0.06588,0.0,0.075,5159.9,0.0,0.198
467000.0,0.06173,0.06173,0.0,0.036,5024.8,0.003,0.204
467100.0,0.06443,0.06443,0.0,0.072,5082.8,0.0,0.201
467200.0,0.06385,0.06385,0.0,0.142,5272.7,0.001,0.194
467300.0,0.06178,0.06178,0.0,0.048,5406.5,0.0,0.189
467400.0,0.06663,0.06663,0.0,0.078,5293.6,0.0,0.193
467500.0,0.06245,0.06245,0.0,0.039,5127.1,0.0,0.2
467600.0,0.0633,0.0633,0.0,0.02,5167.9,0.0,0.198
467700.0,0.06327,0.06327,0.0,0.117,5215.4,0.0,0.196
467800.0,0.06036,0.06036,0.0,0.037,5195.4,0.0,0.197
467900.0,0.05893,0.05893,0.0,0.125,1319.4,0.001,0.776
468000.0,0.06186,0.06186,0.0,0.127,5052.5,0.001,0.203
468100.0,0.05766,0.05766,0.0,0.069,5084.5,0.0,0.201
468200.0,0.07008,0.07008,0.0,0.122,5005.3,0.0,0.205
468300.0,0.0589,0.0589,0.0,0.167,5115.6,0.0,0.2
468400.0,0.06573,0.06573,0.0,0.052,5278.7,0.0,0.194
468500.0,0.06782,0.06782,0.0,0.172,978.5,0.0,1.046
468600.0,0.06496,0.06496,0.0,0.142,4928.1,0.0,0.208
468700.0,0.05925,0.05925,0.0,0.026,5218.0,0.0,0.196
468800.0,0.06169,0.06169,0.0,0.042,5406.2,0.0,0.189
468900.0,0.06347,0.06347,0.0,0.043,4962.6,0.0,0.206
469000.0,0.0633,0.0633,0.0,0.037,5162.8,0.0,0.198
469100.0,0.06576,0.06576,0.0,0.089,5339.5,0.0,0.192
469200.0,0.06489,0.06489,0.0,0.109,5083.0,0.0,0.201
469300.0,0.06504,0.06504,0.0,0.026,5468.0,0.001,0.187
469400.0,0.06404,0.06404,0.0,0.016,5109.2,0.0,0.2
469500.0,0.05972,0.05972,0.0,0.055,1181.1,0.0,0.867
469600.0,0.06114,0.06114,0.0,0.041,5082.7,0.0,0.201
469700.0,0.06623,0.06623,0.0,0.035,5117.2,0.001,0.2
469800.0,0.06332,0.06332,0.0,0.114,5087.7,0.001,0.201
469900.0,0.0651,0.0651,0.0,0.105,5111.0,0.0,0.2
470000.0,0.06584,0.06584,0.0,0.007,5266.1,0.0,0.194
470100.0,0.0654,0.0654,0.0,0.142,1684.6,0.0,0.608
470200.0,0.06457,0.06457,0.0,0.029,5084.7,0.0,0.201
470300.0,0.06605,0.06605,0.0,0.159,5224.1,0.0,0.196
470400.0,0.06131,0.06131,0.0,0.007,5151.5,0.001,0.199
470500.0,0.0619,0.0619,0.0,0.071,5084.4,0.0,0.201
470600.0,0.06246,0.06246,0.0,0.201,4955.6,0.0,0.207
470700.0,0.06662,0.06662,0.0,0.087,5085.0,0.0,0.201
470800.0,0.06392,0.06392,0.0,0.065,5101.2,0.0,0.201
470900.0,0.06179,0.06179,0.0,0.045,5031.0,0.0,0.204
471000.0,0.06497,0.06497,0.0,0.169,5147.4,0.0,0.199
471100.0,0.06534,0.06534,0.0,0.042,5115.6,0.0,0.2
471200.0,0.06143,0.06143,0.0,0.173,5232.0,0.0,0.196
471300.0,0.06499,0.06499,0.0,0.129,5161.9,0.0,0.198
471400.0,0.06355,0.06355,0.0,0.032,5138.6,0.001,0.199
471500.0,0.06615,0.06615,0.0,0.043,4942.6,0.0,0.207
471600.0,0.05973,0.05973,0.0,0.057,5389.0,0.0,0.19
471700.0,0.06496,0.06496,0.0,0.123,2008.3,0.0,0.51
471800.0,0.06808,0.06808,0.0,0.032,5127.6,0.0,0.2
471900.0,0.06621,0.06621,0.0,0.025,5319.1,0.0,0.193
472000.0,0.06401,0.06401,0.0,0.054,1782.0,0.001,0.575
472100.0,0.06156,0.06156,0.0,0.03,5009.7,0.001,0.204
472200.0,0.06372,0.06372,0.0,0.153,5233.1,0.0,0.196
472300.0,0.06373,0.06373,0.0,0.015,1526.2,0.0,0.671
472400.0,0.06478,0.06478,0.0,0.023,5007.1,0.0,0.205
472500.0,0.06301,0.06301,0.0,0.044,5171.5,0.0,0.198
472600.0,0.06154,0.06154,0.0,0.073,1491.2,0.0,0.687
472700.0,0.0647,0.0647,0.0,0.007,4825.0,0.0,0.212
472800.0,0.06248,0.06248,0.0,0.066,5337.4,0.0,0.192
472900.0,0.06459,0.06459,0.0,0.086,5031.4,0.0,0.204
473000.0,0.06773,0.06773,0.0,0.066,5220.9,0.001,0.196
473100.0,0.06476,0.06476,0.0,0.016,5031.2,0.001,0.204
473200.0,0.06618,0.06618,0.0,0.029,5168.9,0.0,0.198
473300.0,0.06936,0.06936,0.0,0.033,5086.3,0.0,0.201
473400.0,0.06585,0.06585,0.0,0.147,2023.4,0.0,0.506
473500.0,0.06323,0.06323,0.0,0.071,5166.9,0.0,0.198
473600.0,0.06024,0.06024,0.0,0.02,5316.8,0.0,0.193
473700.0,0.0652,0.0652,0.0,0.079,2327.9,0.0,0.44
473800.0,0.06459,0.06459,0.0,0.021,5124.9,0.0,0.2
473900.0,0.06273,0.06273,0.0,0.097,5259.1,0.0,0.195
474000.0,0.06168,0.06168,0.0,0.087,1464.9,0.0,0.699
474100.0,0.06625,0.06625,0.0,0.05,5192.8,0.0,0.197
474200.0,0.05953,0.05953,0.0,0.029,4014.1,0.0,0.255
474300.0,0.06708,0.06708,0.0,0.042,5302.3,0.001,0.193
474400.0,0.06325,0.06325,0.0,0.031,5427.5,0.0,0.189
474500.0,0.06609,0.06609,0.0,0.009,5051.7,0.0,0.203
474600.0,0.06083,0.06083,0.0,0.084,5125.9,0.0,0.2
474700.0,0.06188,0.06188,0.0,0.1,5426.5,0.0,0.189
474800.0,0.06005,0.06005,0.0,0.059,4898.6,0.0,0.209
474900.0,0.06549,0.06549,0.0,0.024,5251.6,0.0,0.195
475000.0,0.06018,0.06018,0.0,0.014,5076.9,0.0,0.202
475100.0,0.06345,0.06345,0.0,0.058,5167.9,0.001,0.198
475200.0,0.06165,0.06165,0.0,0.065,4754.8,0.0,0.215
475300.0,0.06565,0.06565,0.0,0.077,5248.9,0.0,0.195
475400.0,0.06614,0.06614,0.0,0.049,4989.7,0.0,0.205
475500.0,0.0619,0.0619,0.0,0.057,5406.4,0.0,0.189
475600.0,0.06116,0.06116,0.0,0.029,4805.0,0.001,0.213
475700.0,0.06381,0.06381,0.0,0.025,5221.1,0.0,0.196
475800.0,0.06259,0.06259,0.0,0.04,5123.5,0.0,0.2
475900.0,0.06202,0.06202,0.0,0.032,5313.1,0.0,0.193
476000.0,0.0604,0.0604,0.0,0.029,5134.9,0.0,0.199
476100.0,0.06334,0.06334,0.0,0.062,5136.9,0.0,0.199
476200.0,0.06535,0.06535,0.0,0.02,5130.8,0.0,0.2
476300.0,0.06171,0.06171,0.0,0.042,5050.7,0.001,0.203
476400.0,0.06349,0.06349,0.0,0.043,5378.0,0.001,0.19
476500.0,0.06497,0.06497,0.0,0.026,5274.3,0.0,0.194
476600.0,0.06303,0.06303,0.0,0.019,5285.2,0.0,0.194
476700.0,0.06143,0.06143,0.0,0.058,2765.5,0.184,0.37
476800.0,0.06499,0.06499,0.0,0.035,4952.6,0.0,0.207
476900.0,0.06247,0.06247,0.0,0.031,5135.2,0.0,0.199
477000.0,0.0679,0.0679,0.0,0.031,4251.0,0.052,0.241
477100.0,0.06224,0.06224,0.0,0.08,2493.6,0.0,0.411
477200.0,0.06706,0.06706,0.0,0.123,5119.5,0.0,0.2
477300.0,0.06424,0.06424,0.0,0.047,5369.6,0.0,0.191
477400.0,0.06299,0.06299,0.0,0.08,5156.3,0.0,0.199
477500.0,0.0673,0.0673,0.0,0.085,5047.5,0.0,0.203
477600.0,0.06761,0.06761,0.0,0.066,5111.7,0.0,0.2
477700.0,0.06513,0.06513,0.0,0.038,5230.4,0.0,0.196
477800.0,0.0646,0.0646,0.0,0.15,5079.7,0.001,0.202
477900.0,0.06641,0.06641,0.0,0.02,5070.2,0.0,0.202
478000.0,0.06505,0.06505,0.0,0.07,5154.9,0.0,0.199
478100.0,0.06608,0.06608,0.0,0.029,5461.1,0.0,0.188
478200.0,0.06566,0.06566,0.0,0.029,5140.9,0.0,0.199
478300.0,0.06093,0.06093,0.0,0.065,5179.6,0.0,0.198
478400.0,0.06651,0.06651,0.0,0.019,5195.7,0.0,0.197
478500.0,0.06232,0.06232,0.0,0.026,5006.0,0.0,0.205
478600.0,0.06759,0.06759,0.0,0.058,5324.7,0.004,0.192
478700.0,0.06371,0.06371,0.0,0.057,5113.8,0.0,0.2
478800.0,0.06158,0.06158,0.0,0.084,5135.8,0.0,0.199
478900.0,0.06552,0.06552,0.0,0.009,5229.4,0.0,0.196
479000.0,0.06145,0.06145,0.0,0.107,5015.3,0.0,0.204
479100.0,0.05919,0.05919,0.0,0.04,5183.2,0.0,0.198
479200.0,0.06218,0.06218,0.0,0.048,5244.7,0.0,0.195
479300.0,0.06452,0.06452,0.0,0.021,5133.4,0.0,0.199
479400.0,0.06496,0.06496,0.0,0.055,2900.1,0.014,0.353
479500.0,0.06124,0.06124,0.0,0.047,5129.3,0.0,0.2
479600.0,0.06307,0.06307,0.0,0.011,5092.4,0.0,0.201
479700.0,0.06394,0.06394,0.0,0.1,5262.4,0.0,0.195
479800.0,0.06329,0.06329,0.0,0.031,5311.9,0.0,0.193
479900.0,0.06846,0.06846,0.0,0.058,5109.8,0.0,0.2
480000.0,0.06161,0.06161,0.0,0.083,5080.6,0.0,0.202
480100.0,0.0669,0.0669,0.0,0.028,5162.0,0.001,0.198
480200.0,0.0641,0.0641,0.0,0.052,5083.7,0.0,0.201
480300.0,0.06556,0.06556,0.0,0.091,5487.9,0.0,0.187
480400.0,0.06331,0.06331,0.0,0.108,5134.2,0.001,0.199
480500.0,0.06159,0.06159,0.0,0.095,5015.3,0.0,0.204
480600.0,0.06176,0.06176,0.0,0.112,5172.5,0.001,0.198
480700.0,0.0638,0.0638,0.0,0.182,5172.9,0.0,0.198
480800.0,0.06751,0.06751,0.0,0.022,5186.9,0.0,0.197
480900.0,0.06237,0.06237,0.0,0.055,5244.3,0.0,0.195
481000.0,0.07113,0.07113,0.0,0.024,5390.8,0.0,0.19
481100.0,0.06215,0.06215,0.0,0.011,5092.7,0.0,0.201
481200.0,0.0651,0.0651,0.0,0.075,5154.3,0.0,0.199
481300.0,0.06425,0.06425,0.0,0.153,5284.7,0.0,0.194
481400.0,0.06222,0.06222,0.0,0.034,5104.9,0.0,0.201
481500.0,0.06396,0.06396,0.0,0.064,4926.0,0.0,0.208
481600.0,0.06423,0.06423,0.0,0.03,5374.3,0.0,0.191
481700.0,0.06589,0.06589,0.0,0.032,5124.7,0.0,0.2
481800.0,0.06392,0.06392,0.0,0.062,5141.1,0.001,0.199
481900.0,0.06138,0.06138,0.0,0.039,1452.5,0.0,0.705
482000.0,0.06041,0.06041,0.0,0.055,5143.5,0.0,0.199
482100.0,0.06403,0.06403,0.0,0.015,5151.8,0.0,0.199
482200.0,0.06357,0.06357,0.0,0.022,2578.5,0.0,0.397
482300.0,0.06304,0.06304,0.0,0.049,5425.1,0.0,0.189
482400.0,0.06192,0.06192,0.0,0.037,5288.8,0.0,0.194
482500.0,0.06472,0.06472,0.0,0.039,1949.8,0.0,0.525
482600.0,0.0617,0.0617,0.0,0.038,5370.1,0.0,0.191
482700.0,0.06426,0.06426,0.0,0.057,5230.5,0.0,0.196
482800.0,0.05961,0.05961,0.0,0.083,1253.7,0.0,0.817
482900.0,0.06474,0.06474,0.0,0.018,1627.4,0.0,0.629
483000.0,0.06001,0.06001,0.0,0.049,5004.1,0.0,0.205
483100.0,0.06984,0.06984,0.0,0.048,5150.2,0.0,0.199
483200.0,0.06276,0.06276,0.0,0.02,5112.9,0.0,0.2
483300.0,0.05976,0.05976,0.0,0.011,4826.5,0.0,0.212
483400.0,0.06067,0.06067,0.0,0.095,5126.7,0.0,0.2
483500.0,0.06507,0.06507,0.0,0.044,939.0,0.0,1.091
483600.0,0.05949,0.05949,0.0,0.061,4771.8,0.0,0.215
483700.0,0.0601,0.0601,0.0,0.079,5215.1,0.0,0.196
483800.0,0.06585,0.06585,0.0,0.086,5176.6,0.0,0.198
483900.0,0.06589,0.06589,0.0,0.058,5108.0,0.0,0.2
484000.0,0.06178,0.06178,0.0,0.033,5302.7,0.0,0.193
484100.0,0.06887,0.06887,0.0,0.04,5331.8,0.0,0.192
484200.0,0.06838,0.06838,0.0,0.024,5366.7,0.0,0.191
484300.0,0.06663,0.06663,0.0,0.06,4976.5,0.0,0.206
484400.0,0.05882,0.05882,0.0,0.057,5176.6,0.0,0.198
484500.0,0.05894,0.05894,0.0,0.044,1721.9,0.0,0.595
484600.0,0.06624,0.06624,0.0,0.014,5194.0,0.001,0.197
484700.0,0.06399,0.06399,0.0,0.074,5147.4,0.0,0.199
484800.0,0.06649,0.06649,0.0,0.068,5182.1,0.001,0.198
484900.0,0.0637,0.0637,0.0,0.041,5122.1,0.0,0.2
485000.0,0.06547,0.06547,0.0,0.035,4916.4,0.0,0.208
485100.0,0.06733,0.06733,0.0,0.04,2327.0,0.0,0.44
485200.0,0.05946,0.05946,0.0,0.018,5318.8,0.0,0.193
485300.0,0.06354,0.06354,0.0,0.021,5085.6,0.0,0.201
485400.0,0.06458,0.06458,0.0,0.029,5157.3,0.0,0.199
485500.0,0.06436,0.06436,0.0,0.08,5124.8,0.0,0.2
485600.0,0.06371,0.06371,0.0,0.084,5099.9,0.0,0.201
485700.0,0.06061,0.06061,0.0,0.077,5162.1,0.0,0.198
485800.0,0.06273,0.06273,0.0,0.094,4904.5,0.0,0.209
485900.0,0.06448,0.06448,0.0,0.027,5306.0,0.0,0.193
486000.0,0.06003,0.06003,0.0,0.017,4977.1,0.0,0.206
486100.0,0.06644,0.06644,0.0,0.017,1423.4,0.0,0.719
486200.0,0.06527,0.06527,0.0,0.048,5029.6,0.0,0.204
486300.0,0.06803,0.06803,0.0,0.085,5148.7,0.0,0.199
486400.0,0.06635,0.06635,0.0,0.09,5190.8,0.0,0.197
486500.0,0.06375,0.06375,0.0,0.068,5450.0,0.001,0.188
486600.0,0.06077,0.06077,0.0,0.092,5011.5,0.0,0.204
486700.0,0.06579,0.06579,0.0,0.024,5030.0,0.0,0.204
486800.0,0.06355,0.06355,0.0,0.115,5241.7,0.0,0.195
486900.0,0.06463,0.06463,0.0,0.03,5136.9,0.001,0.199
487000.0,0.0652,0.0652,0.0,0.048,1683.3,0.001,0.608
487100.0,0.06165,0.06165,0.0,0.048,5360.1,0.001,0.191
487200.0,0.06209,0.06209,0.0,0.028,4993.6,0.0,0.205
487300.0,0.06507,0.06507,0.0,0.034,5351.7,0.0,0.191
487400.0,0.06772,0.06772,0.0,0.086,5155.0,0.0,0.199
487500.0,0.0627,0.0627,0.0,0.015,5103.1,0.0,0.201
487600.0,0.06407,0.06407,0.0,0.064,5109.7,0.001,0.2
487700.0,0.06446,0.06446,0.0,0.076,5081.1,0.012,0.202
487800.0,0.05847,0.05847,0.0,0.042,5167.9,0.0,0.198
487900.0,0.05968,0.05968,0.0,0.032,5092.7,0.0,0.201
488000.0,0.06573,0.06573,0.0,0.056,5051.1,0.0,0.203
488100.0,0.06538,0.06538,0.0,0.13,1410.0,0.0,0.726
488200.0,0.06251,0.06251,0.0,0.037,5184.0,0.0,0.198
488300.0,0.06143,0.06143,0.0,0.051,5533.4,0.0,0.185
488400.0,0.06399,0.06399,0.0,0.029,1888.0,0.0,0.542
488500.0,0.06555,0.06555,0.0,0.026,5036.3,0.001,0.203
488600.0,0.06062,0.06062,0.0,0.097,5519.1,0.0,0.186
488700.0,0.06405,0.06405,0.0,0.058,4784.1,0.0,0.214
488800.0,0.06042,0.06042,0.0,0.067,5119.6,0.0,0.2
488900.0,0.06268,0.06268,0.0,0.037,5425.4,0.0,0.189
489000.0,0.06188,0.06188,0.0,0.047,5066.8,0.0,0.202
489100.0,0.06292,0.06292,0.0,0.064,5051.4,0.0,0.203
489200.0,0.05879,0.05879,0.0,0.023,5130.9,0.0,0.2
489300.0,0.05946,0.05946,0.0,0.078,5462.4,0.0,0.187
489400.0,0.06224,0.06224,0.0,0.125,4858.2,0.0,0.211
489500.0,0.06869,0.06869,0.0,0.019,5103.8,0.001,0.201
489600.0,0.06782,0.06782,0.0,0.024,5179.6,0.0,0.198
489700.0,0.06198,0.06198,0.0,0.03,5162.4,0.0,0.198
489800.0,0.06368,0.06368,0.0,0.03,5361.0,0.001,0.191
489900.0,0.06554,0.06554,0.0,0.097,5478.6,0.0,0.187
490000.0,0.06666,0.06666,0.0,0.021,5083.3,0.0,0.201
490100.0,0.06587,0.06587,0.0,0.069,5416.9,0.0,0.189
490200.0,0.06379,0.06379,0.0,0.036,5104.6,0.001,0.201
490300.0,0.05998,0.05998,0.0,0.044,5349.7,0.0,0.191
490400.0,0.06397,0.06397,0.0,0.049,5330.2,0.0,0.192
490500.0,0.0632,0.0632,0.0,0.06,5116.0,0.0,0.2
490600.0,0.05929,0.05929,0.0,0.075,5330.2,0.0,0.192
490700.0,0.06488,0.06488,0.0,0.055,5175.6,0.0,0.198
490800.0,0.06298,0.06298,0.0,0.018,5050.7,0.001,0.203
490900.0,0.068,0.068,0.0,0.044,5191.1,0.0,0.197
491000.0,0.06147,0.06147,0.0,0.045,5158.3,0.0,0.199
491100.0,0.06749,0.06749,0.0,0.029,5127.1,0.0,0.2
491200.0,0.06079,0.06079,0.0,0.059,5120.3,0.0,0.2
491300.0,0.06748,0.06748,0.0,0.022,5188.3,0.0,0.197
491400.0,0.06209,0.06209,0.0,0.093,5017.3,0.0,0.204
491500.0,0.06213,0.06213,0.0,0.068,5138.2,0.001,0.199
491600.0,0.06281,0.06281,0.0,0.055,5373.3,0.0,0.191
491700.0,0.06637,0.06637,0.0,0.13,5264.0,0.0,0.195
491800.0,0.06352,0.06352,0.0,0.066,5202.7,0.0,0.197
491900.0,0.06811,0.06811,0.0,0.053,4882.3,0.0,0.21
492000.0,0.06691,0.06691,0.0,0.043,5145.7,0.0,0.199
492100.0,0.06598,0.06598,0.0,0.03,5202.9,0.0,0.197
492200.0,0.06253,0.06253,0.0,0.034,5106.5,0.001,0.201
492300.0,0.06534,0.06534,0.0,0.086,4874.8,0.0,0.21
492400.0,0.06615,0.06615,0.0,0.082,5127.0,0.0,0.2
492500.0,0.06119,0.06119,0.0,0.076,1208.5,0.661,0.847
492600.0,0.06478,0.06478,0.0,0.113,4984.5,0.0,0.205
492700.0,0.06243,0.06243,0.0,0.018,5229.5,0.0,0.196
492800.0,0.06299,0.06299,0.0,0.034,1699.9,0.405,0.602
492900.0,0.06521,0.06521,0.0,0.036,4825.0,0.0,0.212
493000.0,0.06696,0.06696,0.0,0.044,5029.4,0.0,0.204
493100.0,0.06518,0.06518,0.0,0.135,3475.6,0.001,0.295
493200.0,0.06421,0.06421,0.0,0.019,4964.6,0.0,0.206
493300.0,0.06191,0.06191,0.0,0.142,5252.2,0.0,0.195
493400.0,0.05902,0.05902,0.0,0.049,2421.9,0.0,0.423
493500.0,0.06441,0.06441,0.0,0.077,5349.0,0.001,0.191
493600.0,0.06625,0.06625,0.0,0.012,5140.1,0.0,0.199
493700.0,0.06972,0.06972,0.0,0.073,1458.0,0.004,0.702
493800.0,0.06435,0.06435,0.0,0.132,5245.9,0.0,0.195
493900.0,0.06307,0.06307,0.0,0.042,5093.3,0.0,0.201
494000.0,0.06392,0.06392,0.0,0.113,2432.1,0.0,0.421
494100.0,0.06289,0.06289,0.0,0.014,5082.1,0.0,0.201
494200.0,0.06672,0.06672,0.0,0.041,5126.0,0.0,0.2
494300.0,0.06726,0.06726,0.0,0.014,5224.4,0.0,0.196
494400.0,0.06804,0.06804,0.0,0.064,5395.0,0.001,0.19
494500.0,0.06298,0.06298,0.0,0.023,5037.4,0.0,0.203
494600.0,0.06516,0.06516,0.0,0.059,5126.9,0.0,0.2
494700.0,0.0634,0.0634,0.0,0.058,5131.7,0.0,0.2
494800.0,0.06272,0.06272,0.0,0.115,4764.6,0.0,0.215
494900.0,0.06487,0.06487,0.0,0.089,5082.3,0.0,0.201
495000.0,0.06427,0.06427,0.0,0.084,5111.4,0.0,0.2
495100.0,0.06513,0.06513,0.0,0.074,4987.1,0.0,0.205
495200.0,0.06453,0.06453,0.0,0.058,5109.6,0.0,0.2
495300.0,0.06552,0.06552,0.0,0.043,5349.4,0.0,0.191
495400.0,0.06246,0.06246,0.0,0.027,5379.3,0.0,0.19
495500.0,0.06116,0.06116,0.0,0.023,5153.7,0.0,0.199
495600.0,0.06608,0.06608,0.0,0.022,5109.5,0.001,0.2
495700.0,0.06144,0.06144,0.0,0.142,1061.5,0.001,0.965
495800.0,0.06712,0.06712,0.0,0.042,5111.2,0.0,0.2
495900.0,0.05879,0.05879,0.0,0.105,5114.5,0.0,0.2
496000.0,0.06199,0.06199,0.0,0.064,1586.6,0.0,0.645
496100.0,0.06773,0.06773,0.0,0.039,5168.2,0.0,0.198
496200.0,0.05986,0.05986,0.0,0.018,5293.4,0.0,0.193
496300.0,0.06283,0.06283,0.0,0.08,5128.6,0.0,0.2
496400.0,0.06608,0.06608,0.0,0.069,5092.2,0.0,0.201
496500.0,0.06294,0.06294,0.0,0.061,5183.5,0.0,0.198
496600.0,0.06012,0.06012,0.0,0.029,2087.2,0.021,0.491
496700.0,0.06364,0.06364,0.0,0.031,1375.0,0.56,0.745
496800.0,0.06789,0.06789,0.0,0.027,5273.0,0.001,0.194
496900.0,0.06392,0.06392,0.0,0.032,663.8,0.0,1.543
497000.0,0.0625,0.0625,0.0,0.059,5331.0,0.001,0.192
497100.0,0.06069,0.06069,0.0,0.029,5003.8,0.0,0.205
497200.0,0.06166,0.06166,0.0,0.08,5281.6,0.0,0.194
497300.0,0.06527,0.06527,0.0,0.151,3193.3,0.121,0.321
497400.0,0.06352,0.06352,0.0,0.04,5123.9,0.001,0.2
497500.0,0.06553,0.06553,0.0,0.083,5258.1,0.0,0.195
497600.0,0.06159,0.06159,0.0,0.052,5066.5,0.0,0.202
497700.0,0.06032,0.06032,0.0,0.046,5330.0,0.0,0.192
497800.0,0.06396,0.06396,0.0,0.113,5111.0,0.0,0.2
497900.0,0.06342,0.06342,0.0,0.17,5516.2,0.0,0.186
498000.0,0.06411,0.06411,0.0,0.165,5229.7,0.0,0.196
498100.0,0.06501,0.06501,0.0,0.074,5173.9,0.0,0.198
498200.0,0.06719,0.06719,0.0,0.023,1710.0,0.0,0.599
498300.0,0.06718,0.06718,0.0,0.019,5384.1,0.0,0.19
498400.0,0.06612,0.06612,0.0,0.074,5123.6,0.0,0.2
498500.0,0.06321,0.06321,0.0,0.174,5016.5,0.0,0.204
498600.0,0.06113,0.06113,0.0,0.164,5144.8,0.0,0.199
498700.0,0.06633,0.06633,0.0,0.011,4810.9,0.0,0.213
498800.0,0.06427,0.06427,0.0,0.158,5277.2,0.0,0.194
498900.0,0.06719,0.06719,0.0,0.083,5297.1,0.0,0.193
499000.0,0.06511,0.06511,0.0,0.085,4760.2,0.0,0.215
499100.0,0.06143,0.06143,0.0,0.032,5121.1,0.0,0.2
499200.0,0.06472,0.06472,0.0,0.049,5029.0,0.0,0.204
499300.0,0.06337,0.06337,0.0,0.052,5133.2,0.0,0.199
499400.0,0.0672,0.0672,0.0,0.052,5154.1,0.0,0.199
499500.0,0.06311,0.06311,0.0,0.088,5220.3,0.0,0.196
499600.0,0.06232,0.06232,0.0,0.117,5122.1,0.001,0.2
499700.0,0.06577,0.06577,0.0,0.036,5284.9,0.0,0.194
499800.0,0.06569,0.06569,0.0,0.186,5140.5,0.0,0.199
499900.0,0.0659,0.0659,0.0,0.045,5412.9,0.0,0.189
500000.0,0.06017,0.06017,0.0,0.067,5108.9,0.0,0.2
500100.0,0.06444,0.06444,0.0,0.098,5037.0,0.0,0.203
500200.0,0.06448,0.06448,0.0,0.091,5121.1,0.0,0.2
500300.0,0.06205,0.06205,0.0,0.092,5149.0,0.0,0.199
