t,dimension,total_variance,lambda_max,ER,SR,r90,r95,r99,top8_variance,top8_share,top16_variance,top16_share,top32_variance,top32_share,top64_variance,top64_share,top128_variance,top128_share
0.0,768,768.0,1.0,768.0000000000008,768.0,692,730,761,8.0,0.010416666666666666,16.0,0.020833333333333332,32.0,0.041666666666666664,64.0,0.08333333333333333,128.0,0.16666666666666663
0.1,768,624.4421383943452,2.4902231440821687,766.5988461448458,250.75750334996516,691,730,761,8.614970143816556,0.013796266481901107,15.163341351539785,0.02428302066630214,28.178177662599623,0.045125362191371934,54.140365987221315,0.08670197390335438,106.01241116802498,0.16977139217513287
0.2,768,500.96855357738093,7.360892576328675,750.3403690929123,68.05812588386453,690,729,761,13.659880575266225,0.027266942161782378,19.053365406159138,0.038033056706055515,29.51271065039849,0.058911303792723746,50.161463948885256,0.10012896735870105,91.24964467209989,0.18214645214852837
0.25,768,446.76336496465757,11.063894650513554,728.7931949650176,40.38029817501201,689,729,761,17.843563398853473,0.03993962978648671,22.77088344712365,0.05096855568926293,32.11361039124763,0.07188058133143496,50.37728742013319,0.11276056044594979,86.57756980015604,0.19378842713973424
0.3,768,397.5792455491069,15.612008296739516,693.0591033676097,25.46624610955012,687,728,760,23.134731294348995,0.058188981324709316,27.670072163858052,0.06959636971402319,36.003598963396584,0.09055703829225567,52.06329388499179,0.1309507336407509,83.7117005122247,0.21055349706851098
0.4,768,314.27421430952336,27.2435703053147,565.3393276477276,11.5357205677339,681,725,760,37.03952230106489,0.11785733800160039,41.01346162463655,0.13050215307910398,47.650842601593936,0.1516218653391125,59.84585579554099,0.19042559990811023,83.39857868839948,0.2653688240749577
0.5,768,251.05345985863028,42.255578602054214,367.3713075162956,5.941309246358907,668,718,758,55.37425359541389,0.2205675780234037,59.08353378849459,0.23534243990011086,64.45444156499053,0.2567359223062897,73.50914968053279,0.29280277484296063,90.31027920062417,0.359725292180711
0.6,768,207.91698219642757,60.64803318695806,169.87445616787954,3.42825597584488,639,704,756,78.13892517739599,0.3758179074741234,81.8802886554322,0.3938124139281542,86.41439585358634,0.4156197100434402,93.05317553996721,0.44754966408687147,104.4468020488988,0.5023485861786109
0.7,768,184.8647813229153,82.42093406002625,55.42352779797604,2.2429348008635808,563,666,748,105.33353704701122,0.5697869345000781,109.40372622544939,0.591804049654795,113.53070546738141,0.6141283626602191,118.47793337384425,0.6408896953005406,125.80814723322335,0.6805414548564885
0.75,768,180.87028468191806,94.57505185462199,29.685826868616928,1.912452397699412,480,624,740,120.59207058968126,0.666732353530359,124.93795102411285,0.6907599622781107,129.02249352122868,0.7133426795237819,133.39558678119877,0.7375207431988665,139.19812820140436,0.7696019743995034
0.8,768,181.89685723809347,107.57428122125881,16.316858183450663,1.6908953996538258,321,542,723,136.95808920425958,0.7529436807420405,141.6538464985462,0.7787591751138873,145.80337040637576,0.801571685295952,149.78342318216394,0.8234525074070154,154.3943147535979,0.8488014421904159
0.9,768,199.013209941962,136.10807467065567,6.595190877394578,1.4621704878532709,18,100,573,173.01258164914103,0.8693522490270695,178.6306494747225,0.8975818717100054,183.23239067056932,0.9207046643989372,186.9696449649262,0.9394835901569147,190.20530461002232,0.9557421070967685
1.0,768,236.21383943452105,168.02231440821686,4.795749266553774,1.405848028379315,8,26,152,213.49701438165556,0.9038294068321825,220.33413515397837,0.9327740308588288,225.8177662599621,0.9559887210696613,230.03659872213117,0.9738489466697728,233.24111680249666,0.9874151208111226
