model,t_clean,point,images,noises,dimensions,between_raw,within,between_corrected,between_raw_per_coordinate,within_per_coordinate,between_corrected_per_coordinate,ratio_raw,ratio_corrected
deco_b_velocity,0.25,workspace/b01_mlp,2048,128,196608,20061.881073098746,26207.717391144804,19857.133280980426,0.1020400038304583,0.13329934382703046,0.10099860270680962,0.7654951697501651,0.7576826697501651
deco_b_velocity,0.25,workspace/b02_mlp,2048,128,196608,15589.33655499746,17623.12562898877,15451.655886020986,0.0792914660390089,0.08963585219822577,0.07859118594371026,0.8845954391515047,0.8767829391515047
deco_b_velocity,0.25,workspace/b03_mlp,2048,128,196608,16575.53888876365,15735.155056523357,16452.607989884564,0.0843075505003034,0.08003313729107339,0.0836822916152169,1.0534080426421915,1.0455955426421915
deco_b_velocity,0.25,workspace/b04_mlp,2048,128,196608,16554.926809841934,13082.127494629443,16452.72268879014,0.08420271204550138,0.06653914130976075,0.08368287500401887,1.265461356850265,1.257648856850265
deco_b_velocity,0.25,workspace/b05_mlp,2048,128,196608,17492.181834875246,13168.95144721403,17389.299401693886,0.08896983762041853,0.06698075076911433,0.08844655050503482,1.3282896443950227,1.3204771443950227
deco_b_velocity,0.25,workspace/b06_mlp,2048,128,196608,22166.274856992677,16493.20008568413,22037.42173132327,0.11274350411474954,0.08388875369102035,0.11208812322653844,1.343964466679374,1.336151966679374
deco_b_velocity,0.25,workspace/b07_mlp,2048,128,196608,23801.472964473294,16781.85728725069,23670.36470441665,0.12106055178056485,0.08535694014104557,0.12039370068571294,1.4182859833133883,1.4104734833133885
deco_b_velocity,0.25,workspace/b08_mlp,2048,128,196608,18035.024194110472,12255.796374851067,17939.27578493195,0.09173087663833858,0.062336203892268204,0.09124387504543024,1.4715505743158723,1.4637380743158723
deco_b_velocity,0.25,workspace/b09_mlp,2048,128,196608,16629.575963835465,11632.476966607392,16538.697237533845,0.08458239727699517,0.059165837435950684,0.08412016417202679,1.4295816799442567,1.4217691799442567
deco_b_velocity,0.25,workspace/b10_mlp,2048,128,196608,13494.477157579226,8823.93045858981,13425.540200871492,0.06863646015207532,0.04488083118993027,0.06828582865840399,1.529304567948265,1.5214920679482649
deco_b_velocity,0.25,workspace/b11_mlp,2048,128,196608,16298.534367413464,7710.613451497643,16238.295199823639,0.0828986326467563,0.03921820806629254,0.0825922403962384,2.1137792044610637,2.1059667044610637
deco_b_velocity,0.25,workspace/b12_mlp,2048,128,196608,23346.686754692142,7142.600106843197,23290.88519135743,0.11874738949937003,0.036329142796036766,0.11846356807127599,3.26865376829988,3.26084126829988
deco_b_velocity,0.5,workspace/b01_mlp,2048,128,196608,47818.10964212665,8257.196327622829,47753.600295817094,0.24321548279890262,0.0419982723369488,0.24288737129627022,5.791083043788187,5.783270543788187
deco_b_velocity,0.5,workspace/b02_mlp,2048,128,196608,30720.207336119354,6069.723826898957,30672.787618721708,0.15625105456603675,0.03087221184742715,0.15600986541097875,5.061219952047541,5.053407452047542
deco_b_velocity,0.5,workspace/b03_mlp,2048,128,196608,26610.512170516708,5488.266101522837,26567.63509159856,0.1353480640183345,0.027914764920668727,0.13512997991739176,4.848619159179081,4.840806659179081
deco_b_velocity,0.5,workspace/b04_mlp,2048,128,196608,23245.3830789897,4813.640690747855,23207.776511093234,0.1182321323597702,0.02448344264092944,0.11804085546413795,4.829064853899235,4.821252353899235
deco_b_velocity,0.5,workspace/b05_mlp,2048,128,196608,22722.596072096494,5019.95554605616,22683.37766939293,0.11557310013883715,0.02553281426013265,0.11537362502742986,4.52645364358816,4.51864114358816
deco_b_velocity,0.5,workspace/b06_mlp,2048,128,196608,24094.212123299396,6139.226494068954,24046.249416314484,0.12254950013885191,0.03122572069330319,0.12230554919593549,3.924633200383888,3.9168207003838886
deco_b_velocity,0.5,workspace/b07_mlp,2048,128,196608,23590.72798909456,6387.172734550184,23540.828202105888,0.11998864740546956,0.03248684048741752,0.11973484396416162,3.6934538910283496,3.6856413910283496
deco_b_velocity,0.5,workspace/b08_mlp,2048,128,196608,19673.28351445228,5491.338799400419,19630.382430081965,0.10006349443792867,0.027930393470257664,0.09984528823894229,3.5826023913513296,3.5747898913513296
deco_b_velocity,0.5,workspace/b09_mlp,2048,128,196608,19886.231997717285,5668.284982376424,19841.94852129247,0.101146606433702,0.028830388297406126,0.10092136902512854,3.5083331306641536,3.5005206306641536
deco_b_velocity,0.5,workspace/b10_mlp,2048,128,196608,17779.58901298715,4587.499103041278,17743.74917624464,0.09043166612237118,0.02333322704590494,0.09024937528607503,3.8756604881296193,3.867847988129619
deco_b_velocity,0.5,workspace/b11_mlp,2048,128,196608,21747.53312813088,4632.11767963942,21711.344708758697,0.11061367354395996,0.023560168862098288,0.11042960972472482,4.6949440044933795,4.6871315044933795
deco_b_velocity,0.5,workspace/b12_mlp,2048,128,196608,29019.476559038954,4583.6717197602775,28983.666623728328,0.14760069050617958,0.02331375996785623,0.1474185517564307,6.331054738046697,6.323242238046697
deco_b_velocity,0.75,workspace/b01_mlp,2048,128,196608,73367.21691802464,1556.5131653692606,73355.05665892019,0.37316496235160646,0.00791683535445791,0.37310311207539976,47.13562246074502,47.12780996074501
deco_b_velocity,0.75,workspace/b02_mlp,2048,128,196608,47633.85436213177,1385.6387104375508,47623.02905970648,0.2422783119818714,0.007047722933133702,0.2422232516464563,34.3768213195272,34.3690088195272
deco_b_velocity,0.75,workspace/b03_mlp,2048,128,196608,38494.02551342993,1445.1167485700792,38482.73553883172,0.1957907384919735,0.007350243879038896,0.19573331471166852,26.63731186530028,26.629499365300276
deco_b_velocity,0.75,workspace/b04_mlp,2048,128,196608,32425.413338779923,1523.9129933503261,32413.507768519372,0.16492418080027224,0.007751022305045197,0.16486362593851406,21.2777327053906,21.269920205390598
deco_b_velocity,0.75,workspace/b05_mlp,2048,128,196608,32325.59956678439,1768.4462430613942,32311.783580510473,0.16441650170280145,0.008994782730414807,0.1643462299627201,18.279096519679822,18.271284019679825
deco_b_velocity,0.75,workspace/b06_mlp,2048,128,196608,29225.427874953148,2039.245937137655,29209.496266069258,0.1486482130684059,0.01037214120044787,0.14856718071527739,14.331487606627189,14.323675106627187
deco_b_velocity,0.75,workspace/b07_mlp,2048,128,196608,27230.260763507842,2162.584245004729,27213.365574093743,0.13850026836907878,0.010999472274804327,0.13841433499193187,12.59153756733685,12.58372506733685
deco_b_velocity,0.75,workspace/b08_mlp,2048,128,196608,22994.83014142743,2044.6067513750777,22978.856651182312,0.11695775421868605,0.010399407711665231,0.11687650884593868,11.24657840729642,11.23876590729642
deco_b_velocity,0.75,workspace/b09_mlp,2048,128,196608,23651.421973026885,2140.453440826459,23634.69968052043,0.1202973529715316,0.010886909183891088,0.12021229899353246,11.049725035782483,11.041912535782485
deco_b_velocity,0.75,workspace/b10_mlp,2048,128,196608,22064.94624982139,1791.0939875593049,22050.953328043583,0.11222812016714168,0.00910997511575981,0.11215694848654979,12.319256500821009,12.311444000821009
deco_b_velocity,0.75,workspace/b11_mlp,2048,128,196608,27095.87552115795,2096.7735238381483,27079.494478002962,0.1378167496803688,0.010664741637360373,0.1377334313863269,12.922652452973983,12.914839952973981
deco_b_velocity,0.75,workspace/b12_mlp,2048,128,196608,34827.170039930104,2155.16426292564,34810.332819126,0.17714014709437106,0.010961732294340209,0.17705450856082153,16.159868015188852,16.152055515188852
dip_b_velocity,0.25,workspace/b01_mlp,2048,128,196608,16640.69353311688,13468.56990376096,16535.470330743745,0.08463894415851277,0.06850468904500813,0.08410375127534864,1.2355204488688987,1.2277079488688984
dip_b_velocity,0.25,workspace/b02_mlp,2048,128,196608,19983.575971867675,13743.234918651899,19876.206949065705,0.1016417234897241,0.06990170755336456,0.10109561639946342,1.454066389038186,1.446253889038186
dip_b_velocity,0.25,workspace/b03_mlp,2048,128,196608,20815.90064344663,13951.09086651306,20706.907746051995,0.10587514568810337,0.07095891757463103,0.10532077914455157,1.4920625808130346,1.4842500808130343
dip_b_velocity,0.25,workspace/b04_mlp,2048,128,196608,20841.7916206968,13898.414708806093,20733.21025578425,0.10600683400826416,0.07069099278160651,0.10545456062715786,1.499580495859816,1.491767995859816
dip_b_velocity,0.25,workspace/b05_mlp,2048,128,196608,20516.998349122434,13085.41248857599,20414.768564055434,0.10435485000163998,0.06655584965299474,0.10383488242622596,1.5679290482462414,1.5601165482462414
dip_b_velocity,0.25,workspace/b06_mlp,2048,128,196608,23014.317967261704,14669.057905160598,22899.715952377635,0.11705687442658337,0.07461068677348123,0.11647397843616554,1.5689022509867678,1.5610897509867678
dip_b_velocity,0.25,workspace/b07_mlp,2048,128,196608,24647.048182622624,15618.99791786419,24525.02476138931,0.12536136974397086,0.07944233153210546,0.1247407265288763,1.578017252594203,1.570204752594203
dip_b_velocity,0.25,workspace/b08_mlp,2048,128,196608,24064.919225751404,15003.907598824702,23947.701197635586,0.1224005087572805,0.07631382038790234,0.1218043070355,1.6039101192303047,1.5960976192303047
dip_b_velocity,0.25,workspace/b09_mlp,2048,128,196608,25752.402774079143,16020.8494767279,25627.239887542204,0.1309834939274045,0.08148625425581818,0.1303468825660309,1.6074305430237907,1.5996180430237905
dip_b_velocity,0.25,workspace/b10_mlp,2048,128,196608,17233.080979925042,10674.078035675315,17149.689745271327,0.087651982523219,0.05429116839434466,0.08722783277013818,1.614479575877933,1.606667075877933
dip_b_velocity,0.25,workspace/b11_mlp,2048,128,196608,24131.829431345708,9411.125430129247,24058.30501392282,0.12274083166171117,0.04786745925969058,0.12236686713624483,2.564181044074587,2.5563685440745867
dip_b_velocity,0.25,workspace/b12_mlp,2048,128,196608,29530.652123754626,6669.957318279544,29478.543082205568,0.15020066387814648,0.03392515725850191,0.14993562358706444,4.427412457771438,4.419599957771438
dip_b_velocity,0.5,workspace/b01_mlp,2048,128,196608,36130.63102268688,3578.2837684691535,36102.67568074571,0.18376989249006592,0.0182000924096128,0.1836277042681158,10.097195572095204,10.089383072095204
dip_b_velocity,0.5,workspace/b02_mlp,2048,128,196608,31191.614461751957,4352.622184919339,31157.609600932275,0.1586487551968992,0.02213858126281402,0.15847579753078347,7.166166310005606,7.1583538100056066
dip_b_velocity,0.5,workspace/b03_mlp,2048,128,196608,31739.59957992555,8811.205131411758,31670.762039836398,0.16143595163943253,0.04481610682887654,0.16108582580483194,3.602185978711874,3.594373478711874
dip_b_velocity,0.5,workspace/b04_mlp,2048,128,196608,30394.523193724555,11210.119637891052,30306.94413405353,0.15459453935610226,0.05701761697332281,0.15414908922349818,2.71134690578937,2.70353440578937
dip_b_velocity,0.5,workspace/b05_mlp,2048,128,196608,26141.395757233415,10339.213987383426,26060.62064795698,0.1329620145529857,0.05258796176851108,0.13255117110166922,2.5283736064591396,2.5205611064591396
dip_b_velocity,0.5,workspace/b06_mlp,2048,128,196608,25197.801796074084,10281.326189119238,25117.47893522159,0.12816264748165937,0.05229352920084248,0.12775410428477776,2.450831860848944,2.443019360848944
dip_b_velocity,0.5,workspace/b07_mlp,2048,128,196608,24280.777697891557,9784.883855316413,24204.3332927719,0.12349842172186054,0.04976849291644497,0.12310960537095082,2.4814579362328457,2.4736454362328457
dip_b_velocity,0.5,workspace/b08_mlp,2048,128,196608,23600.191842260116,9131.906689774638,23528.84882124625,0.12003678305186012,0.04644727930590128,0.11967391368228276,2.584366293261209,2.576553793261209
dip_b_velocity,0.5,workspace/b09_mlp,2048,128,196608,26986.795789033764,9977.434745592136,26908.847080083826,0.13726194147254314,0.05074785738928292,0.13686547383668937,2.704782990533321,2.6969704905333214
dip_b_velocity,0.5,workspace/b10_mlp,2048,128,196608,21647.04559512784,7909.609477685033,21585.25177108343,0.11010256752079184,0.04023035419558224,0.10978826787863886,2.7368033347536964,2.7289908347536964
dip_b_velocity,0.5,workspace/b11_mlp,2048,128,196608,27104.645101604674,8309.317033173022,27039.72856228301,0.1378613540731032,0.042263371954208484,0.13753117147971095,3.2619582323547966,3.2541457323547966
dip_b_velocity,0.5,workspace/b12_mlp,2048,128,196608,27160.826570190653,7744.44435781067,27100.323098645258,0.13814710779922817,0.03939028095403376,0.13783937122927478,3.507136899085286,3.4993243990852863
dip_b_velocity,0.75,workspace/b01_mlp,2048,128,196608,49436.140122366065,572.4502740237643,49431.66785460025,0.25144521139712556,0.002911632660032981,0.25142246426696907,86.35883737967048,86.35102487967046
dip_b_velocity,0.75,workspace/b02_mlp,2048,128,196608,41786.23163738388,1161.1638185009904,41777.16004505184,0.2125357647572015,0.005905984591171216,0.212489624252583,35.98650851120043,35.97869601120043
dip_b_velocity,0.75,workspace/b03_mlp,2048,128,196608,44233.93530529577,9170.357034089897,44162.29189096694,0.2249854294092599,0.04664284787033029,0.22462103216027293,4.8235783122576885,4.8157658122576885
dip_b_velocity,0.75,workspace/b04_mlp,2048,128,196608,39107.01611966763,11569.995739500253,39016.62552795278,0.19890856994459852,0.05884804148101935,0.19844881962052807,3.3800372100531813,3.3722247100531813
dip_b_velocity,0.75,workspace/b05_mlp,2048,128,196608,27888.221943374203,8914.472219303218,27818.577629160896,0.14184683198737694,0.045341350399288015,0.14149260268738248,3.128420983015193,3.120608483015193
dip_b_velocity,0.75,workspace/b06_mlp,2048,128,196608,23497.416841993847,7679.4651634353495,23437.42102040451,0.11951404236853967,0.03905977968055903,0.1192088878397853,3.0597725677399206,3.0519600677399206
dip_b_velocity,0.75,workspace/b07_mlp,2048,128,196608,21061.90283589815,6655.001112735398,21009.910639704904,0.10712637754261346,0.03384908606331074,0.10686193155774386,3.1648233379845516,3.1570108379845516
dip_b_velocity,0.75,workspace/b08_mlp,2048,128,196608,19901.336104880542,5848.552155050742,19855.644291169207,0.10122342989542919,0.02974727455164969,0.10099102931299442,3.4027799662680582,3.394967466268058
dip_b_velocity,0.75,workspace/b09_mlp,2048,128,196608,23932.347855039134,6400.3111935907455,23882.345423839208,0.12172621589680549,0.03255366614578626,0.12147189038004154,3.739247535183121,3.731435035183121
dip_b_velocity,0.75,workspace/b10_mlp,2048,128,196608,22408.450981406408,5786.592720103089,22363.243225780603,0.11397527558088383,0.029432132568883714,0.11374533704518942,3.8724776505451377,3.8646651505451377
dip_b_velocity,0.75,workspace/b11_mlp,2048,128,196608,27832.81468843382,7180.318310465683,27776.718451633307,0.14156501611548777,0.03652098750033408,0.1412796959006414,3.8762647399441974,3.868452239944198
dip_b_velocity,0.75,workspace/b12_mlp,2048,128,196608,24846.94362038934,9462.868936804689,24773.014956820552,0.126378090517117,0.04813064034426213,0.12600206988942744,2.6257305037534806,2.6179180037534806
pixeldit_b_velocity,0.25,workspace/b01_mlp,2048,128,196608,24019.87945788878,14945.166244916058,23903.12034660037,0.12217142465153391,0.07601504641172312,0.12157755710144232,1.6072005532932558,1.5993880532932558
pixeldit_b_velocity,0.25,workspace/b02_mlp,2048,128,196608,24834.37373907448,11270.806644797442,24746.320562162,0.12631415679460897,0.05732628705239584,0.12586629517701212,2.2034246990243527,2.195612199024353
pixeldit_b_velocity,0.25,workspace/b03_mlp,2048,128,196608,32598.65888573511,11163.581108571574,32511.443408324394,0.16580535321927445,0.05678090977260119,0.165361752361676,2.9200897605075258,2.912277260507526
pixeldit_b_velocity,0.25,workspace/b04_mlp,2048,128,196608,36033.906402965134,10409.34571076898,35952.58338959975,0.18327792563357104,0.05294467015975433,0.18286429539794793,3.461687929692477,3.4538754296924767
pixeldit_b_velocity,0.25,workspace/b05_mlp,2048,128,196608,36200.112547614,10692.768774534154,36116.57529156295,0.18412329380093384,0.054386234408234424,0.18369840134461948,3.3854760456270236,3.377663545627023
pixeldit_b_velocity,0.25,workspace/b06_mlp,2048,128,196608,40496.08451928133,11302.070314355142,40407.78709495043,0.20597373717896184,0.057485302298762725,0.20552463325475276,3.5830678267720457,3.5752553267720457
pixeldit_b_velocity,0.25,workspace/b07_mlp,2048,128,196608,40948.72211255332,11781.15052819026,40856.68187405183,0.20827597103146014,0.05992203027440521,0.20780783016994134,3.4757829479022524,3.4679704479022524
pixeldit_b_velocity,0.25,workspace/b08_mlp,2048,128,196608,44227.30788135646,14579.840352409692,44113.40287860326,0.22495172058795398,0.07415690283411505,0.22437236978456246,3.0334562527666336,3.0256437527666336
pixeldit_b_velocity,0.25,workspace/b09_mlp,2048,128,196608,51397.91146179674,19879.456539173734,51242.60320758445,0.2614232964162025,0.10111214466946276,0.26063335778597235,2.585478700613062,2.577666200613062
pixeldit_b_velocity,0.25,workspace/b10_mlp,2048,128,196608,44073.46216122889,18883.046833914068,43925.93835783894,0.22416922079075566,0.09604414283200108,0.22341887592488066,2.334022816809027,2.326210316809027
pixeldit_b_velocity,0.25,workspace/b11_mlp,2048,128,196608,43718.38283999087,16885.91427606434,43586.461634709114,0.2223631939696801,0.08588620135530772,0.22169220802159176,2.5890444618661457,2.5812319618661457
pixeldit_b_velocity,0.25,workspace/b12_mlp,2048,128,196608,38522.061947028495,8008.598488993538,38459.49477133323,0.19593333916742195,0.04073383834326954,0.19561510605536514,4.810087807494725,4.802275307494725
pixeldit_b_velocity,0.5,workspace/b01_mlp,2048,128,196608,44156.26412165069,4541.459422816242,44120.783969909935,0.22459037334010157,0.023099057122885347,0.224409911956329,9.722923846860791,9.715111346860791
pixeldit_b_velocity,0.5,workspace/b02_mlp,2048,128,196608,33171.59805240883,3693.367122582327,33142.74362176366,0.16871947251591404,0.018785436617952102,0.1685727112923363,8.981397448844978,8.973584948844978
pixeldit_b_velocity,0.5,workspace/b03_mlp,2048,128,196608,38901.93830294941,3854.4536126734392,38871.825384100404,0.19786549022903144,0.019604764875658362,0.19771232800344038,10.092724472034087,10.084911972034087
pixeldit_b_velocity,0.5,workspace/b04_mlp,2048,128,196608,42328.979238778586,3850.499115195818,42298.89721444112,0.21529632181182143,0.019584651261371957,0.21514331672384193,10.993114911188842,10.98530241118884
pixeldit_b_velocity,0.5,workspace/b05_mlp,2048,128,196608,37029.416267235545,3859.2728458888223,36999.26569812704,0.18834135064308444,0.019629276763350537,0.18818799691837076,9.5949205319033,9.587108031903302
pixeldit_b_velocity,0.5,workspace/b06_mlp,2048,128,196608,38527.69393035899,4134.118377202904,38495.39613053709,0.1959619849159698,0.021027213425714644,0.19579770981108138,9.319446231345308,9.311633731345308
pixeldit_b_velocity,0.5,workspace/b07_mlp,2048,128,196608,37863.85525873562,4350.768878008392,37829.86487687618,0.1925855268286927,0.022129154856406614,0.19241264280637704,8.702796291966715,8.694983791966715
pixeldit_b_velocity,0.5,workspace/b08_mlp,2048,128,196608,39230.12342954372,5501.031907490853,39187.14661776645,0.19953472610241554,0.02797969516749498,0.19931613473391951,7.1314117222485764,7.123599222248577
pixeldit_b_velocity,0.5,workspace/b09_mlp,2048,128,196608,43645.27870418726,7424.162780486223,43587.27743246471,0.22199136710707223,0.03776124461103426,0.22169635738354854,5.878814890603577,5.871002390603577
pixeldit_b_velocity,0.5,workspace/b10_mlp,2048,128,196608,40483.957208265,7926.2811515241565,40422.03313676872,0.20591205448539732,0.040315150713725566,0.20559709237044635,5.107560082003939,5.099747582003939
pixeldit_b_velocity,0.5,workspace/b11_mlp,2048,128,196608,46830.98078321348,8201.01163599816,46766.91037980725,0.2381946857870152,0.04171250221760132,0.23786880686344017,5.710390725169797,5.702578225169797
pixeldit_b_velocity,0.5,workspace/b12_mlp,2048,128,196608,45218.32545088738,4985.996010012222,45179.37235705916,0.22999229660485523,0.025360087127747708,0.22979417092416973,9.069065711261278,9.061253211261278
pixeldit_b_velocity,0.75,workspace/b01_mlp,2048,128,196608,67061.20617668348,926.3892456367913,67053.96876070194,0.3410909331089451,0.004711859362980099,0.34105412170767185,72.38987983996536,72.38206733996536
pixeldit_b_velocity,0.75,workspace/b02_mlp,2048,128,196608,39721.92521987476,779.2754940751545,39715.8371300773,0.202036159362156,0.003963600128556084,0.20200519373615164,50.97289151510765,50.96507901510765
pixeldit_b_velocity,0.75,workspace/b03_mlp,2048,128,196608,43606.00162541218,1041.005472381281,43597.8687701592,0.2217915935537322,0.005294827638658045,0.22175022771280517,41.88835004456245,41.88053754456244
pixeldit_b_velocity,0.75,workspace/b04_mlp,2048,128,196608,50100.485810817416,1217.3415672208275,50090.9753298235,0.2548242483053457,0.0061917193970785905,0.25477587549755604,41.1556519220781,41.1478394220781
pixeldit_b_velocity,0.75,workspace/b05_mlp,2048,128,196608,38395.40416819764,1267.863584452395,38385.498983944104,0.19528912439065368,0.006448687665061416,0.19523874401827038,30.28354520078835,30.27573270078835
pixeldit_b_velocity,0.75,workspace/b06_mlp,2048,128,196608,37240.497797106706,1393.1544600158331,37229.61377788783,0.18941496682284906,0.007085950012287563,0.18935960783837805,26.73106167759996,26.723249177599964
pixeldit_b_velocity,0.75,workspace/b07_mlp,2048,128,196608,36448.72414458723,1513.877910387821,36436.896973412324,0.18538779777316908,0.007699981233662012,0.1853276416697811,24.076396051812328,24.068583551812328
pixeldit_b_velocity,0.75,workspace/b08_mlp,2048,128,196608,36157.08425813181,1928.363067642354,36142.01892166585,0.18390444060329084,0.009808161761690033,0.18382781433952763,18.750143510235343,18.742331010235343
pixeldit_b_velocity,0.75,workspace/b09_mlp,2048,128,196608,38719.2916791977,2531.481355755972,38699.514481105856,0.19693650146076302,0.012875780007710632,0.1968359094294528,15.295112322735248,15.287299822735248
pixeldit_b_velocity,0.75,workspace/b10_mlp,2048,128,196608,36662.40918345338,2817.517450972656,36640.39732836766,0.18647465608445934,0.014330634821434816,0.1863626979999169,13.012309531852901,13.004497031852901
pixeldit_b_velocity,0.75,workspace/b11_mlp,2048,128,196608,45219.68688428539,3052.8589059536976,45195.83642408263,0.22999922121320285,0.015527643361174,0.2298779114994437,14.812242647735136,14.804430147735136
pixeldit_b_velocity,0.75,workspace/b12_mlp,2048,128,196608,46605.4687463086,2081.7572906656396,46589.20501747527,0.2370476722529531,0.010588365125862831,0.23696495065040726,22.387561199032262,22.379748699032262
plain_jit_clean,0.25,workspace/b01_mlp,2048,128,196608,34734.35342720423,38652.34071659565,34432.382015355826,0.17666805738934444,0.19659597125547104,0.17513215136391105,0.8986351869834055,0.8908226869834055
plain_jit_clean,0.25,workspace/b02_mlp,2048,128,196608,35490.7760905829,41406.404472011665,35167.288555645304,0.18051542201020762,0.2106038638916609,0.178870079323554,0.8571325267948008,0.8493200267948007
plain_jit_clean,0.25,workspace/b03_mlp,2048,128,196608,20570.076342270113,19848.950409511865,20415.0064171958,0.10462481863540707,0.10095698247025485,0.10383609220985819,1.0363306833802495,1.0285181833802495
plain_jit_clean,0.25,workspace/b04_mlp,2048,128,196608,15772.43216882398,13267.639659856173,15668.778733981353,0.0802227384888915,0.0674827049756682,0.07969552985626908,1.1887896093942425,1.1809771093942425
plain_jit_clean,0.25,workspace/b05_mlp,2048,128,196608,19567.813039162902,13837.734967639868,19459.705734728217,0.09952704385967459,0.07038235965799901,0.09897718167484648,1.4140907514794194,1.4062782514794196
plain_jit_clean,0.25,workspace/b06_mlp,2048,128,196608,20860.458670165688,13393.348846895293,20755.82313229932,0.10610177953168583,0.0681220949650843,0.10556957566477111,1.5575237312661607,1.5497112312661607
plain_jit_clean,0.25,workspace/b07_mlp,2048,128,196608,22546.779571981006,13562.603739672059,22440.82173026482,0.1146788511758474,0.06898296986730987,0.11413992172375904,1.66242264426183,1.65461014426183
plain_jit_clean,0.25,workspace/b08_mlp,2048,128,196608,31284.8298347302,17944.09678642601,31144.64157858625,0.15912287310145162,0.09126839592705287,0.15840983875827153,1.7434608276520176,1.7356483276520178
plain_jit_clean,0.25,workspace/b09_mlp,2048,128,196608,28122.326750152526,15556.527709217053,28000.791377424266,0.14303755060909285,0.07912459161995979,0.1424193897370619,1.8077508860470444,1.7999383860470444
plain_jit_clean,0.25,workspace/b10_mlp,2048,128,196608,34501.47534663571,18049.93018532643,34360.460267062845,0.1754835782197861,0.09180669243024918,0.17476633843517478,1.911446470562166,1.903633970562166
plain_jit_clean,0.25,workspace/b11_mlp,2048,128,196608,29024.552230041216,13354.142328810854,28920.22299309738,0.1476265067039043,0.06792268030197578,0.1470958607640451,2.173449369894934,2.165636869894934
plain_jit_clean,0.25,workspace/b12_mlp,2048,128,196608,19890.538167266277,5095.666374098942,19850.72827371863,0.10116850874464049,0.025917899445083322,0.10096602515522578,3.9034223803130144,3.8956098803130144
plain_jit_clean,0.5,workspace/b01_mlp,2048,128,196608,64726.19414873983,9610.563987116506,64651.11161759048,0.3292144477780143,0.04888185621702324,0.3288325582763188,6.7349007025507435,6.7270882025507435
plain_jit_clean,0.5,workspace/b02_mlp,2048,128,196608,62727.98566477853,13467.14707661491,62622.77357824247,0.31905103385812644,0.06849745217191015,0.3185158975130334,4.657852573222641,4.650040073222641
plain_jit_clean,0.5,workspace/b03_mlp,2048,128,196608,35017.22734203337,7466.805070180229,34958.89292742259,0.17810682852189827,0.03797813451222854,0.17781012434602148,4.6897203037855855,4.681907803785585
plain_jit_clean,0.5,workspace/b04_mlp,2048,128,196608,25164.11149774888,5402.602890779818,25121.903662664663,0.12799128976312704,0.02747905929962066,0.12777660961234874,4.657775521627625,4.649963021627625
plain_jit_clean,0.5,workspace/b05_mlp,2048,128,196608,26037.404804030888,5693.450201385709,25992.924724332563,0.13243308921321048,0.028958385220264227,0.13220685182867717,4.573220785823986,4.565408285823986
plain_jit_clean,0.5,workspace/b06_mlp,2048,128,196608,25447.24779785652,5680.141712478304,25402.87169072778,0.1294313954562201,0.028890694745271322,0.12920568690352266,4.480037486028429,4.472224986028429
plain_jit_clean,0.5,workspace/b07_mlp,2048,128,196608,23821.364849148416,5697.1506778558205,23776.85585947767,0.1211617271380026,0.028977206816893617,0.12093534270974564,4.181276956872383,4.173464456872383
plain_jit_clean,0.5,workspace/b08_mlp,2048,128,196608,27522.366963781984,7198.583173102987,27466.128032742115,0.1399859973336893,0.0366138873957468,0.13969995133841,3.823303322606235,3.815490822606235
plain_jit_clean,0.5,workspace/b09_mlp,2048,128,196608,25060.50356497336,6674.35375101304,25008.360176293572,0.12746431256598592,0.03394751867173788,0.12719909757636297,3.7547460772767183,3.7469335772767183
plain_jit_clean,0.5,workspace/b10_mlp,2048,128,196608,33907.926541205874,8548.494191306316,33841.14143033629,0.17246463287966854,0.04347988988904986,0.17212494623991034,3.9665379401777803,3.95872544017778
plain_jit_clean,0.5,workspace/b11_mlp,2048,128,196608,34936.70647303657,7668.655425762811,34876.795102522796,0.17769727820351444,0.039004798511570286,0.1773925532151428,4.555779929251596,4.547967429251596
plain_jit_clean,0.5,workspace/b12_mlp,2048,128,196608,20525.59121474999,2917.1802694739877,20502.800743894724,0.10439855557632442,0.014837546129730162,0.1042826372471859,7.036106554515765,7.028294054515765
plain_jit_clean,0.75,workspace/b01_mlp,2048,128,196608,79432.46194391223,1395.0639136853795,79421.56300708656,0.40401439383907184,0.007095661995876971,0.403958958979729,56.938224238109115,56.93041173810911
plain_jit_clean,0.75,workspace/b02_mlp,2048,128,196608,78893.91299241305,2939.040868348771,78870.95173562907,0.40127519222215297,0.014948734885400243,0.40115840523086077,26.843421553623273,26.835609053623273
plain_jit_clean,0.75,workspace/b03_mlp,2048,128,196608,51574.96698453117,2073.885148132451,51558.76475681139,0.26232384737412096,0.010548325338401545,0.2622414385824147,24.86876721740103,24.86095471740103
plain_jit_clean,0.75,workspace/b04_mlp,2048,128,196608,39547.472336571445,1970.1895160850354,39532.08023097703,0.20114884611293257,0.010020902079696836,0.20107055781543492,20.07292801717687,20.065115517176867
plain_jit_clean,0.75,workspace/b05_mlp,2048,128,196608,37842.263547951865,2135.582532210008,37825.57930941897,0.19247570570857678,0.010862134461517375,0.19239084528309616,17.719878757760203,17.7120662577602
plain_jit_clean,0.75,workspace/b06_mlp,2048,128,196608,35803.44235244077,2296.515883583857,35785.50082210027,0.1821057248557575,0.01168068381542896,0.18201446951344946,15.590330817380305,15.582518317380307
plain_jit_clean,0.75,workspace/b07_mlp,2048,128,196608,29906.89947493186,2302.4300242766585,29888.9117403672,0.15211435686712574,0.011710764690534762,0.15202286651798094,12.989276181945005,12.981463681945005
plain_jit_clean,0.75,workspace/b08_mlp,2048,128,196608,29708.734828496752,2761.250430892769,29687.162559505403,0.15110643935392634,0.014044445957909999,0.1509967171198802,10.759159870512471,10.751347370512471
plain_jit_clean,0.75,workspace/b09_mlp,2048,128,196608,24425.58967009729,2488.791385794345,24406.145987395772,0.12423497350106451,0.012658647592134323,0.12413607781675096,9.814237468642396,9.806424968642395
plain_jit_clean,0.75,workspace/b10_mlp,2048,128,196608,30567.4069550465,3184.641710848927,30542.52694168049,0.15547387163821666,0.016197925368494296,0.1553473253462753,9.598381774286997,9.590569274286997
plain_jit_clean,0.75,workspace/b11_mlp,2048,128,196608,33828.70965335412,3049.3829939739794,33804.8863487137,0.17206171495236267,0.015509963958607887,0.17194054335893605,11.093624421794352,11.085811921794352
plain_jit_clean,0.75,workspace/b12_mlp,2048,128,196608,17268.67182795763,1090.421847485919,17260.152907274147,0.08783300693744726,0.005546172319976395,0.08778967746619744,15.83668913803621,15.82887663803621
plain_jit_velocity,0.25,workspace/b01_mlp,2048,128,196608,32070.03248723745,150956.24137547737,30890.686851491533,0.1631166203167595,0.7678031482720814,0.15711815822088385,0.21244588627156413,0.20463338627156413
plain_jit_velocity,0.25,workspace/b02_mlp,2048,128,196608,9529.749713986323,30680.06260886305,9290.06172485458,0.04847081356804567,0.15604686792431158,0.04725169741238699,0.31061702303154065,0.30280452303154065
plain_jit_velocity,0.25,workspace/b03_mlp,2048,128,196608,11279.600929937875,52408.09008043367,10870.162726184486,0.05737101709970029,0.26656133056861203,0.055288506704633006,0.21522633075592779,0.20741383075592776
plain_jit_velocity,0.25,workspace/b04_mlp,2048,128,196608,17724.546461344,20865.2153694938,17561.536966269832,0.09015170522737631,0.10612597335557962,0.08932259606053584,0.8494782415358317,0.8416657415358317
plain_jit_velocity,0.25,workspace/b05_mlp,2048,128,196608,17337.11404054572,12815.940141214274,17236.989508192484,0.08818112203239807,0.06518524241747169,0.08767186232601158,1.352777388901184,1.3449648889011843
plain_jit_velocity,0.25,workspace/b06_mlp,2048,128,196608,19835.639272728185,13112.709484446665,19733.196229880945,0.10088927852746676,0.0666946893536716,0.1003682262668912,1.5127033277337356,1.5048908277337354
plain_jit_velocity,0.25,workspace/b07_mlp,2048,128,196608,22499.491267041074,13840.804826951784,22391.359979330515,0.11443833041911354,0.07039797376989636,0.11388834624903622,1.6255912534239692,1.6177787534239694
plain_jit_velocity,0.25,workspace/b08_mlp,2048,128,196608,18513.237746800576,11130.908406714732,18426.277524873116,0.09416319654744759,0.05661472781735602,0.0937208939863745,1.6632279298635182,1.6554154298635182
plain_jit_velocity,0.25,workspace/b09_mlp,2048,128,196608,17166.079148377707,9452.279821323684,17092.233212273615,0.08731119358509169,0.04807678131776776,0.08693559373104663,1.8160781814406541,1.8082656814406541
plain_jit_velocity,0.25,workspace/b10_mlp,2048,128,196608,14261.93946800107,8640.120878018895,14194.438523641547,0.07253997532145727,0.04394592731739754,0.07219664776429009,1.6506643447876401,1.6428518447876401
plain_jit_velocity,0.25,workspace/b11_mlp,2048,128,196608,8828.547329153604,9188.381858004193,8756.763095887945,0.04490431380795087,0.0467345268656626,0.044539200316812876,0.9608380959333845,0.9530255959333845
plain_jit_velocity,0.25,workspace/b12_mlp,2048,128,196608,15034.650039741617,15799.30527544756,14911.217967277182,0.07647018452830819,0.08035942217736593,0.07584237654254751,0.9516019709490497,0.9437894709490496
plain_jit_velocity,0.5,workspace/b01_mlp,2048,128,196608,58612.926916642326,112439.28886783228,57734.49497236239,0.29812076271892457,0.5718957970572524,0.2936528268044148,0.5212851086735295,0.5134726086735295
plain_jit_velocity,0.5,workspace/b02_mlp,2048,128,196608,15660.084015145185,25713.80020526776,15459.19495104153,0.07965130622937615,0.13078715110914998,0.07862953161133591,0.6090147660063503,0.6012022660063503
plain_jit_velocity,0.5,workspace/b03_mlp,2048,128,196608,22480.902975794288,40423.48877140644,22165.094469767675,0.11434378548072453,0.20560449611107603,0.11273750035485675,0.5561346548518632,0.5483221548518632
plain_jit_velocity,0.5,workspace/b04_mlp,2048,128,196608,31280.67542131146,19082.40102371777,31131.594163313664,0.1591017426621066,0.09705811067564785,0.15834347617245312,1.6392421154147367,1.6314296154147367
plain_jit_velocity,0.5,workspace/b05_mlp,2048,128,196608,30208.248032731673,11863.051729715617,30115.56794109327,0.1536470948930444,0.060338601327085455,0.15317569957017654,2.546414592213519,2.538602092213519
plain_jit_velocity,0.5,workspace/b06_mlp,2048,128,196608,31122.662852341913,11665.539273576362,31031.525826767098,0.15829804917572995,0.059334001025270394,0.15783450229272003,2.667914626359188,2.660102126359188
plain_jit_velocity,0.5,workspace/b07_mlp,2048,128,196608,35640.55078545123,11969.737309190848,35547.03721272318,0.18127721550217302,0.0608812322448265,0.18080158087526033,2.9775549675668302,2.9697424675668302
plain_jit_velocity,0.5,workspace/b08_mlp,2048,128,196608,28501.670335186787,9603.442229067536,28426.643442772198,0.14496699185784295,0.04884563308241544,0.14458538534938659,2.9678598210252587,2.9600473210252587
plain_jit_velocity,0.5,workspace/b09_mlp,2048,128,196608,25572.713672362443,8220.665489667981,25508.48972322441,0.13006954789409608,0.041812466886739,0.12974288799654343,3.110783878081783,3.102971378081783
plain_jit_velocity,0.5,workspace/b10_mlp,2048,128,196608,23015.47526702854,7761.682121031755,22954.83712545798,0.11706276075759146,0.03947795675166705,0.11675433922046906,2.9652689852710834,2.9574564852710834
plain_jit_velocity,0.5,workspace/b11_mlp,2048,128,196608,15582.261018349434,9029.653334427758,15511.716851674217,0.07925547799860348,0.04592719184584431,0.07889667181230782,1.7256765504981526,1.7178640504981526
plain_jit_velocity,0.5,workspace/b12_mlp,2048,128,196608,27699.541540768256,16742.73688976896,27568.738908816937,0.14088715383284636,0.08515796350997396,0.14022185724292469,1.654421360326979,1.646608860326979
plain_jit_velocity,0.75,workspace/b01_mlp,2048,128,196608,108929.58362170667,46496.002687064945,108566.33360071397,0.5540445130498589,0.23649089908378573,0.5521969279007669,2.3427730842765664,2.3349605842765664
plain_jit_velocity,0.75,workspace/b02_mlp,2048,128,196608,30461.565340399782,14171.038772055806,30350.854099993096,0.15493553334757376,0.07207763047310285,0.15437242685950264,2.149564744714949,2.1417522447149486
plain_jit_velocity,0.75,workspace/b03_mlp,2048,128,196608,36619.430771012005,21203.611364240733,36453.777557228874,0.18625605657456465,0.10784714439005906,0.1854135007590173,1.7270374438558895,1.7192249438558895
plain_jit_velocity,0.75,workspace/b04_mlp,2048,128,196608,47077.79895843965,12557.56799145529,46979.692958506406,0.2394500679445376,0.06387109370653936,0.23895107502495527,3.7489583166480496,3.7411458166480496
plain_jit_velocity,0.75,workspace/b05_mlp,2048,128,196608,43354.36371979205,8249.05810471016,43289.917953349,0.22051169697973658,0.04195687919469279,0.22018390886102804,5.255674426033801,5.247861926033801
plain_jit_velocity,0.75,workspace/b06_mlp,2048,128,196608,42065.723109941886,8016.501201464345,42003.09419430544,0.21395733189871158,0.04077403361747409,0.21363878476107503,5.2473918549725775,5.239579354972577
plain_jit_velocity,0.75,workspace/b07_mlp,2048,128,196608,47691.120869066144,7906.127498915938,47629.35424798086,0.242569584498424,0.04021264393572967,0.2422554232176761,6.03217199262286,6.024359492622859
plain_jit_velocity,0.75,workspace/b08_mlp,2048,128,196608,37509.39983231552,6588.187708512991,37457.92961584276,0.19078267330075846,0.03350925551611832,0.19052088224203878,5.693432168583688,5.685619668583688
plain_jit_velocity,0.75,workspace/b09_mlp,2048,128,196608,32348.36557772555,5776.073066599968,32303.240006892738,0.1645322956223834,0.029378626844278808,0.16430277510016245,5.600407959653308,5.592595459653308
plain_jit_velocity,0.75,workspace/b10_mlp,2048,128,196608,30175.515992104447,5646.4372042099485,30131.403201446556,0.15348061112520572,0.028719264751230614,0.15325624186933673,5.344169234646897,5.336356734646897
plain_jit_velocity,0.75,workspace/b11_mlp,2048,128,196608,21520.882673068674,7035.100029558852,21465.920954087745,0.10946086971572201,0.03578236912820868,0.10918131995690789,3.059072732817728,3.051260232817728
plain_jit_velocity,0.75,workspace/b12_mlp,2048,128,196608,40966.2828024828,15086.916891085815,40848.41626427119,0.2083652893192688,0.07673602748151558,0.20776578910456944,2.7153515259759895,2.7075390259759895
